case_id	date	place_lpa	outcome	verdict	reason	para	quote
APP-P0119-C-26-3378286	2026-08-17	Land at Northwick Road, Pilning / South Gloucestershire	part-allowed	differs-2024	2024 GB paras 154/155 (grey belt) operative; no 2026 reference	¶10	Those exceptions are in paragraphs 154 and 155 of the Framework
PINS-6003318	2026-08-17	Robinia, 18 Blyth Hall, Blyth / Bassetlaw	dismissed	differs-2024	2024 ¶¶212/215 heritage balance, less than substantial	¶31	In accordance with paragraph 215 of the Framework, this harm should be weighed
PINS-6003400	2026-08-17	Blackett Street (outside No 42), Newcastle upon Tyne / Newcastle upon Tyne	allowed	not-cited	advertisement decided on development plan; Framework cited only generically		
PINS-6003486	2026-08-17	Robinia, 18 Blyth Hall, Blyth (disputed conditions on outbui / Bassetlaw	dismissed	differs-2024	2024 ¶¶212/215 heritage balance (joined with 6003318)	¶31	In accordance with paragraph 215 of the Framework, this harm should be weighed
PINS-6003588	2026-08-17	The Barn, Bull Lane, Tiptree / Colchester	allowed	differs-2024	2024 ¶58/¶55 obligation and conditions tests only (ancillary) [not consulted]	¶36	would meet all the requirements of paragraph 58 of the Framework
PINS-6004592	2026-08-17	14 St Catherines Road, Hayling Island (backland bungalow, ou / Havant	dismissed	differs-2024	11(d) tilted balance engaged (1.3 yrs supply)	¶26	paragraph 11(d) of the Framework is engaged
PINS-6005194	2026-08-17	35 Denmark Road, Poole (9 flats, outline) / Bournemouth Christchurch and Poole	dismissed	differs-2024	11(d)(i) and 2024 ¶215; less than substantial	¶43	paragraph 11(d) of the Framework is engaged
PINS-6005682	2026-08-17	Unit 9 Latimer Industrial Estate, Latimer Road (7 flats) / Kensington and Chelsea	allowed	differs-2024	2024 ¶125(c) brownfield wording operative, decided on publication day with no 2026 reference; allowed (plan-led)	¶56	In the context of paragraph 125 of the Framework, substantial weight should be given to the value of using suitable brownfield land within settlements for homes and other identified needs
PINS-6005788	2026-08-17	Heyrod Fold, John Street, Stalybridge (one dwelling) / Tameside	dismissed	differs-2024	2024 ¶¶212/215 heritage balance	¶13	In accordance with Paragraph 215 of the Framework, the harm should be weighed
PINS-6005849	2026-08-17	17 Allesley Old Road, Chapel Fields, Coventry / Coventry	dismissed	not-cited	s78 decided on development plan; Framework cited only generically		
PINS-6005881	2026-08-17	Land rear of 49-51 Cheapside, Luton / Luton	dismissed	differs-2024	11(d)(i) heritage strong reason; great weight/less than substantial	¶31	Paragraph 11 d) ii) of the Framework is therefore not engaged
PINS-6006409	2026-08-17	1 Blewitts Cottages, New Road, Rainham / Havering	dismissed	not-cited	s78 decided on development plan; Framework cited only generically		
PINS-6006617	2026-08-17	Springbank, Beech Avenue, Exeter / Exeter	dismissed	differs-2024	11(d)-formula conclusion, no 2026 reference [not consulted]	¶35	would significantly and demonstrably outweigh the modest benefits
PINS-6006636	2026-08-17	42 Prince Drive, Oadby / Oadby and Wigston	dismissed	not-cited	s78 decided on development plan; no Framework reference		
PINS-6006868	2026-08-17	The Grange, Church Street, Hartfield / Wealden	dismissed	differs-2024	2024 ¶¶212/215 heritage balance	¶13	Paragraph 212 of the National Planning Policy Framework (the Framework) advises that great weight
PINS-6006948	2026-08-17	Pavement outside the Odeon, James Street West, Bath (BT Stre / Bath and North East Somerset	dismissed	differs-2024	great weight/less than substantial heritage test (2024)	¶16	great weight should be given to the asset’s conservation
PINS-6006986	2026-08-17	26 Bendemeer Road, Putney / Wandsworth	dismissed	differs-2024	11(d)-formula conclusion, no 2026 reference	¶16	the benefits of the scheme are significantly and demonstrably outweighed
PINS-6007154	2026-08-17	7 Betjeman Close, Harpenden (enlarged replacement dwelling) / St Albans	dismissed	differs-2024	cites NPPF (2024) ¶135 as the Framework	¶8	paragraph 135 of the National Planning Policy Framework (2024)
PINS-6007179	2026-08-17	Land opposite Camel Valley Cottages, Dunmere Road, Bodmin / Cornwall	dismissed	differs-2024	11(d)(ii) tilted balance	¶16	the proposal needs to be considered against Paragraph 11 d)ii of the Framework
PINS-6007316	2026-08-17	Hilsden Farm, Radcliffe / Bury	dismissed	differs-2024	2024 GB ¶¶154(g)/155 grey belt tests	¶14	the proposal would not satisfy the exception under paragraph 154g) of the Framework
PINS-6007475	2026-08-17	27 Anson Road, Islington (7 flats to one house) / Islington	dismissed	not-cited	s78 decided on development plan; no Framework reference		
PINS-6007771	2026-08-17	Church View, Wilsthorpe Road, Braceborough / South Kesteven	dismissed	differs-2024	11(d) of NPPF (2024) plus ¶¶212/215	¶17	Paragraph 11(d) of the National Planning Policy Framework ('the Framework') (2024)
PINS-6008050	2026-08-17	99 Allington Road, Newick / Lewes	dismissed	not-cited	s78 decided on development plan; no Framework reference		
PINS-6008286	2026-08-17	203 Almners Road, Lyne / Runnymede	dismissed	differs-2024	2024 GB ¶154 c) extension test	¶3	Paragraph 154 c) of the Framework concerns the extension or alteration of a building
PINS-6008290	2026-08-17	19 Loughborough Road, Burton on the Wolds / Charnwood	allowed	differs-2024	17 Aug; regard to 2024 chapter 16 (heritage is ch.20 in 2026)	¶16	National Planning Policy Framework, chapter 16 on conserving and enhancing the historic environment
PINS-6008540	2026-08-17	Tzigane, Freeston Avenue, St Georges, Telford / Telford and Wrekin	allowed	differs-2024	coded not-cited; 2024 ¶56 conditions (ancillary)	¶15	Paragraph 56 of the National Planning Policy Framework (the Framework) advises
PINS-6008668	2026-08-17	Stables west of Green Street, Shenley / Hertsmere	allowed	differs-2024	NPPF 2024 ¶154(g) and 11(d); allowed [not consulted]	¶11	paragraph 154 (g) of the National Planning Policy Framework 2024
PINS-6008872	2026-08-17	62 Birkbeck Road, Romford / Havering	allowed	not-cited	Framework cited only generically; version not identifiable		
PINS-6009059	2026-08-17	Flat 2, Berther Road, Hornchurch / Havering	dismissed	differs-2024	coded not-cited, but operative conclusion is 11(d) formula	¶23	would significantly and demonstrably outweigh the benefits
PINS-6009085	2026-08-17	Dovecot Avenue / Pilch Lane, Liverpool (20 m streetworks pol / Liverpool	dismissed	differs-2024	2024 ¶119 telecoms (only Framework ref)	¶25	Paragraph 119 of the Framework advises that advanced, high quality and reliable communications
PINS-6009126	2026-08-17	6 Grenadier Drive, West Derby, Liverpool (C3 to C2 children' / Liverpool	dismissed	differs-2024	2024 ¶¶96/135 (only Framework refs)	¶11	I have had regard to paragraphs 96 and 135 of the National Planning Policy Framework
PINS-6009184	2026-08-17	Peterstone Lodge, Burnham Road, Burnham Overy Town / King's Lynn and West Norfolk	dismissed	not-cited	s78 decided on development plan; Framework cited only generically		
PINS-6009207	2026-08-17	46 The Beck, Elford, Tamworth (new dwelling in side garden) / Lichfield	dismissed	correct	applies 2026 Framework (switch acknowledged; no version-specific test) [not consulted]		
PINS-6009542	2026-08-17	Redundant Barn, Kings Hill, Brassington / Derbyshire Dales	dismissed	differs-2024	2024 ¶¶212/216 heritage; less than substantial	¶22	Paragraph 212 of the Framework advises that when considering the impact
PINS-6009653	2026-08-17	150 Barnhorn Road, Bexhill / Rother	dismissed	differs-2024	11(d) tilted balance	¶31	paragraph 11 d) of the Framework, which is a material consideration of significant weight, is engaged
PINS-6009745	2026-08-17	Pine Lodge, Chilworth Drove, Chilworth / Test Valley	dismissed	differs-2024	11(d)(ii) under NPPF 2024 (2.54 yrs)	¶45	Paragraph 11 d) of the Framework states that where the policies that are most important are out of date
PINS-6009771	2026-08-17	88 Eastern Road, Romford / Havering	allowed	differs-2024	11(d)-formula conclusion; allowed; no 2026 reference	¶21	I conclude that the harm would not significantly and demonstrably outweigh the benefits
PINS-6009775	2026-08-17	Footpath outside 297 Pentonville Road, King's Cross (BT Stre / Camden	dismissed	differs-2024	advert appeal applying 2024 ¶¶212/215	¶14	Paragraph 215 of the National Planning Policy Framework (the Framework) states
PINS-6010059	2026-08-17	Euston Road outside the Standard Hotel, Camden (BT Street Hu / Camden	dismissed	differs-2024	advert appeal applying 2024 ¶¶212/215	¶15	Paragraph 215 of the National Planning Policy Framework (the Framework) states
PINS-6010107	2026-08-17	4 Lloyd Road, Dagenham (dwelling to C4 HMO) / Barking and Dagenham	dismissed	not-cited	s78 decided on development plan; no Framework reference		
PINS-6010301	2026-08-17	Land east of Hockerton Road, Upton / Newark and Sherwood	dismissed	differs-2024	11(d) engaged; less than substantial	¶26	Consequently, Framework paragraph 11d) is engaged
PINS-6010426	2026-08-17	Wharfedale Cottage, Wath Lane, Ulleskelf (PiP 1 dwelling) / North Yorkshire	dismissed	differs-2024	11(d)(ii) tilted balance	¶18	paragraph 11d) ii applies
PINS-6010623	2026-08-17	197 Alderson Road, Liverpool (house to two flats) / Liverpool	allowed	differs-2024	2024 ¶58 obligation tests only (ancillary); allowed	¶20	passes the three tests set out in Paragraph 58 of the National Planning Policy Framework
PINS-6010851	2026-08-17	12 Belfairs Drive, Chadwell Heath / Redbridge	allowed	differs-2024	11(d) tilted balance on 5YHLS shortfall; allowed	¶15	it would not significantly and demonstrably outweigh the benefits
PINS-6010859	2026-08-17	Giles House Farm, Bromsgrove Road, Stourbridge / Bromsgrove	allowed	differs-2024	17 Aug; GB exceptions and VSC by 2024 structure, no 2026 reference; allowed [not consulted]	¶4	The Framework states that the construction of new buildings is inappropriate development
PINS-6010972	2026-08-17	101 Dalston Lane, Hackney / Hackney	allowed	not-cited	s78 decided on development plan; Framework cited only generically		
PINS-6011206	2026-08-17	Banbh Farm, Breinton Common / Herefordshire	dismissed	not-cited	s78 decided on development plan; no Framework reference		
PINS-6002759	2026-08-18	Land south of Westwood Heath Road, Burton Green / Warwick	allowed	differs-2024	11(d) tilted balance; 140 homes allowed day after switch	¶28	the application of Framework Paragraph 11d indicates that permission should be granted
PINS-6005664	2026-08-18	Land West of Spratts Farm, Queenborough Road, Southminster / Maldon	allowed	correct	applies 2026 Framework; SDO used only as surplus old test (¶59); S3/S5 applied		
PINS-6008539	2026-08-18	Land adjacent to Fulwood, School Road, Bagnall / Staffordshire Moorlands	dismissed	correct	applies 2026 Framework; para 11 of previous Framework no longer relevant [not consulted]		
PINS-6009620	2026-08-18	Flat 1, 5 Darley Road, Eastbourne / Eastbourne	dismissed	not-cited	s78 decided on development plan; no Framework reference		
PINS-6004495	2026-08-19	Land at Millend, Brookside Farm, North Nibley / Stroud	dismissed	not-cited	s78 decided on development plan; no Framework reference		
PINS-6005916	2026-08-19	Parcel 1643 Middle Piece Lane, Burnett (solar farm) / Bath and North East Somerset	allowed	correct	applies 2026 Framework [not consulted]		
PINS-6006023	2026-08-19	Grove House, Town Lane, Mobberley (planning) / Cheshire East	dismissed	correct	applies 2026 Framework [not consulted]		
PINS-6006027	2026-08-19	Grove House, Town Lane, Mobberley / Cheshire East	dismissed	correct	applies 2026 Framework		
PINS-6006151	2026-08-19	Free Range Egg Unit north of Betton, Market Drayton / Shropshire	allowed	correct	applies 2026 Framework [not consulted]		
PINS-6007188	2026-08-19	Brook Close, Rodmarton (demolition of AH Powell NDHA, replac / Cotswold	dismissed	not-cited	s78 decided on development plan; Framework cited only generically		
PINS-6008189	2026-08-19	27 Mill Way, Mill Hill, Barnet / Barnet	allowed	not-cited	s78 decided on development plan; Framework cited only generically		
PINS-6009003	2026-08-19	York bus shelter digital adverts (12 linked appeals, Bauer M / York	split	correct	applies 2026 Framework [not consulted]		
PINS-6009129	2026-08-19	Paddock Farm, Bowridge Hill, Gillingham / Dorset	allowed	not-cited	GPDO prior approval/permitted development; Framework not the decision basis		
PINS-6010903	2026-08-19	Glebe Motors, Glebe Road, Finchley (9 flats) / Barnet	allowed	not-cited	s78 decided on development plan; no Framework reference		
PINS-6010986	2026-08-19	Hillcott, Duffield Lane, Newborough / East Staffordshire	dismissed	not-cited	s78 decided on development plan; Framework cited only generically		
PINS-6003496	2026-08-20	High Kays Lea Farm, Hamsterley / County Durham	allowed	correct	applies 2026 Framework [not consulted]		
PINS-6003947	2026-08-20	Land south east of Kildale, Maidstone Road, Headcorn / Maidstone	dismissed	correct	applies 2026 Framework [not consulted]		
PINS-6006744	2026-08-20	30 Honeysuckle Gardens, Hatfield / Welwyn Hatfield	dismissed	correct	applies 2026 Framework [not consulted]		
PINS-6007465	2026-08-20	Land adjacent to 51 Harcourt Road, Bushey / Hertsmere	allowed	correct	applies 2026 Framework [not consulted]		
PINS-6007601	2026-08-20	Upper Sent Cottages, The Barn, Okewood Hill / Mole Valley	dismissed	correct	applies 2026 Framework [not consulted]		
PINS-6007762	2026-08-20	7 Church Street, Stamford / South Kesteven	dismissed	differs-slip (immaterial)	dismissed; less than substantial label [not consulted]	¶20	the substantial weight I give to the less than substantial harm to the CA
PINS-6008914	2026-08-20	50 St Helens Road, Bolton (shopfront cladding and extensions / Bolton	allowed	correct	applies 2026 Framework [not consulted]		
PINS-6009498	2026-08-20	Vestacare Stadium, Whitebank Road, Oldham (extended hours fo / Oldham	dismissed	correct	applies 2026 Framework [not consulted]		
PINS-6009776	2026-08-20	Pavement outside 1b Shepherds Bush Road, Hammersmith / Hammersmith and Fulham	dismissed	differs-slip (immaterial)	dismissed; great weight [not consulted]	¶26	great weight should be given to the asset’s conservation
PINS-6009929	2026-08-20	7A Saxon Drive, Acton / Ealing	dismissed	correct	applies 2026 Framework [not consulted]		
PINS-6010409	2026-08-20	Land at Berry Cross, Peters Marland / Torridge	dismissed	correct	applies 2026 Framework		
PINS-6010542	2026-08-20	Northolm Farm, Crowland Road, Eye Green, Peterborough (barn  / Peterborough	dismissed	correct	applies 2026 Framework [not consulted]		
PINS-6002703	2026-08-21	4 Ruthys Lane, Padstow / Cornwall	dismissed	differs-slip (immaterial)	dismissed; less than substantial label with 2026 substantial weight [not consulted]	¶11	The harm to the designated heritage asset would be less than substantial
PINS-6004393	2026-08-21	87-89 Golders Green Road (The Promenade), Golders Green / Barnet	dismissed	correct	applies 2026 Framework		
PINS-6006959	2026-08-21	Titchmarsh Marina, Coles Lane, Walton-on-the-Naze (replaceme / Tendring	dismissed	correct	applies 2026 Framework [not consulted]		
PINS-6007449	2026-08-21	Roman Road opposite 19 Shepherds Bush Green (replacement BT  / Hammersmith and Fulham	allowed	correct	applies 2026 Framework [not consulted]		
PINS-6007589	2026-08-21	83 Attingham Drive, Dudley / Dudley	allowed	not-cited	Framework cited only generically; version not identifiable		
PINS-6007680	2026-08-21	32 Bell End, Rowley Regis / Sandwell	dismissed	correct	applies 2026 Framework [not consulted]		
PINS-6007717	2026-08-21	Duckmoor Barn, Wooddale Lane, Billingshurst (Class Q) / Horsham	dismissed	not-cited	GPDO prior approval/permitted development; Framework not the decision basis		
PINS-6008594	2026-08-21	New Life Church, St James Street, Ashton-under-Lyne / Tameside	allowed	correct	applies 2026 Framework [not consulted]		
PINS-6009460	2026-08-21	157 Lodge Lane, Hyde, Tameside (outline, 1 dwelling in side  / Tameside	allowed	correct	applies 2026 Framework (switch acknowledged; no version-specific test) [not consulted]		
PINS-6009772	2026-08-21	Pavement outside 297 King Street, Hammersmith / Hammersmith and Fulham	dismissed	correct	applies 2026 Framework [not consulted]		
PINS-6009864	2026-08-21	Outside 80 Middle Street, Yeovil (communication kiosk) / Somerset	allowed	correct	applies 2026 Framework [not consulted]		
PINS-6010163	2026-08-21	13 and 15 Galena Road, Hammersmith / Hammersmith and Fulham	dismissed	not-cited	GPDO prior approval/permitted development; Framework not the decision basis		
PINS-6010167	2026-08-21	13 and 15 Galena Road, Hammersmith (Class MA prior approval) / Hammersmith and Fulham	dismissed	not-cited	GPDO prior approval/permitted development; Framework not the decision basis		
PINS-6010271	2026-08-21	Land beside 43 Westminster Road, Worcester (1 dwelling) / Worcester	dismissed	correct	applies 2026 Framework [not consulted]		
PINS-6010430	2026-08-21	Regency House, 65 New Bridge Street, Leicester / Leicester	dismissed	correct	applies 2026 Framework [not consulted]		
PINS-6010523	2026-08-21	Joiners Arms, Church Street, Carlisle / Cumberland	allowed	correct	applies 2026 Framework [not consulted]		
PINS-6010890	2026-08-21	1A Darwin Drive, Southall / Ealing	allowed	correct	applies 2026 Framework (switch acknowledged; no version-specific test) [not consulted]		
SOS-EN010151	2026-08-21	Beacon Fen Energy Park, near Heckington, Lincolnshire (DCO) / North Kesteven / Boston (Lincolnshire)	approved	differs-2024	SoS treats NPPF as a draft under consultation; applies 2024 ¶215 [not consulted]	¶4.54	NPPF paragraph 215 are satisfied
PINS-6005461	2026-08-24	Chelmer House, Braintree Road, Great Dunmow (home wellbeing  / Uttlesford	dismissed	correct	applies 2026 Framework [not consulted]		
PINS-6006144	2026-08-24	40 West Way, Poole / Bournemouth Christchurch and Poole	dismissed	correct	applies 2026 Framework		
PINS-6006600	2026-08-24	Annapurna, Moss Road, Wrockwardine Wood, Telford / Telford and Wrekin	dismissed	not-cited	s78 decided on development plan; no Framework reference		
PINS-6006932	2026-08-24	52 Mintern Street, Hackney (Class MA, deemed approval) / Hackney	allowed	not-cited	GPDO prior approval/permitted development; Framework not the decision basis		
PINS-6007104	2026-08-24	Land adjacent to Cedar Cottage, Furners Lane, Henfield / Horsham	allowed	differs-slip (immaterial)	allowed; S5(j) category step done (¶21-23) but concludes in SDO words	¶48	would not significantly and demonstrably outweigh the benefits of the proposal
PINS-6007128	2026-08-24	17-19 Parkstone Road, Poole / Bournemouth Christchurch and Poole	dismissed	correct	applies 2026 Framework		
PINS-6007369	2026-08-24	38 Brook Lane, Corfe Mullen / Dorset	dismissed	correct	applies 2026 Framework		
PINS-6008542	2026-08-24	22 Woodside View, Thundersley / Castle Point	allowed	not-cited	s78 decided on development plan; no Framework reference		
PINS-6008744	2026-08-24	Land rear of 1 Nelson Road, North Walsham / North Norfolk	dismissed	not-cited	s78 decided on development plan; no Framework reference		
PINS-6009270	2026-08-24	Land adjacent to Village Hall, Clay Hill, Great Henny (potte / Braintree	dismissed	differs-2024	2024 ¶¶11(c)/(d), 212, 215; less than substantial	¶11	less than substantial harm to a heritage asset (NPPF paragraphs 212 and 215)
PINS-6009413	2026-08-24	Land west of 21 Hemsby Road, Martham / Great Yarmouth	dismissed	correct	applies 2026 Framework [not consulted]		
PINS-6009578	2026-08-24	13 Stone Lane, New Whittington, Chesterfield / Chesterfield	dismissed	correct	applies 2026 Framework		
PINS-6009660	2026-08-24	6 Rooth Street, Wednesbury / Sandwell	allowed	correct	applies 2026 Framework		
PINS-6010378	2026-08-24	6 Marsh Road, Newton Abbot (veranda over River Lemon) / Teignbridge	dismissed	correct	applies 2026 Framework [parties consulted]		
PINS-6010567	2026-08-24	Castleton, Days Lane, Doddinghurst / Brentwood	dismissed	correct	applies 2026 Framework [not consulted]		
PINS-6011023	2026-08-24	60 King Edward Road, Coventry (dwelling to 5-person HMO) / Coventry	dismissed	correct	applies 2026 Framework [not consulted]		
PINS-6011065	2026-08-24	Rykneld, Main Road, Old Brampton / North East Derbyshire	dismissed	correct	applies 2026 Framework		
PINS-6011274	2026-08-24	Land south of 18 Thompson Street, Chesterfield / Chesterfield	allowed	correct	applies 2026 Framework [not consulted]		
CROWN-2026-0000003	2026-08-25	Grenfell Tower, North Kensington (Crown development) / Kensington and Chelsea	approved	correct	applies 2026 Framework [not consulted]		
PINS-6000903	2026-08-25	Kilcummer Barn, Tregeath Lane, Trewarmett, Tintagel / Cornwall	dismissed	correct	applies 2026 Framework		
PINS-6003286	2026-08-25	Land North of Lubstree Barns, Donnington, Telford (Class Q) / Telford and Wrekin	dismissed	not-cited	GPDO prior approval/permitted development; Framework not the decision basis		
PINS-6006053	2026-08-25	Cowleas, Spickett's Lane, Cuddington / Buckinghamshire	part-allowed	correct	applies 2026 Framework		
PINS-6006388	2026-08-25	Hall Farm, Copt Oak Road, Copt Oak / North West Leicestershire	dismissed	correct	applies 2026 Framework [not consulted]		
PINS-6006727	2026-08-25	271 Forest Road, Walthamstow (Hindu temple rear extension) / Waltham Forest	dismissed	correct	applies 2026 Framework [not consulted]		
PINS-6006805	2026-08-25	60 Marine Road West, Morecambe / Lancaster	allowed	correct	applies 2026 Framework [not consulted]		
PINS-6007315	2026-08-25	1/3 Park Lane, Macclesfield / Cheshire East	dismissed	not-cited	s78 decided on development plan; no Framework reference		
PINS-6007657	2026-08-25	Little Land, Lower Smaws, Wetherby Road, Tadcaster / North Yorkshire	allowed	not-cited	GPDO prior approval/permitted development; Framework not the decision basis		
PINS-6008475	2026-08-25	4 Prospect Street, Reading / Reading	dismissed	correct	applies 2026 Framework		
PINS-6009167	2026-08-25	27 Gloucester Road North, Filton (7 C4 HMOs above retained C / South Gloucestershire	allowed	correct	applies 2026 Framework [not consulted]		
PINS-6009894	2026-08-25	Paddock House, Paddock Lane, Audlem (Class Q, 1 dwelling) / Cheshire East	allowed	not-cited	GPDO prior approval/permitted development; Framework not the decision basis		
PINS-6010063	2026-08-25	1 Waldegrave Road, Ealing / Ealing	dismissed	correct	applies 2026 Framework [not consulted]		
PINS-6010751	2026-08-25	Land off Carr Lane, Alderley Edge (agricultural barn in func / Cheshire East	dismissed	correct	applies 2026 Framework [not consulted]		
PINS-6010814	2026-08-25	Footway outside 171-173 High Street, Beckenham (BT Street Hu / Bromley	allowed	correct	applies 2026 Framework [not consulted]		
PINS-6010818	2026-08-25	Footpath outside 60 High Street, West Wickham / Bromley	dismissed	correct	applies 2026 Framework [not consulted]		
PINS-6010839	2026-08-25	71 Finchley Lane, Hendon / Barnet	allowed	correct	applies 2026 Framework (switch acknowledged; no version-specific test) [not consulted]		
PINS-6010864	2026-08-25	Footway adjacent to 85 Upper Richmond Road, Putney / Wandsworth	dismissed	correct	applies 2026 Framework [not consulted]		
PINS-6011598	2026-08-25	1A Ellis Street, Kirkby in Ashfield / Ashfield	allowed	correct	applies 2026 Framework [not consulted]		
PINS-6011775	2026-08-25	26 and 28 Milton Road, Bournemouth (HMO and flat to 6 flats) / Bournemouth, Christchurch and Poole	dismissed	not-cited	s78 decided on development plan; Framework cited only generically		
PINS-6002168	2026-08-26	Mytax Farm, Bourbles Lane, Preesall (sand and gravel quarry) / Lancashire County Council	dismissed	differs-slip (immaterial)	dismissed; SDO conclusion; also 2024 ¶58 [not consulted]	¶191	would be significantly and demonstrably outweighed
PINS-6003738	2026-08-26	19 Millway, Mill Hill (conversion to 2 flats) / Barnet	allowed	not-cited	s78 decided on development plan; no Framework reference		
PINS-6005744	2026-08-26	2 Bridge Street, Batley / Kirklees	dismissed	not-cited	GPDO prior approval/permitted development; Framework not the decision basis		
PINS-6006920	2026-08-26	4 Highfield Gardens, Golders Green / Barnet	allowed	not-cited	s78 decided on development plan; no Framework reference		
PINS-6008051	2026-08-26	Pavement outside 30 New Bailey Street, Salford (telephone hu / Salford	dismissed	correct	applies 2026 Framework		
PINS-6008087	2026-08-26	Nine Oaks, Stocks Lane, Over Peover / Cheshire East	dismissed	correct	applies 2026 Framework [not consulted]		
PINS-6008532	2026-08-26	The Chequers PH, Matching Green / Epping Forest	allowed	correct	applies 2026 Framework [not consulted]		
PINS-6008885	2026-08-26	34 Vincent Gardens, Brent / Brent	dismissed	correct	applies 2026 Framework [not consulted]		
PINS-6009586	2026-08-26	10 Windlesham Road, Brighton (HMO alterations, 10 residents  / Brighton and Hove	dismissed	correct	applies 2026 Framework [not consulted]		
PINS-6010095	2026-08-26	846 Chester Road, Stretford / Trafford	dismissed	correct	applies 2026 Framework		
PINS-6010975	2026-08-26	Ladywell, Kilkhampton, Bude / Cornwall	dismissed	not-cited	s78 decided on development plan; no Framework reference		
PINS-6012008	2026-08-26	Wilwyn, Chelmsford Road, Blackmore / Brentwood	dismissed	correct	applies 2026 Framework [not consulted]		
PINS-6002971	2026-08-27	Prow Park Business Village, Treloggan Industrial Estate, New / Cornwall	dismissed	correct	applies 2026 Framework		
PINS-6004344	2026-08-27	Norbryght, Tilburstow Hill Road, South Godstone / Tandridge	dismissed	differs-slip (immaterial)	dismissed; SDO words though framed under S5 [not consulted]	¶31	would significantly and demonstrably outweigh the benefits
PINS-6005325	2026-08-27	61 Brackley Square, Woodford Green / Redbridge	dismissed	correct	applies 2026 Framework; contrasts 11d with S5 (¶25)		
PINS-6005528	2026-08-27	Former Gardens to Knells House, The Knells, Carlisle / Cumberland	dismissed	correct	applies 2026 Framework [not consulted]		
PINS-6005999	2026-08-27	Flat 45, Rozel House, 42 Birnbeck Road, Weston-super-Mare / North Somerset	dismissed	correct	applies 2026 Framework [parties consulted]		
PINS-6007566	2026-08-27	20 The Glebe, Watford / Watford	allowed	correct	applies 2026 Framework [not consulted]		
PINS-6008362	2026-08-27	16 Dalton Avenue, Moss Side, Manchester (C3 to C4 HMO) / Manchester	dismissed	correct	applies 2026 Framework [not consulted]		
PINS-6008563	2026-08-27	529 Roman Road, Tower Hamlets / Tower Hamlets	dismissed	not-cited	s78 decided on development plan; no Framework reference		
PINS-6009237	2026-08-27	Oakland Stud (formerly Tanglewood), Forest Grange, Horsham / Horsham	dismissed	correct	applies 2026 Framework [parties consulted]		
PINS-6009442	2026-08-27	36 St Kildas Road, Harrow / Harrow	allowed	correct	applies 2026 Framework [not consulted]		
PINS-6009680	2026-08-27	The Bradford Golf Club, Hawksworth Lane, Guiseley / Leeds	dismissed	correct	applies 2026 Framework [not consulted]		
PINS-6009850	2026-08-27	Barn at land off Bakers Lane, Holt, Dorset / Dorset	dismissed	not-cited	s78 decided on development plan; Framework cited only generically		
PINS-6010362	2026-08-27	Rear of 291 Whippendell Road, Watford / Watford	dismissed	correct	applies 2026 Framework [parties consulted]		
PINS-6010382	2026-08-27	Kings Way verge, Burgess Hill (17.5 m monopole, prior approv / Mid Sussex	allowed	correct	applies 2026 Framework		
PINS-6010617	2026-08-27	Pavement outside 10 Bargate Street, Southampton / Southampton	dismissed	correct	applies 2026 Framework [not consulted]		
PINS-6010912	2026-08-27	979 Tyburn Road, Birmingham / Birmingham	allowed	correct	applies 2026 Framework [not consulted]		
PINS-6010993	2026-08-27	9 Birkin Avenue, Ruddington / Rushcliffe	dismissed	correct	applies 2026 Framework [not consulted]		
PINS-6002628	2026-08-28	72 Prebend Street, Islington (Class MA prior approval) / Islington	dismissed	not-cited	GPDO prior approval/permitted development; Framework not the decision basis		
PINS-6003507	2026-08-28	Land opposite 17 Harper Royd Lane, Sowerby Bridge (stable bl / Calderdale	dismissed	correct	applies 2026 Framework		
PINS-6004449	2026-08-28	Pavement outside 33 Havelock Road, Hastings (BT Street Hub) / Hastings	dismissed	correct	applies 2026 Framework [not consulted]		
PINS-6006162	2026-08-28	26 Groveway, Stockwell / Lambeth	dismissed	correct	applies 2026 Framework [parties consulted]		
PINS-6006259	2026-08-28	2 Ashfield Cottages, Hawkhurst (oak-framed garden room, list / Tunbridge Wells	dismissed	correct	applies 2026 Framework [parties consulted]		
PINS-6006260	2026-08-28	2 Ashfield Cottages, Hawkhurst (oak-framed garden room, list / Tunbridge Wells	dismissed	correct	applies 2026 Framework [parties consulted]		
PINS-6007094	2026-08-28	38, 40 and 42 Prebend Street, Islington / Islington	allowed	correct	applies 2026 Framework		
PINS-6007314	2026-08-28	Kingston Barn, Kingston Russell (farmstead conversion, 7 dwe / Dorset	dismissed	correct	applies 2026 Framework [parties consulted]		
PINS-6007521	2026-08-28	Jamia Syeda Fatima Al-Zahra, Bank Lane, Blackburn / Blackburn with Darwen	allowed	correct	applies 2026 Framework [parties consulted]		
PINS-6007535	2026-08-28	Land at Whitings Lane, Burn (timber storage shed) / North Yorkshire	dismissed	correct	applies 2026 Framework [not consulted]		
PINS-6008065	2026-08-28	50 Arthur Road, Islington / Islington	dismissed	correct	applies 2026 Framework [not consulted]		
PINS-6008197	2026-08-28	Barn at Low Farm, Post Office Lane, Norley / Cheshire West and Chester	allowed	correct	applies 2026 Framework		
PINS-6008361	2026-08-28	9 The Spinney, Enfield N21 / Enfield	allowed	correct	applies 2026 Framework		
PINS-6008878	2026-08-28	9 Lyndhurst Road, Corringham (outbuilding as habitable space / Thurrock	allowed	correct	applies 2026 Framework [not consulted]		
PINS-6009185	2026-08-28	Childwall Golf Club maintenance yard, Netherley / Liverpool	allowed	correct	applies 2026 Framework		
PINS-6009193	2026-08-28	44 South Street, Romford / Havering	dismissed	correct	applies 2026 Framework		
PINS-6009279	2026-08-28	Windsor, 22 Kirk Road, Walpole St Andrew / King's Lynn and West Norfolk	allowed	correct	applies 2026 Framework (switch acknowledged; no version-specific test) [not consulted]		
PINS-6009412	2026-08-28	5 Chatterton Road, Bromley (Class MA - storage extension int / Bromley	dismissed	not-cited	GPDO prior approval/permitted development; Framework not the decision basis		
PINS-6009569	2026-08-28	School House Barn, Circular Road, Seaview, Isle of Wight (pe / Isle of Wight	allowed	correct	applies 2026 Framework [not consulted]		
PINS-6009573	2026-08-28	School House Barn, Circular Road, Seaview, Isle of Wight / Isle of Wight	allowed	correct	applies 2026 Framework [not consulted]		
PINS-6009681	2026-08-28	Land adjoining Pioneer Point, 3-5 Winston Way, Ilford / Redbridge	allowed	not-cited	advertisement decided on development plan; no Framework reference		
PINS-6009688	2026-08-28	306 Ballards Lane, Finchley / Barnet	dismissed	correct	applies 2026 Framework		
PINS-6009938	2026-08-28	Bulls Head Public House, 96 Cambridge Street, St Neots / Huntingdonshire	allowed	differs-slip (immaterial)	allowed; HC6 applied, less than substantial label only [parties consulted]	¶4	would result in some less than substantial harm
PINS-6009978	2026-08-28	31A Kent Road, Chiswick / Ealing	allowed	correct	applies 2026 Framework [not consulted]		
PINS-6010180	2026-08-28	Pavement outside 19-23 Market Street, Huddersfield / Kirklees	dismissed	differs-slip (immaterial)	coded not-cited; HE6(3) wording with less than substantial label	¶14	The harm arising would be less than substantial
PINS-6010273	2026-08-28	118A Hempstead Road, Kings Langley / Dacorum	dismissed	correct	applies 2026 Framework		
PINS-6010433	2026-08-28	Footway outside 8 Matmer House, Hull Road, York (BT Street H / York	dismissed	correct	applies 2026 Framework (switch acknowledged; no version-specific test) [not consulted]		
PINS-6010807	2026-08-28	Field at Score Ray Lane, Whixley / North Yorkshire	dismissed	correct	applies 2026 Framework (switch acknowledged; no version-specific test) [not consulted]		
PINS-6011520	2026-08-28	Greensleeves, School Lane, Bricket Wood / St Albans	dismissed	correct	applies 2026 Framework		
PINS-6005603	2026-09-01	7 Hornfield Cottages, David Street, Meopham / Gravesham	dismissed	correct	applies 2026 Framework [not consulted]		
PINS-6006824	2026-09-01	New House Lane, Winmarleigh (agricultural barn and polytunne / Wyre	dismissed	not-cited	GPDO prior approval/permitted development; Framework not the decision basis		
PINS-6006832	2026-09-01	Land at Marazanvose, St Allen (holiday lodges) / Cornwall	dismissed	correct	applies 2026 Framework [parties consulted]		
PINS-6006985	2026-09-01	39 Chalkwell Esplanade, Westcliff-on-Sea / Southend-on-Sea	dismissed	correct	applies 2026 Framework [parties consulted]		
PINS-6007391	2026-09-01	3 and 5 Montpellier Street, Harrogate / North Yorkshire	dismissed	correct	applies 2026 Framework [not consulted]		
PINS-6007837	2026-09-01	Land south of Caves Lane, Walkeringham / Bassetlaw	allowed	differs-2024	2024 ¶116 highways test; new Framework not mentioned; allowed	¶13	Paragraph 116 of the National Planning Policy Framework states
PINS-6008439	2026-09-01	274 Portobello Road (ground floor), London W10 / Kensington and Chelsea	dismissed	correct	applies 2026 Framework [parties consulted]		
PINS-6008441	2026-09-01	44A Sauncey Avenue, Harpenden (replacement dwelling) / St Albans	allowed	correct	applies 2026 Framework [not consulted]		
PINS-6008924	2026-09-01	5A Water Street, Dursley / Stroud	allowed	not-cited	s78 decided on development plan; no Framework reference		
PINS-6009062	2026-09-01	Woodcote House Farm, Dodford, Bromsgrove (Class Q, 2 dwellin / Bromsgrove	allowed	correct	applies 2026 Framework [not consulted]		
PINS-6009118	2026-09-01	253 Ongar Road, Brentwood / Brentwood	dismissed	correct	applies 2026 Framework [not consulted]		
PINS-6009605	2026-09-01	17 Bournewood Road, Orpington / Bromley	dismissed	correct	applies 2026 Framework [parties consulted]		
PINS-6010078	2026-09-01	Windmill Court Country House, Keighley Road, Illingworth / Calderdale	allowed	correct	applies 2026 Framework		
PINS-6010166	2026-09-01	Nectar Haze, Bounds Cross, Pyworthy / Torridge	dismissed	correct	applies 2026 Framework [parties consulted]		
PINS-6010397	2026-09-01	41a Liverpool Road, Birkdale, Southport / Sefton	allowed	correct	applies 2026 Framework [parties consulted]		
PINS-6010787	2026-09-01	16-20 Banksfield Avenue, Yeadon (garden extension across PRO / Leeds	allowed	correct	applies 2026 Framework [not consulted]		
PINS-6011045	2026-09-01	Beech Dene, Kelsick, Abbeytown / Cumberland	dismissed	correct	applies 2026 Framework [parties consulted]		
PINS-6011645	2026-09-01	Land north-west of Sackville Cottage, High Street, Riseley ( / Bedford	dismissed	correct	applies 2026 Framework [not consulted]		
APP-B1550-C-25-3372995	2026-09-02	Limehouse Nursery, The Drive, Rayleigh / Rochford	dismissed	correct	applies 2026 Framework [parties consulted]		
PINS-6005963	2026-09-02	Land adjacent to 82 Smithy Lane, Aughton / West Lancashire	allowed	correct	applies 2026 Framework		
PINS-6005980	2026-09-02	6 Bacon's Lane, Highgate (garden studio at Grade II Manasseh / Camden	dismissed	correct	applies 2026 Framework [parties consulted]		
PINS-6005981	2026-09-02	6 Bacon's Lane, Highgate (Appeal B, LBC) / Camden	dismissed	correct	applies 2026 Framework [parties consulted]		
PINS-6007526	2026-09-02	Mulberry Interiors, 8 Church Hill, Loughton / Epping Forest	dismissed	correct	applies 2026 Framework [not consulted]		
PINS-6007651	2026-09-02	Land south of Harbury Lane and east of Vickers Way, Heathcot / Warwick	allowed	correct	applies 2026 Framework [not consulted]		
PINS-6008014	2026-09-02	Land north of Longwood Road, Kenley, Croydon (forestry priva / Croydon	dismissed	not-cited	GPDO prior approval/permitted development; Framework not the decision basis		
PINS-6009103	2026-09-02	Long Barn, 46 Market Square, Witney / West Oxfordshire	dismissed	correct	applies 2026 Framework [parties consulted]		
PINS-6009448	2026-09-02	Compounds A, A1 and A4, Youngs Industrial Estate, Aldermasto / West Berkshire	allowed	correct	applies 2026 Framework [not consulted]		
PINS-6009818	2026-09-02	Land at Mill Road, Whitfield / West Northamptonshire	dismissed	correct	applies 2026 Framework [not consulted]		
PINS-6009933	2026-09-02	219 Fullingdale Road, Northampton / West Northamptonshire	dismissed	correct	applies 2026 Framework [not consulted]		
PINS-6009970	2026-09-02	1 & 1A Lytton Avenue, Enfield / Enfield	dismissed	correct	applies 2026 Framework [not consulted]		
PINS-6009972	2026-09-02	1 & 1A Lytton Avenue, Enfield / Enfield	dismissed	correct	applies 2026 Framework		
PINS-6010457	2026-09-02	Footpath outside Aldi, 106A Newport Road, Middlesbrough / Middlesbrough	dismissed	correct	applies 2026 Framework [not consulted]		
PINS-6010861	2026-09-02	59 Luncies Road, Basildon / Basildon	allowed	correct	applies 2026 Framework [parties consulted]		
PINS-6011137	2026-09-02	Seventh-day Adventist Church, 17 Jersey Gardens, Wickford / Basildon	dismissed	correct	applies 2026 Framework [parties consulted]		
APP-T2350-C-25-3374492	2026-09-03	Raja Farm, Whalley Old Road, Langho / Ribble Valley	dismissed	correct	applies 2026 Framework [not consulted]		
PINS-6003086	2026-09-03	Turnpike Lane near Green Lanes junction, Haringey (BT Street / Haringey	dismissed	correct	applies 2026 Framework		
PINS-6004528	2026-09-03	Malthouse Mews, Brew House Lane, Hartley Wintney / Hart	dismissed	not-cited	s78 decided on development plan; Framework cited only generically		
PINS-6005649	2026-09-03	Mill House, Cryers Hill Road, Cryers Hill / Buckinghamshire	allowed	correct	applies 2026 Framework [not consulted]		
PINS-6005976	2026-09-03	Redlands, Main Road, Woolsington / Newcastle upon Tyne	dismissed	correct	applies 2026 Framework		
PINS-6006128	2026-09-03	Land at Former Ashfield Works, Westgate, Otley / Leeds	allowed	correct	applies 2026 Framework [parties consulted]		
PINS-6007231	2026-09-03	Chorley Road, Burntwood (agricultural field access) / Lichfield	dismissed	correct	applies 2026 Framework [not consulted]		
PINS-6007287	2026-09-03	Great Meadow Barn, Copes Farm, Great Kingshill (agricultural / Buckinghamshire	dismissed	differs-slip (immaterial)	dismissed; less than substantial carries great weight [not consulted]	¶17	even less than substantial harm to a designated heritage asset carries great weight
PINS-6007662	2026-09-03	Hazley, Holme Road, Ramsey St Mary's (barn extension worksho / Huntingdonshire	dismissed	correct	applies 2026 Framework [not consulted]		
PINS-6007779	2026-09-03	31A The Avenue, Poole (replacement house with 8 flats) / Bournemouth, Christchurch and Poole	dismissed	differs-slip (immaterial)	dismissed; less than substantial label with HE6 [parties consulted]	¶22	would be at the lower end of less than substantial
PINS-6007869	2026-09-03	Wild Flowers, Wrens Hill, Oxshott / Elmbridge	allowed	correct	applies 2026 Framework [not consulted]		
PINS-6007907	2026-09-03	9 Vinery Grove, Richmond Hill, Leeds (C3 to 3-bed HMO) / Leeds	allowed	correct	applies 2026 Framework [not consulted]		
PINS-6008022	2026-09-03	11 Kingswood Avenue, Hitchin / North Hertfordshire	allowed	correct	applies 2026 Framework [parties consulted]		
PINS-6008062	2026-09-03	Land north of Helm Lane, Mill Bank, Sowerby Bridge (rural wo / Calderdale	dismissed	correct	applies 2026 Framework		
PINS-6008234	2026-09-03	Landfall Annexe, Chilworth Road, Chilworth (annexe to separa / Test Valley	dismissed	correct	applies 2026 Framework [parties consulted]		
PINS-6008739	2026-09-03	Orchard View, Gallows Green Road, Great Easton / Uttlesford	dismissed	correct	applies 2026 Framework [parties consulted]		
PINS-6009149	2026-09-03	15 Stanfield Road, Bournemouth / Bournemouth Christchurch and Poole	dismissed	correct	applies 2026 Framework [not consulted]		
PINS-6009367	2026-09-03	Carlow House Barn, Woodman Lane, Cowan Bridge / Lancaster	allowed	correct	applies 2026 Framework [parties consulted]		
PINS-6009762	2026-09-03	Flat 4, 3 Grimston Avenue, Folkestone (uPVC replacement wind / Folkestone and Hythe	allowed	correct	applies 2026 Framework [not consulted]		
PINS-6009817	2026-09-03	Woodside Equestrian Centre, Forest Road, Colgate (parking an / Horsham	dismissed	correct	applies 2026 Framework		
PINS-6010507	2026-09-03	14-16 Lingwood Road, Hackney / Hackney	dismissed	correct	applies 2026 Framework (switch acknowledged; no version-specific test) [not consulted]		
PINS-6010739	2026-09-03	St Barnabas Church, St Barnabas Close, Hereford (church to 5 / Herefordshire	allowed	correct	applies 2026 Framework [parties consulted]		
PINS-6010808	2026-09-03	Footpath outside 1a Colman House, High Street, Penge (BT Str / Bromley	allowed	correct	applies 2026 Framework [parties consulted]		
PINS-6010832	2026-09-03	124 Bexley Road, Erith (7-person HMO) / Bexley	dismissed	not-cited	s78 decided on development plan; no Framework reference		
PINS-6010865	2026-09-03	Land in front of 25 Market Place, Cannock (BT Street Hub) / Cannock Chase	dismissed	correct	applies 2026 Framework [not consulted]		
PINS-6010896	2026-09-03	158-160 High Street, Orpington / Bromley	allowed	not-cited	s78 decided on development plan; no Framework reference		
PINS-6011388	2026-09-03	1 Broomwood Road, Orpington / Bromley	allowed	not-cited	s78 decided on development plan; no Framework reference		
PINS-6011471	2026-09-03	3 High Street, South Norwood, Croydon / Croydon	dismissed	differs-slip (immaterial)	dismissed; SDO conclusion; less than substantial [not consulted]	¶15	would significantly and demonstrably outweigh the benefits
PINS-6012775	2026-09-03	Flat 3, 49 Madeira Park, Royal Tunbridge Wells (uPVC replace / Tunbridge Wells	split	correct	applies 2026 Framework		
APP-P0119-C-26-3378284	2026-09-04	Land adjacent to Orchard Farm Cottage, Pomphrey Hill, Mangot / South Gloucestershire	allowed	correct	applies 2026 Framework; calls S5 test a tilted balance (label only) [parties consulted]		
PINS-6002880	2026-09-04	Land South East of Haven Lodge, Lower Castle Road, St Mawes / Cornwall	dismissed	correct	applies 2026 Framework [parties consulted]		
PINS-6002960	2026-09-04	Pavement outside 5 The Triangle, Tilehurst, Reading (BT Stre / Reading	dismissed	correct	applies 2026 Framework [not consulted]		
PINS-6003539	2026-09-04	Marina Court, 34 Banks Road, Sandbanks, Poole / Bournemouth Christchurch and Poole	allowed	not-cited	Framework cited only generically; version not identifiable		
PINS-6006181	2026-09-04	Rose-in-the-vale, Kestle Mill, Newquay (stable to annexe) / Cornwall	allowed	correct	applies 2026 Framework [parties consulted]		
PINS-6007122	2026-09-04	58-60 Ocean Street, Plymouth / Plymouth	allowed	correct	applies 2026 Framework [parties consulted]		
PINS-6007161	2026-09-04	Land rear of 20 Crichel Road, Winton, Bournemouth / Bournemouth, Christchurch and Poole	dismissed	correct	applies 2026 Framework		
PINS-6007202	2026-09-04	2 Park Farm, Park Road, Westoning / Central Bedfordshire	allowed	correct	applies 2026 Framework		
PINS-6007220	2026-09-04	Mill Farmhouse, 7 Bridlington Street, Hunmanby (rear extensi / North Yorkshire	dismissed	correct	applies 2026 Framework [parties consulted]		
PINS-6007221	2026-09-04	Mill Farmhouse, 7 Bridlington Street, Hunmanby (rear extensi / North Yorkshire	dismissed	correct	applies 2026 Framework [parties consulted]		
PINS-6007396	2026-09-04	Emmanuel Ranch, Windmill Road, Towersey / South Oxfordshire	part-allowed	not-cited	s78 decided on development plan; no Framework reference		
PINS-6007549	2026-09-04	Dolphin Court, Shelley Road, Worthing / Worthing	dismissed	correct	applies 2026 Framework [parties consulted]		
PINS-6008154	2026-09-04	Pavement outside 608 Holloway Road, Islington / Islington	dismissed	correct	applies 2026 Framework [not consulted]		
PINS-6008242	2026-09-04	5 Bank Chambers, Penn Hill Avenue, Poole / Bournemouth, Christchurch and Poole	dismissed	correct	applies 2026 Framework [not consulted]		
PINS-6008264	2026-09-04	Land west of The Cottage, Snakes Lane, Ugley Green / Uttlesford	allowed	correct	applies 2026 Framework		
PINS-6008277	2026-09-04	73 Henton Road, Leicester / Leicester	dismissed	correct	applies 2026 Framework [not consulted]		
PINS-6008436	2026-09-04	Pavement outside 167 Stroud Green Road, London N4 (BT Street / Islington	dismissed	correct	applies 2026 Framework [not consulted]		
PINS-6008569	2026-09-04	Land on the south side of Glenfall Way, Cheltenham / Cheltenham	dismissed	correct	applies 2026 Framework [parties consulted]		
PINS-6008669	2026-09-04	Crown House, 1 Stafford Place, Weston-super-Mare (24 uPVC re / North Somerset	dismissed	correct	applies 2026 Framework [not consulted]		
PINS-6008736	2026-09-04	The Parsonage House, 90 High Street, Watchfield / Vale of White Horse	dismissed	correct	applies 2026 Framework		
PINS-6008745	2026-09-04	Old Bean Cottage, Shellbank Lane, Bean / Dartford	dismissed	correct	applies 2026 Framework		
PINS-6008813	2026-09-04	17 Willow Court, Pool in Wharfedale (rear dormer with solar  / Leeds	dismissed	correct	applies 2026 Framework [not consulted]		
PINS-6008903	2026-09-04	5 Blandford Road South, Slough / Slough	allowed	correct	applies 2026 Framework [not consulted]		
PINS-6009260	2026-09-04	2 Island Cottages, Stanwell Road, Horton / Windsor and Maidenhead	dismissed	correct	applies 2026 Framework [not consulted]		
PINS-6009718	2026-09-04	Vyners Estate, Mill Lane, Tidmarsh / West Berkshire	dismissed	correct	applies 2026 Framework [parties consulted]		
PINS-6009886	2026-09-04	13 Harewood Road, South Croydon / Croydon	dismissed	correct	applies 2026 Framework [parties consulted]		
PINS-6010226	2026-09-04	A1 London Retail Park, Biggleswade / Central Bedfordshire	allowed	correct	applies 2026 Framework [not consulted]		
PINS-6010313	2026-09-04	Branford Wells (1-5 South View Barns), Brickhouse Lane, Newc / Tandridge	dismissed	correct	applies 2026 Framework		
PINS-6010315	2026-09-04	Land rear of The Green Man, Clophill (1 dwelling) / Central Bedfordshire	allowed	correct	applies 2026 Framework		
PINS-6010416	2026-09-04	Stonewood, Almshouse Hill, Bramham / Leeds	dismissed	correct	applies 2026 Framework [not consulted]		
PINS-6010492	2026-09-04	65A Brookhill Road, Barnet (first-floor rear extension) / Barnet	allowed	not-cited	s78 decided on development plan; no Framework reference		
PINS-6010822	2026-09-04	Land adjacent to 115 Loampit Vale, Lewisham / Lewisham	dismissed	correct	applies 2026 Framework [parties consulted]		
PINS-6010844	2026-09-04	Footpath outside 366 Gray's Inn Road, Camden (BT Street Hub) / Camden	dismissed	differs-2024	s56(2) re-issue of 17 Aug letter; 2024 ¶¶212/215	¶14	Paragraph 215 of the National Planning Policy Framework (the Framework) states
PINS-6011027	2026-09-04	The Rising Rest Home, Primrose Lane, Simmondley, Glossop / High Peak	dismissed	correct	applies 2026 Framework [not consulted]		
PINS-6011692	2026-09-04	Little Paddock, Lycrome Road, Chesham / Buckinghamshire	dismissed	correct	applies 2026 Framework [not consulted]		
APP-X3025-W-25-3370422	2026-09-07	Berry Hill Phase 2 (Plots 9A, 9B, 10, 12A), Mansfield / Mansfield	allowed	correct	applies 2026 Framework [not consulted]		
PINS-6004385	2026-09-07	Land at Harlestone Road/York Way, Northampton / West Northamptonshire	allowed	correct	applies 2026 Framework [parties consulted]		
PINS-6004673	2026-09-07	Dean Farm, Long Bottom Lane, Jordans / Buckinghamshire	dismissed	correct	applies 2026 Framework [parties consulted]		
PINS-6004675	2026-09-07	Dean Farm, Long Bottom Lane, Jordans (listed farmhouse exten / Buckinghamshire	dismissed	correct	applies 2026 Framework [parties consulted]		
PINS-6005328	2026-09-07	Land opposite Rose Meadow, Carnkie, Helston / Cornwall	allowed	differs-slip (immaterial)	allowed; S5 1.j step done (¶21) but concludes in SDO words [parties consulted]	¶26	the adverse impacts of the proposal do not significantly and demonstrably outweigh the benefits
PINS-6005653	2026-09-07	Medvale House, Mote Road, Maidstone / Maidstone	dismissed	differs-slip (immaterial)	dismissed; SDO conclusion [not consulted]	¶43	the adverse impacts of the proposal significantly and demonstrably outweigh the benefits
PINS-6005855	2026-09-07	10 Elsenham Street, Wandsworth (6-bed HMO to 8-bed) / Wandsworth	dismissed	not-cited	s78 decided on development plan; Framework cited only generically		
PINS-6006049	2026-09-07	308 Stockport Road, Hyde (7-bed HMO) / Tameside	dismissed	correct	applies 2026 Framework [parties consulted]		
PINS-6006819	2026-09-07	Land South of The Street, Furneux Pelham / East Hertfordshire	dismissed	differs-slip (immaterial)	dismissed; less than substantial label [parties consulted]	¶16	cause less than substantial harm to the setting of the CA
PINS-6007096	2026-09-07	Barn Hey Farm, Allithwaite (s73, up to 40 dwellings, afforda / Westmorland and Furness	allowed	correct	applies 2026 Framework [not consulted]		
PINS-6007355	2026-09-07	20 Kennedy Road, Kingsland, Shrewsbury / Shropshire	dismissed	correct	applies 2026 Framework [parties consulted]		
PINS-6007373	2026-09-07	Car park between Castle Mews and 7 Castle Road, North Finchl / Barnet	allowed	correct	applies 2026 Framework [parties consulted]		
PINS-6007474	2026-09-07	Plots 13 and 5, Leys Lane, Winterton / North Lincolnshire	dismissed	correct	applies 2026 Framework [parties consulted]		
PINS-6007846	2026-09-07	106-110 Belgrave Road, Pimlico (courtyard condensers) / Westminster	allowed	correct	applies 2026 Framework [not consulted]		
PINS-6008038	2026-09-07	9 Selway House, 272 South Lambeth Road, Lambeth / Lambeth	dismissed	correct	applies 2026 Framework [parties consulted]		
PINS-6008359	2026-09-07	9 Green Lane, Formby / Sefton	dismissed	correct	applies 2026 Framework [parties consulted]		
PINS-6008438	2026-09-07	214-216 St James's Road, Croydon / Croydon	dismissed	correct	applies 2026 Framework [parties consulted]		
PINS-6008689	2026-09-07	Primrose Farm, Bradcutts Lane, Cookham Dean / Windsor and Maidenhead	allowed	not-cited	s78 decided on development plan; no Framework reference		
PINS-6008742	2026-09-07	Land adjacent Everglade Farm, Mount Pleasant Lane, Lymington / New Forest National Park Authority	dismissed	correct	applies 2026 Framework [parties consulted]		
PINS-6009068	2026-09-07	Rose Cottage, 38 Higher Lane, Kerridge / Cheshire East	dismissed	not-cited	s78 decided on development plan; no Framework reference		
PINS-6009208	2026-09-07	RCCG Green Pastures, 101 Jarrom Street, Leicester / Leicester	dismissed	correct	applies 2026 Framework [parties consulted]		
PINS-6009328	2026-09-07	184-186 Gipsy Lane, Leicester (Class MA first-floor flat) / Leicester	dismissed	correct	applies 2026 Framework [parties consulted]		
PINS-6009647	2026-09-07	23 Manchester Street, Luton (shop to takeaway) / Luton	dismissed	correct	applies 2026 Framework		
PINS-6009942	2026-09-07	18 Newick Avenue, Little Aston (replacement self-build dwell / Lichfield	dismissed	correct	applies 2026 Framework [not consulted]		
PINS-6010165	2026-09-07	The Ferns, 6 Broc Hill Way, Brocton / Stafford	dismissed	correct	applies 2026 Framework [not consulted]		
PINS-6010396	2026-09-07	Pavement outside 42 New Street, Huddersfield / Kirklees	dismissed	differs-slip (immaterial)	dismissed; less than substantial label in heritage balance [parties consulted]	¶22	sufficient to outweigh the less than substantial harm to the designated heritage assets
PINS-6010460	2026-09-07	Footpath outside 2 Benson Street, Middlesbrough (BT Street H / Middlesbrough	allowed	correct	applies 2026 Framework		
PINS-6010682	2026-09-07	Land north east of 7 Redmoor Lane, Wisbech / Fenland	dismissed	correct	applies 2026 Framework [parties consulted]		
PINS-6010701	2026-09-07	96 Church Road, Blurton, Stoke-on-Trent / Stoke-on-Trent	dismissed	correct	applies 2026 Framework [parties consulted]		
PINS-6010758	2026-09-07	14 Blundell Drive, Birkdale (s73A boundary treatment variati / Sefton	dismissed	correct	applies 2026 Framework [not consulted]		
PINS-6010763	2026-09-07	The Old Rectory, Mill Lane, Gratwich (agricultural building) / East Staffordshire	dismissed	correct	applies 2026 Framework [not consulted]		
PINS-6010828	2026-09-07	18 The Dell, Kempston, Bedford / Bedford	dismissed	correct	applies 2026 Framework		
PINS-6011039	2026-09-07	23A Rowms Lane, Swinton, Rotherham (B2 to beauty/services) / Rotherham	dismissed	correct	applies 2026 Framework		
PINS-6011059	2026-09-07	41 Springfield Road, Sheffield / Sheffield	dismissed	correct	applies 2026 Framework [not consulted]		
PINS-6011103	2026-09-07	Land between Rudyard Road and Hot Lane, Biddulph Moor / Staffordshire Moorlands	allowed	correct	applies 2026 Framework		
PINS-6011209	2026-09-07	Land east of Lichfield Road, Little Haywood (dog walking fie / Stafford	dismissed	correct	applies 2026 Framework [not consulted]		
PINS-6011373	2026-09-07	202 Mansfield Road, Selston / Ashfield	dismissed	correct	applies 2026 Framework [parties consulted]		
PINS-6011428	2026-09-07	36-40 Clayton Street, Newcastle upon Tyne (scaffold shroud a / Newcastle upon Tyne	allowed	correct	applies 2026 Framework [not consulted]		
PINS-6011524	2026-09-07	The Leys, 63 Booth Rise, Northampton / West Northamptonshire	dismissed	correct	applies 2026 Framework [not consulted]		
PINS-6011719	2026-09-07	Raynards Rest, Willis Lane, Four Marks / East Hampshire	dismissed	not-cited	s78 decided on development plan; no Framework reference		
PINS-6012025	2026-09-07	43 Endcliffe Rise Road, Sheffield (side dormers) / Sheffield	dismissed	correct	applies 2026 Framework [not consulted]		
APP-G2245-C-26-3377906	2026-09-08	Land south east of Oaklands, St Clere Hill Road, West Kingsd / Sevenoaks	allowed	correct	applies 2026 Framework [parties consulted]		
PINS-6004605	2026-09-08	Willow Cottage, Latchmore Bank, Little Hallingbury / Uttlesford	dismissed	correct	applies 2026 Framework [parties consulted]		
PINS-6005119	2026-09-08	Galowras Farm, St Ewe (redesigned dwelling, National Landsca / Cornwall	dismissed	correct	applies 2026 Framework; rejects 11(d) arguments (¶18) [parties consulted]		
PINS-6005123	2026-09-08	Parpan, Eversley Centre, Eversley / Hart	dismissed	not-cited	s78 decided on development plan; no Framework reference		
PINS-6006054	2026-09-08	393 Burnley Road, Holme Chapel, Cliviger / Burnley	dismissed	differs-slip (immaterial)	dismissed; great weight [not consulted]	¶18	given the great weight I must give to the conservation of designated heritage assets
PINS-6007323	2026-09-08	Dale Brow, 59 Macclesfield Road, Prestbury / Cheshire East	dismissed	correct	applies 2026 Framework [parties consulted]		
PINS-6007466	2026-09-08	Land at Penstraze, Chacewater / Cornwall	dismissed	differs-slip (immaterial)	dismissed; SDO conclusion [parties consulted]	¶30	the adverse impacts of the proposal significantly and demonstrably outweigh the benefits
PINS-6008160	2026-09-08	Land between 191 and 243 Nottingham Road, Selston / Ashfield	dismissed	correct	applies 2026 Framework [parties consulted]		
PINS-6008494	2026-09-08	28 Main Street, Lyddington (planning) / Rutland	allowed	correct	applies 2026 Framework [not consulted]		
PINS-6008495	2026-09-08	28 Main Street, Lyddington / Rutland	allowed	correct	applies 2026 Framework [not consulted]		
PINS-6008579	2026-09-08	The Granary, Old Carlton Farm, Stockton on the Forest / York	dismissed	correct	applies 2026 Framework		
PINS-6008989	2026-09-08	Land south west of Stonards Hill, Epping (keeping of horses) / Epping Forest	allowed	correct	applies 2026 Framework		
PINS-6009132	2026-09-08	2 Jesmond Avenue, Middlesbrough / Middlesbrough	allowed	correct	applies 2026 Framework		
PINS-6009181	2026-09-08	Bracken Ley, London Lane, Houghton Conquest / Central Bedfordshire	dismissed	correct	applies 2026 Framework [parties consulted]		
PINS-6009197	2026-09-08	18 Finden Gardens, Hampsthwaite / North Yorkshire	allowed	correct	applies 2026 Framework [parties consulted]		
PINS-6009198	2026-09-08	22B Ellerdale Road, Hampstead / Camden	dismissed	correct	applies 2026 Framework [parties consulted]		
PINS-6009503	2026-09-08	Leapman House, 59 Primrose Gardens, Belsize Park / Camden	dismissed	correct	applies 2026 Framework [parties consulted]		
PINS-6009587	2026-09-08	The Meadows car park, High Street, Chelmsford (digital totem / Chelmsford	dismissed	correct	applies 2026 Framework; expressly drops less than substantial [not consulted]		
PINS-6009640	2026-09-08	15 Stradbroke Drive, Chigwell / Epping Forest	dismissed	correct	applies 2026 Framework [parties consulted]		
PINS-6009787	2026-09-08	60 Second Avenue, Billericay / Basildon	dismissed	correct	applies 2026 Framework [parties consulted]		
PINS-6009871	2026-09-08	77 Harvey Road, Ilford (storage to retail) / Redbridge	dismissed	correct	applies 2026 Framework [parties consulted]		
PINS-6010021	2026-09-08	Land adjacent to 10 Hurtley Street, Burnley (PIP, 6 flats) / Burnley	allowed	correct	applies 2026 Framework		
PINS-6010086	2026-09-08	Pilmore Farm, Old Cassop / County Durham	allowed	correct	applies 2026 Framework [not consulted]		
PINS-6010228	2026-09-08	Land east of 52 Exeter Road, Claydon / Mid Suffolk	dismissed	correct	applies 2026 Framework [parties consulted]		
PINS-6010603	2026-09-08	17 Lyndon Mead, Sandridge / St Albans	allowed	correct	applies 2026 Framework		
PINS-6010708	2026-09-08	Workshop, 20 Bury Lane, Bramfield / East Hertfordshire	allowed	not-cited	s78 decided on development plan; no Framework reference		
PINS-6010729	2026-09-08	Rosemellyn Fisheries, Roche Road, St Austell (holiday wagons / Cornwall	dismissed	correct	applies 2026 Framework		
PINS-6011840	2026-09-08	56 Woodstock Road, Worcester / Worcester	dismissed	correct	applies 2026 Framework [parties consulted]		
PINS-6012648	2026-09-08	The Barn, Bridle Stile Lane, Queensbury (Bradford) / Bradford	allowed	not-cited	Framework cited only generically; version not identifiable		
PINS-6014250	2026-09-08	3 Booth Terrace, Dean House Lane, Luddenden / Calderdale	dismissed	correct	applies 2026 Framework [not consulted]		
PINS-6002006	2026-09-09	Uphill Farm walled garden, Yelverton / West Devon	allowed	correct	applies 2026 Framework [parties consulted]		
PINS-6003055	2026-09-09	Land east of Gwel An Syllan, Truthwall Lane, Truthwall (St J / Cornwall	dismissed	correct	applies 2026 Framework [parties consulted]		
PINS-6003718	2026-09-09	The New Inn, Main Road, Totton / New Forest	allowed	correct	applies 2026 Framework [parties consulted]		
PINS-6005150	2026-09-09	Stables opposite Manor House, Headley Common Road, Headley / Mole Valley	dismissed	correct	applies 2026 Framework		
PINS-6005433	2026-09-09	Storage containers, The Manor House, Headley Common Road, He / Mole Valley	dismissed	differs-slip (immaterial)	dismissed; great weight / less than substantial	¶30	the great weight given to the conservation of designated heritage assets
PINS-6006240	2026-09-09	Old Farmhouse (The Old House), Sheldon, Devon (roof solar pa / East Devon	allowed	correct	applies 2026 Framework [parties consulted]		
PINS-6007136	2026-09-09	Land adjacent to 9 Windmill Close, Ivinghoe / Buckinghamshire	dismissed	correct	applies 2026 Framework		
PINS-6007219	2026-09-09	Breckon Hill, Lowgate, Hexham (agricultural shed) / Northumberland	allowed	correct	applies 2026 Framework [not consulted]		
PINS-6007494	2026-09-09	47-65 Seven Sisters Road, London N7 / Islington	dismissed	correct	applies 2026 Framework [parties consulted]		
PINS-6007519	2026-09-09	Laurels, Salisbury Terrace, Mytchett / Surrey Heath	dismissed	differs-2024	treats the Dec 2024 NPPF as the updated national policy context	¶3	A revised version of the National Planning Policy Framework (the Framework) was published on 12 December 2024
PINS-6007541	2026-09-09	7 Vicarage Mansions, Queenstown Road, Battersea (mansard roo / Wandsworth	dismissed	differs-slip (immaterial)	dismissed; great weight	¶15	the Framework requires great weight to be given to heritage conservation
PINS-6007705	2026-09-09	Forge Garage, Church Road, Churchill / West Oxfordshire	allowed	correct	applies 2026 Framework [parties consulted]		
PINS-6007715	2026-09-09	Pavement outside Waitrose, 21 Liverpool Road, Islington (BT  / Islington	dismissed	correct	applies 2026 Framework [not consulted]		
PINS-6007861	2026-09-09	Park Tavern, 56 Elder Road, West Norwood / Lambeth	dismissed	correct	applies 2026 Framework; rejects 11(d) comparison (¶30) [parties consulted]		
PINS-6007883	2026-09-09	217 Colney Hatch Lane, Barnet / Barnet	dismissed	correct	applies 2026 Framework [not consulted]		
PINS-6008170	2026-09-09	Burnham Grammar School, Hogfair Lane, Burnham / Buckinghamshire	allowed	correct	applies 2026 Framework		
PINS-6008534	2026-09-09	356 Prescot Road, Old Swan, Liverpool (car showroom plus 9 f / Liverpool	dismissed	correct	applies 2026 Framework [parties consulted]		
PINS-6008639	2026-09-09	5 Road Running Through Nuneham Courtenay / South Oxfordshire	allowed	correct	applies 2026 Framework [not consulted]		
PINS-6008724	2026-09-09	K2 Bazar, 538-540 Stratford Road, Sparkhill, Birmingham / Birmingham	dismissed	correct	applies 2026 Framework [parties consulted]		
PINS-6008738	2026-09-09	274/274A Chartridge Lane, Chesham (s73 variation, Plot 6 hou / Buckinghamshire	allowed	not-cited	s78 decided on development plan; no Framework reference		
PINS-6009026	2026-09-09	64 Thornton Road, Bootle / Sefton	dismissed	correct	applies 2026 Framework [parties consulted]		
PINS-6009069	2026-09-09	257 Hagley Road, Edgbaston, Birmingham / Birmingham	allowed	correct	applies 2026 Framework [parties consulted]		
PINS-6009278	2026-09-09	256A North Street, Bedminster, Bristol / Bristol	dismissed	correct	applies 2026 Framework [not consulted]		
PINS-6009643	2026-09-09	110 Sundon Park Road, Luton (verge crossover and front parki / Luton	dismissed	not-cited	s78 decided on development plan; no Framework reference		
PINS-6010036	2026-09-09	Emmaus School, School Lane, Staverton / Wiltshire	allowed	differs-slip (immaterial)	allowed; HE7(2) applied correctly, less than substantial label only	¶17	the less than substantial harm in this instance is outweighed by the benefits
PINS-6010195	2026-09-09	24 Eastwood Road, South Woodford / Redbridge	allowed	correct	applies 2026 Framework [parties consulted]		
PINS-6010292	2026-09-09	Rose Cottage, Kentish Lane, Hatfield / Welwyn Hatfield	dismissed	correct	applies 2026 Framework		
PINS-6010375	2026-09-09	Land rear of 21-27 Brixey Road, Poole / Bournemouth Christchurch and Poole	dismissed	not-cited	s78 decided on development plan; no Framework reference		
PINS-6010391	2026-09-09	285 High Road Leyton / Waltham Forest	dismissed	differs-slip (immaterial)	dismissed; HE6(4) applied, less than substantial label [parties consulted]	¶18	I find the harm to the CA to be at the lower end of less than substantial
PINS-6010714	2026-09-09	66 Belbroughton Road, Blakedown / Wyre Forest	dismissed	correct	applies 2026 Framework [not consulted]		
PINS-6010783	2026-09-09	6 University Road, Leicester / Leicester	dismissed	correct	applies 2026 Framework [not consulted]		
PINS-6010929	2026-09-09	2 Palma Close, Dunstable / Central Bedfordshire	allowed	correct	applies 2026 Framework		
PINS-6011224	2026-09-09	The Elms, Woodperry Road, Beckley (self-build dwelling) / South Oxfordshire	allowed	correct	applies 2026 Framework [parties consulted]		
PINS-6011458	2026-09-09	2B Minehead Avenue, Withington, Manchester / Manchester	dismissed	correct	applies 2026 Framework [parties consulted]		
PINS-6011521	2026-09-09	Top Flat, 27 Alma Square, St John's Wood / Westminster	dismissed	correct	applies 2026 Framework [parties consulted]		
PINS-6011803	2026-09-09	126 Toms Lane, Kings Langley / Three Rivers	dismissed	correct	applies 2026 Framework [parties consulted]		
PINS-6011886	2026-09-09	Land south of The Rancher, Manor Farm Lane, Tidmarsh / West Berkshire	allowed	correct	applies 2026 Framework		
APP-Y9507-W-25-3362380	2026-09-10	Windmill Down Farm, Church Lane, Hambledon / South Downs National Park Authority	dismissed	correct	applies 2026 Framework [not consulted]		
PINS-6000405	2026-09-10	41 Brent Park Road, Brent Cross / Barnet	allowed	not-cited	s78 decided on development plan; no Framework reference		
PINS-6004909	2026-09-10	Land at Vicarage Hill, St Day (PIP, World Heritage Site) / Cornwall	dismissed	correct	applies 2026 Framework [parties consulted]		
PINS-6005495	2026-09-10	Manor House Farm, Hillfoot Lane, Kingsley (Appeal A — planni / Cheshire West and Chester	dismissed	correct	applies 2026 Framework		
PINS-6005497	2026-09-10	Manor House Farm, Hillfoot Lane, Kingsley (Appeal B — listed / Cheshire West and Chester	dismissed	correct	applies 2026 Framework		
PINS-6005970	2026-09-10	Land south of Litcham Road, Mileham / Breckland	allowed	correct	applies 2026 Framework [parties consulted]		
PINS-6006059	2026-09-10	Three Horseshoes, Bannister Green, Felsted (replacement wind / Uttlesford	dismissed	correct	applies 2026 Framework [parties consulted]		
PINS-6006352	2026-09-10	55 Bradford Crescent, Gilesgate, Durham / County Durham	allowed	correct	applies 2026 Framework [parties consulted]		
PINS-6007030	2026-09-10	Kilnash, Vicarage Lane, North Weald Bassett / Epping Forest	dismissed	correct	applies 2026 Framework		
PINS-6007217	2026-09-10	Camden Road (outside No 57), Camden / Camden	allowed	correct	applies 2026 Framework [parties consulted]		
PINS-6007360	2026-09-10	Footpath outside 45-46 Chalk Farm Road, Camden (BT Street Hu / Camden	dismissed	correct	applies 2026 Framework [parties consulted]		
PINS-6007431	2026-09-10	Land east of Lower Clicker Close, Clicker, Menheniot / Cornwall	dismissed	differs-slip (immaterial)	dismissed; SDO conclusion alongside S6 [parties consulted]	¶24	the adverse impacts of the proposal significantly and demonstrably outweigh the benefits
PINS-6007598	2026-09-10	Footpath outside 9-17 Highgate Road, Camden (BT Street Hub) / Camden	dismissed	correct	applies 2026 Framework [parties consulted]		
PINS-6007678	2026-09-10	West Barn, Cobhay Farm, Bathealton / Somerset	allowed	not-cited	s78 decided on development plan; no Framework reference		
PINS-6008083	2026-09-10	Former Newsham Park pub, 108 Boaler Street, Liverpool / Liverpool	dismissed	correct	applies 2026 Framework		
PINS-6008167	2026-09-10	Land to the rear of Dovedale, Ware / East Hertfordshire	dismissed	correct	applies 2026 Framework [parties consulted]		
PINS-6009042	2026-09-10	Barns at The Old Rectory, Bredicot / Wychavon	dismissed	differs-slip (immaterial)	dismissed; SDO conclusion	¶41	would significantly and demonstrably outweigh the benefits
PINS-6009241	2026-09-10	Pavement outside Esso, East Lancashire Road, Liverpool / Liverpool	allowed	correct	applies 2026 Framework [not consulted]		
PINS-6009303	2026-09-10	Land adjacent to 50 Middleton Way, Fen Drayton / South Cambridgeshire	dismissed	correct	applies 2026 Framework [parties consulted]		
PINS-6009593	2026-09-10	Land east of Spring Gardens, Washington / Horsham	allowed	correct	applies 2026 Framework		
PINS-6010352	2026-09-10	Footpath outside 3 Millbrook Place, Camden (Mornington Cresc / Camden	dismissed	correct	applies 2026 Framework [parties consulted]		
PINS-6010529	2026-09-10	108 The Avenue, Tottenham (C4 HMO to two flats) / Haringey	dismissed	correct	applies 2026 Framework [parties consulted]		
PINS-6010557	2026-09-10	15 Sextant Road (land fronting Thurncourt Road), Leicester / Leicester	dismissed	correct	applies 2026 Framework [parties consulted]		
PINS-6010644	2026-09-10	Ronbar North, 2 Crowther Road, Washington / Sunderland	allowed	correct	applies 2026 Framework [parties consulted]		
PINS-6010846	2026-09-10	Footway outside 141 Camden High Street (BT Street Hub) / Camden	dismissed	correct	applies 2026 Framework [parties consulted]		
PINS-6010980	2026-09-10	Flat B, 35 Arvon Road, Islington (rear dormer) / Islington	dismissed	correct	applies 2026 Framework [parties consulted]		
PINS-6011071	2026-09-10	2a Parkhurst Road, Islington / Islington	dismissed	correct	applies 2026 Framework [parties consulted]		
PINS-6011079	2026-09-10	Moonshine Meadow, Cuckfield Road, Ansty / Mid Sussex	dismissed	correct	applies 2026 Framework [parties consulted]		
PINS-6011301	2026-09-10	Land at Doctors Hill, Bournheath / Bromsgrove	allowed	correct	applies 2026 Framework		
PINS-6011472	2026-09-10	14 Clayton Road, Bradford (single-storey front extension) / Bradford	allowed	not-cited	s78 decided on development plan; no Framework reference		
PINS-6012026	2026-09-10	297 Frankby Road, Frankby / Wirral	dismissed	correct	applies 2026 Framework		
PINS-6012153	2026-09-10	Outside 118 Mile End Road, Tower Hamlets (BT Street Hub repl / Tower Hamlets	allowed	correct	applies 2026 Framework		
PINS-6012154	2026-09-10	Broom Farm, Dene Road, Norton Fitzwarren / Somerset	allowed	not-cited	s78 decided on development plan; no Framework reference		
PINS-6013310	2026-09-10	1 Bronington Avenue, Eastham, Wirral (first-floor side exten / Wirral	dismissed	correct	applies 2026 Framework		
PINS-6003034	2026-09-11	J Sainsbury, 73 High Street, Chislehurst (rooftop telecoms) / Bromley	dismissed	correct	applies 2026 Framework		
PINS-6004929	2026-09-11	1-3A Doggett Road, Catford / Lewisham	allowed	correct	applies 2026 Framework [parties consulted]		
PINS-6005108	2026-09-11	Land west of Little Smiths Farm, Drayton / Vale of White Horse	allowed	differs-slip (immaterial)	allowed; S5 applied (¶137-140) but concludes in SDO words; less than substantial heritage	¶145	would not significantly and demonstrably outweigh the benefits
PINS-6005877	2026-09-11	Land off Bolshaw Farm Lane, Heald Green / Cheshire East	allowed	correct	applies 2026 Framework		
PINS-6006329	2026-09-11	Land adjacent to 340 Heathway, Dagenham / Barking and Dagenham	dismissed	not-cited	s78 decided on development plan; Framework cited only generically		
PINS-6006506	2026-09-11	Walden Manor, Waldens Road, Orpington (rear extension, LBC - / Bromley	dismissed	correct	applies 2026 Framework [parties consulted]		
PINS-6007403	2026-09-11	Land south of Morkery Lane, Castle Bytham / South Kesteven	dismissed	correct	applies 2026 Framework [parties consulted]		
PINS-6007478	2026-09-11	Park House, Park Road, Colton, Leeds / Leeds	dismissed	differs-slip (immaterial)	dismissed; less than substantial as Framework category, great weight	¶23	a moderate to high level of ‘less than substantial’ harm as set out in the Framework
PINS-6007479	2026-09-11	Park House, Park Road, Colton, Leeds (replacement windows, l / Leeds	dismissed	differs-slip (immaterial)	dismissed; less than substantial as Framework category, great weight	¶23	a moderate to high level of ‘less than substantial’ harm as set out in the Framework
PINS-6007562	2026-09-11	172 Royal College Street, Camden / Camden	allowed	correct	applies 2026 Framework [not consulted]		
PINS-6008895	2026-09-11	Twelve Acre Farm & Livery, Moor Drove (East), Hockwold cum W / King's Lynn and West Norfolk	dismissed	correct	applies 2026 Framework		
PINS-6009133	2026-09-11	1 Westwood Road, Perry Barr, Birmingham (C3 to C2 one-child  / Birmingham	allowed	not-cited	s78 decided on development plan; no Framework reference		
PINS-6009469	2026-09-11	7 Market Street, Stourbridge / Dudley	allowed	correct	applies 2026 Framework (switch acknowledged; no version-specific test) [not consulted]		
PINS-6009541	2026-09-11	32 Bromley Road, Catford, Lewisham / Lewisham	dismissed	correct	applies 2026 Framework [parties consulted]		
PINS-6009558	2026-09-11	7 Wych Lane, Gosport / Gosport	allowed	correct	applies 2026 Framework [parties consulted]		
PINS-6009905	2026-09-11	271 The Drive, Cranbrook, Ilford / Redbridge	allowed	correct	applies 2026 Framework [parties consulted]		
PINS-6010023	2026-09-11	111-113 Cauldwell Hall Road, Ipswich / Ipswich	dismissed	correct	applies 2026 Framework [parties consulted]		
PINS-6010150	2026-09-11	Pavement outside Aldi, 76-86 High Street, Feltham / Hounslow	allowed	correct	applies 2026 Framework [parties consulted]		
PINS-6010260	2026-09-11	Land east of Old Shackerley Lane, Albrighton / Shropshire	dismissed	differs-slip (immaterial)	dismissed; SDO conclusion	¶31	would significantly and demonstrably outweigh the benefits of the proposal
PINS-6010310	2026-09-11	2 West Edge Cottage, West Edge, Marsh Gibbon / Buckinghamshire	allowed	correct	applies 2026 Framework [parties consulted]		
PINS-6010619	2026-09-11	86 Alexandra Road, Poole / Bournemouth, Christchurch and Poole	dismissed	differs-slip (immaterial)	dismissed; SDO conclusion [parties consulted]	¶56	the adverse impacts would significantly and demonstrably outweigh the benefits
PINS-6010825	2026-09-11	Shaws Lane Top Farm, Triangle, Sowerby Bridge / Calderdale	dismissed	correct	applies 2026 Framework [parties consulted]		
PINS-6010877	2026-09-11	27 Rose Terrace, Woodford (light industrial and storage unit / North Northamptonshire	allowed	correct	applies 2026 Framework [parties consulted]		
PINS-6010973	2026-09-11	Cedars Farm, Broadwas / Malvern Hills	allowed	differs-slip (immaterial)	allowed; S5:1(e) step done (¶13-22) but concludes in SDO words	¶47	would not significantly and demonstrably outweigh the benefits
PINS-6011088	2026-09-11	12 Sladefield Road, Ward End, Birmingham / Birmingham	dismissed	correct	applies 2026 Framework [parties consulted]		
PINS-6011101	2026-09-11	Former Gas Holder Site, Cranbourne Road, Gosport (open stora / Gosport	dismissed	correct	applies 2026 Framework [parties consulted]		
PINS-6011106	2026-09-11	Fairhaven, Bellwether Lane, Outwood / Tandridge	dismissed	correct	applies 2026 Framework		
PINS-6011347	2026-09-11	1A Hawkins Lane, Burton upon Trent / East Staffordshire	allowed	correct	applies 2026 Framework		
PINS-6011648	2026-09-11	13 Temperance Hill, Woolley Moor (rear first-floor extension / North East Derbyshire	dismissed	correct	applies 2026 Framework		
PINS-6012021	2026-09-11	13 Howard Avenue, Bedford / Bedford	allowed	correct	applies 2026 Framework [parties consulted]		
PINS-6012591	2026-09-11	Lukes, Radley Green Road, Willingale / Epping Forest	dismissed	correct	applies 2026 Framework		
PINS-6012763	2026-09-11	Fourays, Horsham Road, Capel / Mole Valley	allowed	correct	applies 2026 Framework		
PINS-6001260	2026-09-14	Paddock land adjoining 39a Stone Lane, Lydiard Millicent / Wiltshire	allowed	correct	applies 2026 Framework [parties consulted]		
PINS-6003569	2026-09-14	Crockmore Cottage, Fawley (200 kW ground-mounted solar) / Buckinghamshire	allowed	differs-slip (immaterial)	allowed; great weight to protected landscape (2024 wording)	¶29	the great weight afforded to
PINS-6005067	2026-09-14	Dingle Bank House, 10 Dingle Bank Close, Lymm (uPVC windows  / Warrington	dismissed	differs-slip (immaterial)	dismissed; HE6 applied, less than substantial label [parties consulted]	¶9	on the lower end of less than substantial
PINS-6005809	2026-09-14	Land north of Spring Hill, Kingston Bagpuize with Southmoor / Vale of White Horse	allowed	correct	applies 2026 Framework		
PINS-6006123	2026-09-14	Court Farm, Padbrook Lane, Elmstone / Dover	dismissed	correct	applies 2026 Framework [parties consulted]		
PINS-6006286	2026-09-14	Land to rear of White House Farm (5 Bescar Lane), Bescar, Sc / West Lancashire	dismissed	correct	applies 2026 Framework		
PINS-6006422	2026-09-14	North Burton Hall, Hunmanby Road, Burton Fleming / East Riding of Yorkshire	allowed	correct	applies 2026 Framework [parties consulted]		
PINS-6006811	2026-09-14	Hall Croft House, Castleford Road, Normanton / Wakefield	allowed	correct	applies 2026 Framework [parties consulted]		
PINS-6007163	2026-09-14	Prince William Inn, Beacon Lane, Dalton / West Lancashire	allowed	correct	applies 2026 Framework		
PINS-6007184	2026-09-14	Land south of Daws Heath Road, Thundersley / Castle Point	allowed	correct	applies 2026 Framework		
PINS-6007642	2026-09-14	Bland Hill Farm, Broad Dubb Road, Norwood (FUL 6007606 and L / North Yorkshire	dismissed	correct	applies 2026 Framework [parties consulted]		
PINS-6007856	2026-09-14	Garages rear of 13 Morven Drive, Bill Quay, Gateshead / Gateshead	dismissed	correct	applies 2026 Framework [not consulted]		
PINS-6008646	2026-09-14	52 Hugh Road, Coventry / Coventry	dismissed	correct	applies 2026 Framework [parties consulted]		
PINS-6008667	2026-09-14	18 Beech Hill, Hadley Wood, Enfield / Enfield	dismissed	correct	applies 2026 Framework [parties consulted]		
PINS-6008803	2026-09-14	18 Beech Hill, Hadley Wood, Enfield / Enfield	dismissed	correct	applies 2026 Framework [parties consulted]		
PINS-6009340	2026-09-14	Verge by Abingdon Road / Broadway, Didcot (micro energy stor / South Oxfordshire	allowed	correct	applies 2026 Framework		
PINS-6009486	2026-09-14	Homestead, Liverpool Road, Tarleton / West Lancashire	allowed	correct	applies 2026 Framework [parties consulted]		
PINS-6010189	2026-09-14	1391-1393 London Road, Norbury (adult gaming centre) / Croydon	allowed	correct	applies 2026 Framework [parties consulted]		
PINS-6010191	2026-09-14	Timberdown, adjacent 1 Jackson Road, Bromley / Bromley	dismissed	correct	applies 2026 Framework [parties consulted]		
PINS-6010442	2026-09-14	Land west of Pits Mingle Bungalow, Tregoss Moor, Roche / Cornwall	dismissed	correct	applies 2026 Framework [parties consulted]		
PINS-6010518	2026-09-14	4 Offington Court, Offington, Worthing / Worthing	dismissed	correct	applies 2026 Framework [not consulted]		
PINS-6010668	2026-09-14	103 Oxford Street, Soho, London (scaffold shroud advert) / Westminster	allowed	correct	applies 2026 Framework		
PINS-6010838	2026-09-14	Denmark Hill, outside No 124 (BT Street Hub) / Lambeth	allowed	correct	applies 2026 Framework [parties consulted]		
PINS-6011253	2026-09-14	Land adjacent 8 Bedford Road, Cople / Bedford	allowed	correct	applies 2026 Framework		
PINS-6011256	2026-09-14	Barn at Poplar Farm, Harps Hall Road, Walton Highway / King's Lynn and West Norfolk	dismissed	correct	applies 2026 Framework		
PINS-6011314	2026-09-14	Hill House Farm (Hillhouse), Bosbury, Ledbury (extension and / Herefordshire	dismissed	correct	applies 2026 Framework [parties consulted]		
PINS-6011401	2026-09-14	1 Rothbury, Sunderland / Sunderland	dismissed	correct	applies 2026 Framework [parties consulted]		
SOS-EN020032	2026-09-14	Morgan and Morecambe Offshore Wind Farms Transmission Assets / Fylde / South Ribble / Blackpool / Preston (Lancashire)	approved	differs-2024	SoS knowingly applies 2024 NPPF (¶¶153/160) as version in effect at Examination	¶4.2	these are references to the 2024 version
PINS-6006289	2026-09-15	Land north of Lyndale, Twitty Fee, Danbury / Chelmsford	dismissed	correct	applies 2026 Framework [parties consulted]		
PINS-6006697	2026-09-15	Land adjacent to Woodstock House, Mole Street, Ockley (barn) / Mole Valley	dismissed	correct	applies 2026 Framework [parties consulted]		
PINS-6006812	2026-09-15	Green House, Cromer Road, Thorpe Market (B&B to large holida / North Norfolk	dismissed	correct	applies 2026 Framework		
PINS-6006893	2026-09-15	Land east of Bere Hill, Whitchurch / Basingstoke and Deane	dismissed	correct	applies 2026 Framework		
PINS-6007266	2026-09-15	23-24 Brunswick Square, Hove / Brighton and Hove	dismissed	correct	applies 2026 Framework [parties consulted]		
PINS-6007334	2026-09-15	Hillcrest, Chalton, Luton (PIP 1-9 dwellings) / Central Bedfordshire	dismissed	correct	applies 2026 Framework		
PINS-6007796	2026-09-15	Old Street opposite No 142, Islington (BT Street Hub) / Islington	allowed	not-cited	advertisement decided on development plan; Framework cited only generically		
PINS-6008314	2026-09-15	Land off Eastbourne Road, Polegate (Aldi foodstore and care  / Wealden	allowed	correct	applies 2026 Framework [parties consulted]		
PINS-6008465	2026-09-15	Land at Moorhouse Lane, Oxenhope / Bradford	dismissed	correct	applies 2026 Framework [parties consulted]		
PINS-6008490	2026-09-15	Flat 2, 349 Hackney Road, Tower Hamlets / Tower Hamlets	dismissed	correct	applies 2026 Framework [parties consulted]		
PINS-6008562	2026-09-15	Manor Court, North Side, Steeple Aston (two-storey rear exte / Cherwell	dismissed	correct	applies 2026 Framework [not consulted]		
PINS-6008643	2026-09-15	19 Southbourne Grove, Southend-on-Sea / Southend-on-Sea	allowed	correct	applies 2026 Framework [parties consulted]		
PINS-6008848	2026-09-15	Beech Grove, Brock Road, Great Eccleston (barn to live/work) / Wyre	dismissed	correct	applies 2026 Framework		
PINS-6008922	2026-09-15	Land adjacent to 9 Ashby Close, Grimsby / North East Lincolnshire	allowed	correct	applies 2026 Framework (switch acknowledged; no version-specific test) [not consulted]		
PINS-6009098	2026-09-15	White House Farm, Main Street, Ealand / North Lincolnshire	dismissed	correct	applies 2026 Framework [parties consulted]		
PINS-6009463	2026-09-15	Lowgate Farm, Lowgate, Tydd St Mary / South Holland	dismissed	correct	applies 2026 Framework [not consulted]		
PINS-6009588	2026-09-15	Land south of 47 Necton Road (Ashbridge House), Little Dunha / Breckland	dismissed	correct	applies 2026 Framework [parties consulted]		
PINS-6009626	2026-09-15	54 Meltham Road, Huddersfield / Kirklees	dismissed	correct	applies 2026 Framework [not consulted]		
PINS-6009852	2026-09-15	16 George's Street, Ovenden, Halifax / Calderdale	dismissed	correct	applies 2026 Framework [not consulted]		
PINS-6010024	2026-09-15	15 Warwick Road, Batley (home-kitchen takeaway) / Kirklees	dismissed	correct	applies 2026 Framework		
PINS-6010238	2026-09-15	225 Faversham Road, Kennington, Ashford / Ashford	dismissed	correct	applies 2026 Framework		
PINS-6010379	2026-09-15	10 Goodmayes Lane, Ilford / Redbridge	dismissed	correct	applies 2026 Framework [parties consulted]		
PINS-6010520	2026-09-15	Grove Farm (Harefield Grove), Rickmansworth Road, Harefield / Hillingdon	dismissed	correct	applies 2026 Framework		
PINS-6010672	2026-09-15	Kensington Hall, 25-27 Kensington Street, Bradford (front re / Bradford	dismissed	not-cited	s78 decided on development plan; no Framework reference		
PINS-6010836	2026-09-15	19 St Michaels Road, Newquay / Cornwall	dismissed	correct	applies 2026 Framework [parties consulted]		
PINS-6010987	2026-09-15	Loudon Way, Repton Park, Ashford (micro energy storage) / Ashford	dismissed	correct	applies 2026 Framework		
PINS-6011231	2026-09-15	Gravel Farm, 250 Gravel Lane, Banks / West Lancashire	allowed	correct	applies 2026 Framework		
PINS-6011330	2026-09-15	Land and buildings south of Cowley Lane, Dronfield / North East Derbyshire	dismissed	correct	applies 2026 Framework [not consulted]		
PINS-6011691	2026-09-15	Church Cottage, 10 East Lane, West Horsley / Guildford	dismissed	correct	applies 2026 Framework [not consulted]		
PINS-6011872	2026-09-15	Land adjacent to 16 Mill Road, Fen Drayton / South Cambridgeshire	dismissed	correct	applies 2026 Framework [parties consulted]		
PINS-6012188	2026-09-15	Land to the rear of 3 Broad Lane, Downholland / West Lancashire	dismissed	correct	applies 2026 Framework		
PINS-6012239	2026-09-15	111-117 Sunbridge Road, Bradford / Bradford	allowed	correct	applies 2026 Framework [parties consulted]		
PINS-6012252	2026-09-15	4 Denton Road, Eastbourne (garage conversion to studio dwell / Eastbourne	allowed	correct	applies 2026 Framework [parties consulted]		
PINS-6004494	2026-09-16	49 Annand Road, Gilesgate, Durham / Durham	dismissed	correct	applies 2026 Framework [parties consulted]		
PINS-6004850	2026-09-16	119 Bradford Crescent, Gilesgate, Durham / Durham	dismissed	correct	applies 2026 Framework [parties consulted]		
PINS-6005088	2026-09-16	Leydens Farm, Lydens Lane, Hever / Sevenoaks	dismissed	correct	applies 2026 Framework		
PINS-6005903	2026-09-16	Land north of Bishops Lane, west of Willow Bank, Robertsbrid / Rother	dismissed	correct	applies 2026 Framework [parties consulted]		
PINS-6005969	2026-09-16	3 Roosevelt Road, Gilesgate, Durham / County Durham	dismissed	correct	applies 2026 Framework [parties consulted]		
PINS-6006244	2026-09-16	159 Rush Green Road, Romford / Havering	allowed	correct	applies 2026 Framework [not consulted]		
PINS-6006475	2026-09-16	Land between Copper Lodge and The Cloth Hall, Water Lane, Sm / Ashford	dismissed	correct	applies 2026 Framework		
PINS-6007348	2026-09-16	Home Farm, Main Road, Bevercotes / Bassetlaw	dismissed	correct	applies 2026 Framework; tilted balance only in council/Misterton history [parties consulted]		
PINS-6007793	2026-09-16	Pavement outside Hillyard House, Brixton Road / Lambeth	dismissed	correct	applies 2026 Framework [parties consulted]		
PINS-6007871	2026-09-16	Land adjacent to 47 Langridge Circle, Watlington / King's Lynn and West Norfolk	allowed	correct	applies 2026 Framework [parties consulted]		
PINS-6007932	2026-09-16	Former EON Energy Site, Caxton Road, Bedford / Bedford	dismissed	correct	applies 2026 Framework [not consulted]		
PINS-6008528	2026-09-16	Henhurst Lodge, Beare Green / Mole Valley	dismissed	correct	applies 2026 Framework		
PINS-6008701	2026-09-16	St John Street outside No 407, Angel, Islington / Islington	allowed	correct	applies 2026 Framework [not consulted]		
PINS-6008719	2026-09-16	34 Banwell Road, Odd Down, Bath (C3/C4 dual use, 4-bed HMO) / Bath and North East Somerset	allowed	correct	applies 2026 Framework [not consulted]		
PINS-6009032	2026-09-16	5 Kingsfold Close, Billingshurst / Horsham	dismissed	correct	applies 2026 Framework [parties consulted]		
PINS-6009618	2026-09-16	Land off Rectory Rise, Petrockstowe / Torridge	dismissed	correct	applies 2026 Framework [parties consulted]		
PINS-6009632	2026-09-16	Land east of Hawarden, Holsworthy Beacon / Torridge	allowed	correct	applies 2026 Framework [parties consulted]		
PINS-6009838	2026-09-16	Land on north side of Lodge Lane, Bolney / Mid Sussex	dismissed	correct	applies 2026 Framework [parties consulted]		
PINS-6010164	2026-09-16	Verge at Chelmsford Road, Great Dunmow (micro energy storage / Uttlesford	allowed	correct	applies 2026 Framework [not consulted]		
PINS-6010354	2026-09-16	Three Acres Farm, The Common, South Creake / King's Lynn and West Norfolk	dismissed	correct	applies 2026 Framework [parties consulted]		
PINS-6010568	2026-09-16	7 Caledonia Road, Stanwell (6-bed HMO to 8-bed HMO) / Spelthorne	dismissed	correct	applies 2026 Framework [not consulted]		
PINS-6010756	2026-09-16	Scrambling Field, Gaffer's Farm, Higher Halstock / Dorset	dismissed	correct	applies 2026 Framework [parties consulted]		
PINS-6011052	2026-09-16	31a Roman Road, Linthorpe, Middlesbrough (flat to 5-bed HMO) / Middlesbrough	dismissed	correct	applies 2026 Framework [not consulted]		
PINS-6011381	2026-09-16	238 Caulfield Road, East Ham (two children's homes) / Newham	allowed	correct	applies 2026 Framework [parties consulted]		
PINS-6012017	2026-09-16	290 Prince Avenue, Westcliff-on-Sea / Southend-on-Sea	split	correct	applies 2026 Framework [not consulted]		
PINS-6012370	2026-09-16	33 Stainecross Avenue, Crosland Moor, Huddersfield / Kirklees	allowed	correct	applies 2026 Framework [parties consulted]		
PINS-6012827	2026-09-16	Crestway, 246 Dover House Road, Wandsworth (porch canopy) / Wandsworth	dismissed	correct	applies 2026 Framework		
PINS-6004062	2026-09-17	Pavement outside 100 High Street, Crawley (BT Street Hub) / Crawley	dismissed	correct	applies 2026 Framework [parties consulted]		
PINS-6004144	2026-09-17	Land south of Warren Lane, Hurst Green / Tandridge	dismissed	correct	applies 2026 Framework		
PINS-6005051	2026-09-17	33 Craven Road, Bayswater / Westminster	dismissed	differs-slip (immaterial)	dismissed; great weight / less than substantial [parties consulted]	¶27	The Framework indicates that great weight should be given to the conservation
PINS-6006581	2026-09-17	Land west of Hedgehog Lane (Longdene House), Haslemere / Waverley	dismissed	correct	applies 2026 Framework [parties consulted]		
PINS-6007272	2026-09-17	46 North Trade Road, Battle / Rother	dismissed	correct	applies 2026 Framework [parties consulted]		
PINS-6007971	2026-09-17	Gladwyns Farmhouse, Richmonds Green, Thaxted / Uttlesford	allowed	correct	applies 2026 Framework [not consulted]		
PINS-6008404	2026-09-17	Pinfield House, Brown Heath Lane, Martin Hussingtree / Wychavon	dismissed	correct	applies 2026 Framework		
PINS-6008410	2026-09-17	Myrtle Mount, 14 Elm Grove, Hartlepool / Hartlepool	dismissed	correct	applies 2026 Framework [parties consulted]		
PINS-6008434	2026-09-17	Land at Brakenhill Mews, Upper Seagry / Wiltshire	dismissed	correct	applies 2026 Framework [parties consulted]		
PINS-6008555	2026-09-17	36 Albany Crescent, Claygate / Elmbridge	dismissed	correct	applies 2026 Framework [parties consulted]		
PINS-6009405	2026-09-17	Historic Toilet Block, Road of Remembrance, Folkestone / Folkestone and Hythe	allowed	correct	applies 2026 Framework [parties consulted]		
PINS-6009409	2026-09-17	Godolphin House Stables, Broughton Lane, Leire / Harborough	dismissed	correct	applies 2026 Framework		
PINS-6009473	2026-09-17	Unit 9a, Birkdale Avenue, Selly Oak, Birmingham / Birmingham	allowed	not-cited	GPDO prior approval/permitted development; Framework not the decision basis		
PINS-6009917	2026-09-17	7 Marine Parade, Folkestone / Folkestone and Hythe	dismissed	correct	applies 2026 Framework [parties consulted]		
PINS-6010197	2026-09-17	5 Wellesley Street, King's Lynn / King's Lynn and West Norfolk	dismissed	differs-slip (immaterial)	dismissed; attributes great weight to the Framework (HE6(1) says substantial) [parties consulted]	¶18	The Frameworks states that great weight should be given to the asset’s conservation
PINS-6010401	2026-09-17	Windmill Farmhouse, Carlton Road, Wilbarston / North Northamptonshire	dismissed	correct	applies 2026 Framework [parties consulted]		
PINS-6010428	2026-09-17	30 Cranleigh Close, Cheshunt / Broxbourne	dismissed	correct	applies 2026 Framework [not consulted]		
PINS-6010429	2026-09-17	16 Wellington Drive, Bracknell / Bracknell Forest	dismissed	correct	applies 2026 Framework [parties consulted]		
PINS-6010764	2026-09-17	Prestedge Barn, Whitefield Lane, Ashover / North East Derbyshire	allowed	correct	applies 2026 Framework [parties consulted]		
PINS-6010765	2026-09-17	8 High Street, Mayfield (planning - shopfront roller shutter / Wealden	dismissed	correct	applies 2026 Framework [parties consulted]		
PINS-6010767	2026-09-17	8 High Street, Mayfield (listed building consent - shopfront / Wealden	dismissed	correct	applies 2026 Framework [parties consulted]		
PINS-6010905	2026-09-17	34 Coalport Road, Broseley / Shropshire	dismissed	correct	applies 2026 Framework [not consulted]		
PINS-6010946	2026-09-17	38 Highfield Road, Nottingham / Nottingham	dismissed	correct	applies 2026 Framework [parties consulted]		
PINS-6011040	2026-09-17	26 Stirling Avenue, Leigh-on-Sea / Southend-on-Sea	allowed	correct	applies 2026 Framework [parties consulted]		
PINS-6011148	2026-09-17	Rear garden of 148 Longdon Road, Knowle / Solihull	allowed	correct	applies 2026 Framework [parties consulted]		
PINS-6011150	2026-09-17	Land off Welshpool Road, adjacent to Southerly, Chavel / Shropshire	dismissed	correct	applies 2026 Framework [parties consulted]		
PINS-6011786	2026-09-17	Tylers Croft, Abbotswood Close, Guildford / Guildford	allowed	correct	applies 2026 Framework		
PINS-6011807	2026-09-17	21 Grace Hill, Folkestone (ground floor) / Folkestone and Hythe	dismissed	correct	applies 2026 Framework		
PINS-6012043	2026-09-17	The Granary, Colemans Farm, Toot Hill Road, Stanford Rivers / Epping Forest	allowed	correct	applies 2026 Framework; expressly drops less than substantial		
PINS-6012221	2026-09-17	10 Broomfield Ride, Oxshott (side and rear extensions) / Elmbridge	allowed	correct	applies 2026 Framework		
PINS-6012411	2026-09-17	Washdyke Farm, Long Lane, Stathern / Melton	dismissed	not-cited	s78 decided on development plan; no Framework reference		
APP-E3335-W-25-3375062	2026-09-18	Land at Great Dunns Close, Beckington / Somerset	allowed	correct	applies 2026 Framework [not consulted]		
PINS-6004496	2026-09-18	Land to rear of 223A Main Street, Thornton / Hinckley and Bosworth	dismissed	correct	applies 2026 Framework [parties consulted]		
PINS-6005081	2026-09-18	Albury Dairy, Honey Lane, Selborne / South Downs National Park	allowed	correct	applies 2026 Framework [not consulted]		
PINS-6005312	2026-09-18	13 Court Yard, Eltham / Greenwich	dismissed	correct	applies 2026 Framework [not consulted]		
PINS-6005792	2026-09-18	273 Abingdon Road, Oxford / Oxford	dismissed	not-cited	s78 decided on development plan; no Framework reference		
PINS-6006656	2026-09-18	School Road Business Park, Newton Abbot / Teignbridge	dismissed	correct	applies 2026 Framework		
PINS-6006720	2026-09-18	10 Pine View Close, Badshot Lea, Farnham / Waverley	dismissed	correct	applies 2026 Framework [parties consulted]		
PINS-6006846	2026-09-18	1 Kingswood Close, Boldon Colliery / South Tyneside	dismissed	correct	applies 2026 Framework [parties consulted]		
PINS-6006900	2026-09-18	Land at Rogers Lane, Findon / South Downs National Park Authority	dismissed	correct	applies 2026 Framework		
PINS-6007130	2026-09-18	Land south of Old Elstead Road, Milford / Waverley	dismissed	correct	applies 2026 Framework		
PINS-6007305	2026-09-18	151 Northfield Avenue, West Ealing / Ealing	dismissed	not-cited	s78 decided on development plan; no Framework reference		
PINS-6008500	2026-09-18	Bromsgrove House, Honeysome Road, Chatteris / Fenland	dismissed	correct	applies 2026 Framework [parties consulted]		
PINS-6009081	2026-09-18	Ground Floor Flat, 2 Douglas Road, Herne Bay / Canterbury	allowed	correct	applies 2026 Framework [parties consulted]		
PINS-6009147	2026-09-18	Unit 4A, Tinsley Lane North, Crawley / Crawley	allowed	correct	applies 2026 Framework [parties consulted]		
PINS-6009211	2026-09-18	96A Green Dragon Lane, Southgate / Enfield	dismissed	correct	applies 2026 Framework [not consulted]		
PINS-6009443	2026-09-18	Land east of Nordic Barn, Kilkhampton, Bude (glamping pods) / Cornwall	dismissed	correct	applies 2026 Framework; SDO words are CLP policy 1 wording, not Framework		
PINS-6009474	2026-09-18	Sussex Topiary, Naldretts Lane, Rudgwick / Horsham	dismissed	correct	applies 2026 Framework [parties consulted]		
PINS-6009598	2026-09-18	4A Gimmels Gate, Spalding / South Holland	dismissed	correct	applies 2026 Framework [parties consulted]		
PINS-6009645	2026-09-18	Grandview House, 94 Broad Street, Wood Street (Guildford) / Guildford	dismissed	correct	applies 2026 Framework		
PINS-6009866	2026-09-18	Outside Exchange Station / Barnsley Interchange, Midland Str / Barnsley	dismissed	correct	applies 2026 Framework		
PINS-6009966	2026-09-18	Chedworth, Coopers Hill Road, South Nutfield / Tandridge	dismissed	correct	applies 2026 Framework		
PINS-6009974	2026-09-18	Uplands Farm, Meggett Lane, Alkham (agricultural barn prior  / Dover	allowed	not-cited	GPDO prior approval/permitted development; Framework not the decision basis		
PINS-6010090	2026-09-18	Idson Farm, Idson Lane, Stogursey / Somerset	dismissed	correct	applies 2026 Framework [parties consulted]		
PINS-6010196	2026-09-18	Land at OS 7540 6621 Stourport Road, Great Witley (4 dwellin / Malvern Hills	dismissed	correct	applies 2026 Framework [parties consulted]		
PINS-6010288	2026-09-18	St Albans House, 98 East Hill, Dartford / Dartford	dismissed	correct	applies 2026 Framework [not consulted]		
PINS-6010348	2026-09-18	Barn on West Lane, Galphay, Ripon / North Yorkshire	dismissed	correct	applies 2026 Framework [parties consulted]		
PINS-6010501	2026-09-18	111A Parchmore Road, Thornton Heath / Croydon	dismissed	correct	applies 2026 Framework [parties consulted]		
PINS-6010552	2026-09-18	5 St Marys Road, Garston, Liverpool / Liverpool	dismissed	correct	applies 2026 Framework [parties consulted]		
PINS-6010616	2026-09-18	Vale View, West Bagborough / Somerset	dismissed	correct	applies 2026 Framework [parties consulted]		
PINS-6010834	2026-09-18	Land adjacent to Arcady, Coryates / Dorset	dismissed	correct	applies 2026 Framework [parties consulted]		
PINS-6010848	2026-09-18	Land off Cheddington Road, Pitstone / Buckinghamshire	dismissed	correct	applies 2026 Framework [parties consulted]		
PINS-6010883	2026-09-18	28 Central Parade, New Addington, Croydon (KFC late hours) / Croydon	dismissed	correct	applies 2026 Framework [parties consulted]		
PINS-6011095	2026-09-18	Land adjacent Crowcastle Lane, Kirtlington (retained storage / Cherwell	dismissed	correct	applies 2026 Framework [not consulted]		
PINS-6011097	2026-09-18	7 Churchfields Road, Bromsgrove / Bromsgrove	allowed	correct	applies 2026 Framework [not consulted]		
PINS-6011375	2026-09-18	Land to rear of 34-40 Hillcrest Road, Walthamstow / Waltham Forest	dismissed	correct	applies 2026 Framework [parties consulted]		
PINS-6011432	2026-09-18	7 Grayling Close, Canning Town (solo children's home) / Newham	allowed	correct	applies 2026 Framework [parties consulted]		
PINS-6011467	2026-09-18	Land rear of Walsgrave Club, 146 Woodway Lane, Coventry / Coventry	dismissed	correct	applies 2026 Framework (switch acknowledged; no version-specific test) [not consulted]		
PINS-6011498	2026-09-18	Woodstock House, Mole Street, Ockley / Mole Valley	dismissed	correct	applies 2026 Framework [parties consulted]		
PINS-6011516	2026-09-18	73 High Street, Ruislip (bingo hall) / Hillingdon	dismissed	correct	applies 2026 Framework [parties consulted]		
PINS-6011522	2026-09-18	108-114 Red Lane, Coventry / Coventry	dismissed	correct	applies 2026 Framework [not consulted]		
PINS-6011661	2026-09-18	27 Lansdowne Street, Coventry / Coventry	dismissed	not-cited	s78 decided on development plan; no Framework reference		
PINS-6011901	2026-09-18	Land adjacent to 3 School Cottages, Worcester Park (1 dwelli / Kingston upon Thames	dismissed	correct	applies 2026 Framework		
PINS-6011972	2026-09-18	Semper Fidelis, Wire Mill Lane, Newchapel / Tandridge	dismissed	correct	applies 2026 Framework		
PINS-6012106	2026-09-18	2 Killy Hill, Chobham / Surrey Heath	dismissed	correct	applies 2026 Framework [not consulted]		
PINS-6012437	2026-09-18	131-133 St Helens Street, Ipswich / Ipswich	allowed	not-cited	s78 decided on development plan; no Framework reference		
PINS-6003001	2026-09-21	Eyhurst Farm House, Outwood Lane, Kingswood / Reigate and Banstead	dismissed	correct	applies 2026 Framework		
PINS-6004691	2026-09-21	Land south of Woodview House, Perry Hill, Cliffe Woods / Medway	dismissed	correct	applies 2026 Framework [parties consulted]		
PINS-6004752	2026-09-21	10 Dew Lane, Ormesby / Redcar and Cleveland	dismissed	correct	applies 2026 Framework [not consulted]		
PINS-6004977	2026-09-21	Former Middleton Conservative Club, 77 Long Street, Middleto / Rochdale	dismissed	correct	applies 2026 Framework [parties consulted]		
PINS-6005225	2026-09-21	1 The Down Cottages, Lamberhurst (rear extensions, listed bu / Tunbridge Wells	dismissed	correct	applies 2026 Framework [parties consulted]		
PINS-6006496	2026-09-21	Little Brook Farm, Reigate Road, Sidlow / Reigate and Banstead	dismissed	correct	applies 2026 Framework		
PINS-6006517	2026-09-21	Site I, The Mill, Catteshall Road, Godalming / Waverley	dismissed	correct	applies 2026 Framework [parties consulted]		
PINS-6006761	2026-09-21	Blunts Farm, Coopersale Lane, Theydon Bois / Epping Forest	dismissed	correct	applies 2026 Framework		
PINS-6007054	2026-09-21	2 Chantry View Road, Guildford / Guildford	dismissed	correct	applies 2026 Framework [parties consulted]		
PINS-6007121	2026-09-21	Deerleap Bank, Halstead Lane, Knockholt/Halstead / Sevenoaks	dismissed	correct	applies 2026 Framework		
PINS-6007319	2026-09-21	275 Addiscombe Road, Croydon / Croydon	allowed	correct	applies 2026 Framework [parties consulted]		
PINS-6008115	2026-09-21	The Barn (opposite Lansdowne House), Fordingbridge / New Forest	dismissed	correct	applies 2026 Framework [parties consulted]		
PINS-6008318	2026-09-21	Mollen Farm, Edgarley Road, Glastonbury (Class E commercial  / Somerset	allowed	correct	applies 2026 Framework		
PINS-6008437	2026-09-21	Chy Trygh, Towan Cross, Mount Hawke / Cornwall	allowed	not-cited	Framework cited only generically; version not identifiable		
PINS-6008548	2026-09-21	Land at Polden View, Maunsel Road, North Newton / Somerset	allowed	correct	applies 2026 Framework [parties consulted]		
PINS-6008659	2026-09-21	Land north of Willies Well, Crawcrook, Ryton (shepherd's hut / Gateshead	dismissed	differs-slip (immaterial)	dismissed; attributes 2024 great weight to the Framework	¶21	the Framework sets out that great weight should be given to the asset’s conservation
PINS-6008977	2026-09-21	90 Park Road, Wigan / Wigan	dismissed	correct	applies 2026 Framework [parties consulted]		
PINS-6009127	2026-09-21	286 Great North Road, Woodlands, Doncaster / Doncaster	dismissed	correct	applies 2026 Framework [parties consulted]		
PINS-6009189	2026-09-21	Littlewood Farm, Jail Lane, Biggin Hill / Bromley	allowed	correct	applies 2026 Framework		
PINS-6009545	2026-09-21	Land at 38 Ackerman Street, Eaton Socon, St Neots / Huntingdonshire	dismissed	correct	applies 2026 Framework [parties consulted]		
PINS-6009677	2026-09-21	Black Cottage, Henley Down, Catsfield (holiday-let rooflight / Rother	allowed	correct	applies 2026 Framework [parties consulted]		
PINS-6009737	2026-09-21	12 Hyde Park Terrace, Leeds (9-bed HMO to 6 flats) / Leeds	dismissed	correct	applies 2026 Framework [not consulted]		
PINS-6009739	2026-09-21	Priors Court Farm, Rudge Lane, Beckington / Somerset	allowed	correct	applies 2026 Framework [parties consulted]		
PINS-6009985	2026-09-21	Plot 1, F I M Renewable Energy Farm, Mill Lane, Kirtlington / Cherwell	dismissed	correct	applies 2026 Framework [parties consulted]		
PINS-6010187	2026-09-21	Wagtails Farm, Okehurst Road, The Haven, Billingshurst / Horsham	dismissed	correct	applies 2026 Framework [parties consulted]		
PINS-6010311	2026-09-21	15 Compton Road, Buxton / High Peak	allowed	correct	applies 2026 Framework [not consulted]		
PINS-6010393	2026-09-21	Mulberry House, Middle Street, East Lambrook / Somerset	dismissed	correct	applies 2026 Framework [parties consulted]		
PINS-6010471	2026-09-21	Land south of Coppice Road, Higher Poynton / Cheshire East	allowed	correct	applies 2026 Framework		
PINS-6010649	2026-09-21	Ashton Farm, Wedmore / Somerset	dismissed	not-cited	s78 decided on development plan; no Framework reference		
PINS-6010702	2026-09-21	28 Wychwood Close, Canons Park, Edgware / Harrow	dismissed	correct	applies 2026 Framework [not consulted]		
PINS-6010909	2026-09-21	58 Podsmead Road, Gloucester / Gloucester	allowed	correct	applies 2026 Framework [parties consulted]		
PINS-6011421	2026-09-21	Land adjacent to Salisbury Cottages, Hadfield, Glossop / High Peak	dismissed	correct	applies 2026 Framework [parties consulted]		
PINS-6011694	2026-09-21	Honeysuckle Bottom Sawmill, East Horsley / Guildford	allowed	differs-slip (immaterial)	allowed; S5(1) step done, then SDO words (and S3(4) cited as S5(4)) [parties consulted]	¶37	would not significantly and demonstrably outweigh the collective substantial benefits
APP-M2840-W-25-3364729	2026-09-22	Land rear of Hillside, Brick Kiln Road, Raunds (reserved mat / North Northamptonshire	allowed	correct	applies 2026 Framework [not consulted]		
APP-M2840-W-25-3366988	2026-09-22	New Barn Farm Industrial Estate, Brick Kiln Road, Raunds / North Northamptonshire	allowed	correct	applies 2026 Framework [not consulted]		
APP-M2840-W-25-3366989	2026-09-22	Land adjacent Hillside, Brick Kiln Road, Raunds / North Northamptonshire	allowed	correct	applies 2026 Framework [not consulted]		
PINS-6004676	2026-09-22	252 Havant Road, Drayton, Portsmouth / Portsmouth	allowed	not-cited	s78 decided on development plan; no Framework reference		
PINS-6004809	2026-09-22	1029 Oxford Road, Tilehurst, Reading / Reading	dismissed	correct	applies 2026 Framework [parties consulted]		
PINS-6006002	2026-09-22	28 Carew Road, Eastbourne (two dwellings from garden room an / Eastbourne	allowed	correct	applies 2026 Framework		
PINS-6006078	2026-09-22	Land south-west of Poachers Pocket, St Columb / Cornwall	dismissed	correct	applies 2026 Framework [parties consulted]		
PINS-6006629	2026-09-22	Land opposite the Full Quart, Bristol Road (A370), Hewish, P / North Somerset	dismissed	correct	applies 2026 Framework [parties consulted]		
PINS-6006644	2026-09-22	64 Prestwich Avenue, Worcester / Worcester	dismissed	correct	applies 2026 Framework [parties consulted]		
PINS-6006806	2026-09-22	30 Main Street, Lyddington (surface water condition, listed  / Rutland	allowed	correct	applies 2026 Framework [not consulted]		
PINS-6006950	2026-09-22	Land off Middlebridge Road, Gringley-on-the-Hill / Bassetlaw	dismissed	correct	applies 2026 Framework [parties consulted]		
PINS-6007200	2026-09-22	Outside 100 Avenue Road / Swiss Cottage Station, Camden (BT  / Camden	dismissed	correct	applies 2026 Framework [parties consulted]		
PINS-6007422	2026-09-22	Brookfields Farm, Longhill Lane, Hankelow / Cheshire East	allowed	correct	applies 2026 Framework		
PINS-6007423	2026-09-22	11 Quantock Road, Weston-super-Mare / North Somerset	dismissed	correct	applies 2026 Framework; SDO only describing earlier appeal [parties consulted]		
PINS-6007428	2026-09-22	Land adjacent to Model Farm, Plex Lane, Halsall / West Lancashire	dismissed	correct	applies 2026 Framework		
PINS-6007456	2026-09-22	Brookfields Farm (Barn A), Longhill Lane, Hankelow / Cheshire East	dismissed	correct	applies 2026 Framework		
PINS-6007476	2026-09-22	Low Flatt Farm, Heads Lane, Bolsterstone / Peak District National Park	dismissed	correct	applies 2026 Framework [not consulted]		
PINS-6007776	2026-09-22	Wrights Upholstery, Claremont Street, Burnley (student studi / Burnley	dismissed	correct	applies 2026 Framework [parties consulted]		
PINS-6008275	2026-09-22	Telephone box outside 71 Upper Street, Islington (discharge  / Islington	dismissed	correct	applies 2026 Framework [not consulted]		
PINS-6008601	2026-09-22	Hazelhurst Farm, Stockton, Worcestershire (live/work to resi / Malvern Hills	dismissed	correct	applies 2026 Framework		
PINS-6008634	2026-09-22	Barn House, Warren Road, Fairlight / Rother	dismissed	correct	applies 2026 Framework [parties consulted]		
PINS-6008707	2026-09-22	1 Gould Road, Feltham / Hounslow	dismissed	correct	applies 2026 Framework [parties consulted]		
PINS-6008785	2026-09-22	Land adjacent Hanley House, Hook-a-Gate, Shrewsbury / Shropshire	dismissed	correct	applies 2026 Framework [parties consulted]		
PINS-6008881	2026-09-22	The Old Post House, Mundesley Road, Trimingham / North Norfolk	dismissed	correct	applies 2026 Framework [parties consulted]		
PINS-6009228	2026-09-22	406-410 Beverley Road, Kingston upon Hull / Kingston upon Hull	dismissed	correct	applies 2026 Framework [parties consulted]		
PINS-6009276	2026-09-22	Premier House, 13 Bark Street East, Bolton / Bolton	dismissed	correct	applies 2026 Framework [parties consulted]		
PINS-6009357	2026-09-22	Annexe at 8 Longridge Road, Hurst Green / Ribble Valley	allowed	correct	applies 2026 Framework		
PINS-6010035	2026-09-22	Victoria Vaults, 47-49 Nunnery Lane, York (pub/music venue t / York	dismissed	correct	applies 2026 Framework [parties consulted]		
PINS-6010236	2026-09-22	Knightswood Cottage, Prince Albert Drive, Ascot / Bracknell Forest	dismissed	correct	applies 2026 Framework [not consulted]		
PINS-6010525	2026-09-22	Meadow Cottage, Brook Hill, Brook, Albury / Guildford	dismissed	correct	applies 2026 Framework [not consulted]		
PINS-6010772	2026-09-22	33 Western Avenue, Thorpe, Egham / Runnymede	dismissed	correct	applies 2026 Framework [not consulted]		
PINS-6010826	2026-09-22	Land at Main Street, Great Brington / West Northamptonshire	dismissed	correct	applies 2026 Framework [parties consulted]		
PINS-6011055	2026-09-22	Victoria Vaults, 47-49 Nunnery Lane, York (pub/music venue t / York	dismissed	correct	applies 2026 Framework [parties consulted]		
PINS-6011736	2026-09-22	Land adjacent to Oaklands Drive, Copthorne Bank, Copthorne / Tandridge	dismissed	correct	applies 2026 Framework		
PINS-6012162	2026-09-22	Oakwood House, School Lane, West Kingsdown / Sevenoaks	allowed	correct	applies 2026 Framework		
PINS-6012481	2026-09-22	Well Hill Nursery, Fountain Farm, Firmingers Road, Orpington / Sevenoaks	dismissed	correct	applies 2026 Framework		
PINS-6012542	2026-09-22	132 Chiswick High Road, Chiswick / Hounslow	dismissed	correct	applies 2026 Framework [parties consulted]		
PINS-6012915	2026-09-22	Pavement outside Old Town Market, 7 Dear Hay Lane (Chapel La / Bournemouth, Christchurch and Poole	dismissed	correct	applies 2026 Framework [not consulted]		
APP-A2335-C-26-3378663	2026-09-23	Land north of Bottomdale Road, Halton / Lancaster	dismissed	correct	applies 2026 Framework		
PINS-6004446	2026-09-23	Land at Rutt Lane, Ivybridge (Aldi foodstore) / South Hams	allowed	not-cited	s78 decided on development plan; no Framework reference		
PINS-6006305	2026-09-23	Land adjacent to Unit 17, Lee Bridge Industrial Estate, Hali / Calderdale	dismissed	correct	applies 2026 Framework [parties consulted]		
PINS-6006330	2026-09-23	Elm Cottage, Further Ford End, Clavering (curtilage listed,  / Uttlesford	dismissed	correct	applies 2026 Framework [parties consulted]		
PINS-6006637	2026-09-23	Land off Oakdene Crescent, Hatton Station, Warwick / Warwick	dismissed	correct	applies 2026 Framework		
PINS-6006957	2026-09-23	Land to rear of 1A St James Road, Torquay / Torbay	allowed	correct	applies 2026 Framework [not consulted]		
PINS-6007416	2026-09-23	Land adjacent to Red Lane, Rosudgeon / Cornwall	dismissed	correct	applies 2026 Framework [parties consulted]		
PINS-6007451	2026-09-23	Land to the rear of The White House, Munden Road, Dane End / East Hertfordshire	allowed	correct	applies 2026 Framework [parties consulted]		
PINS-6007484	2026-09-23	Boltons Farm, Blackgate Lane, Tarleton (PIP 6-9) / West Lancashire	allowed	correct	applies 2026 Framework [parties consulted]; 2024 urban/rural transport wording in the TR3 reasoning (see issue 5)		
PINS-6007807	2026-09-23	Zoar Cottage, 15 Passage Hill, Mylor Bridge / Cornwall	dismissed	correct	applies 2026 Framework [parties consulted]		
PINS-6007941	2026-09-23	Land between 75 and 99 Star Road, Caversham, Reading / Reading	dismissed	correct	applies 2026 Framework [parties consulted]		
PINS-6008171	2026-09-23	Land adjacent to Parkend Club, Castlemain, Parkend (s73A var / Forest of Dean	allowed	correct	applies 2026 Framework (switch acknowledged; no version-specific test)		
PINS-6008337	2026-09-23	4 Whurley Way, Maidenhead / Windsor and Maidenhead	dismissed	correct	applies 2026 Framework [parties consulted]		
PINS-6008414	2026-09-23	Land opposite Trewithin Terrace, Ashton (PIP, 2 homes) / Cornwall	dismissed	correct	applies 2026 Framework [parties consulted]		
PINS-6008491	2026-09-23	Flat 1, 9 Chestnut Avenue, Bournemouth / Bournemouth Christchurch and Poole	allowed	correct	applies 2026 Framework		
PINS-6008624	2026-09-23	St Vincents Farm Cottages, The Ridgeway, Mill Hill (s73A var / Barnet	dismissed	not-cited	s78 decided on development plan; no Framework reference		
PINS-6008688	2026-09-23	Land adjacent to Farm View Cottage (Frith Manor), Lingfield  / Tandridge	dismissed	correct	applies 2026 Framework		
PINS-6008723	2026-09-23	Land to the rear of Abbey Gardens, Southport Road, Lydiate / Sefton	dismissed	correct	applies 2026 Framework [parties consulted]		
PINS-6008784	2026-09-23	202A High Street, Harwich / Tendring	dismissed	correct	applies 2026 Framework [parties consulted]		
PINS-6008787	2026-09-23	229 High Street, Orpington (Class AA two-storey upward exten / Bromley	dismissed	correct	applies 2026 Framework [parties consulted]		
PINS-6008804	2026-09-23	Overs Farm, Haughton, Tasley, Bridgnorth (wigwam cabins) / Shropshire	dismissed	correct	applies 2026 Framework		
PINS-6008866	2026-09-23	The Paddocks, Bridgnorth Road, Stourton / South Staffordshire	dismissed	correct	applies 2026 Framework		
PINS-6008944	2026-09-23	512 High Road, Tottenham / Haringey	dismissed	correct	applies 2026 Framework		
PINS-6008970	2026-09-23	Outmarsh Farm, Semington (worker caravan) / Wiltshire	dismissed	correct	applies 2026 Framework [parties consulted]		
PINS-6009002	2026-09-23	Land at Windsor Lane, Little Kingshill / Buckinghamshire	allowed	correct	applies 2026 Framework [not consulted]		
PINS-6009022	2026-09-23	Manor Farm Barns, Stratford Road, Beachampton (2 barn conver / Buckinghamshire	allowed	correct	applies 2026 Framework [parties consulted]		
PINS-6009097	2026-09-23	Land to the rear of Melrose, Arndale, Wigston / Oadby and Wigston	dismissed	correct	applies 2026 Framework [not consulted]		
PINS-6009220	2026-09-23	Land SW Sibson Road, Sheepy Parva / Hinckley and Bosworth	dismissed	correct	applies 2026 Framework		
PINS-6009281	2026-09-23	Willow Tree Farm, Denham Lane, Chalfont St Peter / Buckinghamshire	dismissed	correct	applies 2026 Framework		
PINS-6009313	2026-09-23	486 Blackburn Road, Bolton / Bolton	dismissed	correct	applies 2026 Framework [parties consulted]		
PINS-6009738	2026-09-23	Footpath outside The Heart Centre, Hepworth Way, Walton-on-T / Elmbridge	dismissed	correct	applies 2026 Framework [parties consulted]		
PINS-6009857	2026-09-23	11 and 13 Marlborough Avenue, Hull (render, fence) / Kingston upon Hull	dismissed	correct	applies 2026 Framework [parties consulted]		
PINS-6009962	2026-09-23	Pentire, The Avenue, Worplesdon / Guildford	dismissed	correct	applies 2026 Framework		
PINS-6009997	2026-09-23	Erith Cottages, Main Road, Lacey Green / Buckinghamshire	dismissed	correct	applies 2026 Framework [parties consulted]		
PINS-6010155	2026-09-23	The Crown Inn, 97 Station Road, Cradley Heath / Sandwell	allowed	correct	applies 2026 Framework [parties consulted]		
PINS-6010223	2026-09-23	70 London Road, Grays / Thurrock	dismissed	correct	applies 2026 Framework [parties consulted]		
PINS-6010549	2026-09-23	The Triangle, 5-17 Hammersmith Grove / Hammersmith and Fulham	allowed	correct	applies 2026 Framework [not consulted]		
PINS-6010944	2026-09-23	25 Elms Avenue, Eastbourne (guest house to HMO) / Eastbourne	dismissed	correct	applies 2026 Framework [parties consulted]		
PINS-6011093	2026-09-23	Land adjacent to 7 & 8 Slade Close, Etwall / South Derbyshire	allowed	correct	applies 2026 Framework [parties consulted]		
PINS-6011100	2026-09-23	76 Roberts Road, High Wycombe / Buckinghamshire	dismissed	correct	applies 2026 Framework [not consulted]		
PINS-6011217	2026-09-23	Four Winds, The Common, Melbourne / South Derbyshire	allowed	correct	applies 2026 Framework [parties consulted]		
PINS-6011235	2026-09-23	132 Cock Bank, Turves / Fenland	dismissed	differs-slip (immaterial)	dismissed; S5 test applied, but flood policies "can provide a strong reason for refusing" (2024 ¶11(d)(i) fn7 phrasing) [parties consulted]	¶30	The application of policies in the Framework relating to areas at risk of flooding can provide a strong reason for refusing the development
PINS-6011290	2026-09-23	115 North Road, Darlington (roller shutters) / Darlington	allowed	correct	applies 2026 Framework [parties consulted]		
PINS-6011431	2026-09-23	Land adjacent to Waterloo Court Health and Wellbeing Hub, Wa / Mid Devon	dismissed	correct	applies 2026 Framework [parties consulted]		
PINS-6012092	2026-09-23	18 Myrtle Avenue, Thornton-Cleveleys (children's care home) / Wyre	allowed	correct	applies 2026 Framework [parties consulted]		
PINS-6012985	2026-09-23	Land on road from Frost Cross to Oldborough Cross, Morchard  / Mid Devon	dismissed	correct	applies 2026 Framework [parties consulted]		
PINS-6013695	2026-09-23	Pavement outside Clarendon House, 3 Heavitree Road, Exeter ( / Exeter	dismissed	correct	applies 2026 Framework [parties consulted]		
PINS-6014952	2026-09-23	Higher Collybeer Farm, Spreyton (B8 storage units) / West Devon	allowed	correct	applies 2026 Framework		
PINS-6005590	2026-09-24	2 Highbury Grove Court, Islington (basement conversion to tw / Islington	dismissed	correct	applies 2026 Framework [parties consulted]		
PINS-6005594	2026-09-24	Contec House, East Street, Farnham (takeaway opening hours) / Waverley	dismissed	correct	applies 2026 Framework [parties consulted]		
PINS-6005904	2026-09-24	Upper Flat, 23 Ronalds Road, Highbury (extension over outrig / Islington	allowed	correct	applies 2026 Framework [not consulted]		
PINS-6005950	2026-09-24	111-115 Grainger Street, Newcastle (first-floor flat by marke / Newcastle upon Tyne	dismissed	correct	applies 2026 Framework (P3/P4; 2024 ¶187(e)/198/200 cited only as similar)		
PINS-6007338	2026-09-24	Sky Farm, New Years Lane, Knockholt (agricultural building) / Bromley	allowed	correct	applies 2026 Framework [parties consulted]		
PINS-6007340	2026-09-24	Sky Farm, New Years Lane, Knockholt (Appeal B hard surfacing) / Bromley	allowed	correct	applies 2026 Framework [parties consulted]		
PINS-6007434	2026-09-24	207 Lower Blandford Road, Broadstone (3 flats to the rear) / Bournemouth, Christchurch and Poole	dismissed	correct	applies 2026 Framework [parties consulted]		
PINS-6007772	2026-09-24	The Lamb Inn, Lambs Green, Rusper (coach house, two units) / Horsham	allowed	correct	applies 2026 Framework [parties consulted]		
PINS-6008238	2026-09-24	Land North of A507, West of A10, Buntingford / East Hertfordshire	allowed	differs-slip (immaterial)	allowed; 'great weight' and 'less than substantial' heritage wording, harm given limited weight; 2026 S5 structure operative [parties consulted]	¶132	The Framework states that great weight should be given to a heritage asset’s conservation
PINS-6008253	2026-09-24	Land East of College Road South, Aston Clinton / Buckinghamshire	allowed	correct	applies 2026 Framework [parties consulted]		
PINS-6008693	2026-09-24	The Pigs, Leesthorpe Road, Pickwell / Melton	dismissed	correct	applies 2026 Framework [parties consulted]		
PINS-6008732	2026-09-24	79 Main Street, Seamer (Appeal B, LBC) / North Yorkshire	dismissed	correct	applies 2026 Framework [parties consulted]		
PINS-6009092	2026-09-24	79 Main Street, Seamer (garage, planning) / North Yorkshire	dismissed	correct	applies 2026 Framework [parties consulted]		
PINS-6009513	2026-09-24	Land at Nunhayes, Great Stone, Cuddington / Buckinghamshire	dismissed	correct	applies 2026 Framework [parties consulted]		
PINS-6009621	2026-09-24	3 Old Glass House, Kents Lane, North Weald (1 to 3 homes) / Epping Forest	dismissed	correct	applies 2026 Framework [parties consulted]		
PINS-6009691	2026-09-24	Land off Shire Lane, Hurst Green (self-build PIP) / Ribble Valley	dismissed	differs-slip (immaterial)	dismissed; S5 substantially-outweighed test introduced as flowing from the lack of a five-year supply (2024 tilted-balance framing); no S5(1) category named [not consulted]	¶18	The Council is unable to demonstrate the supply of housing sites required by the Framework. With this and the appeal site’s location in mind, Policy S5 of the Framework explains that a planning permission should be granted
PINS-6009837	2026-09-24	Land at 260A Hawkes Mill Lane, Allesley / Coventry	allowed	correct	applies 2026 Framework [parties consulted]		
PINS-6009844	2026-09-24	17 Brook Lane, Brookville / King's Lynn and West Norfolk	dismissed	correct	applies 2026 Framework [parties consulted]		
PINS-6010020	2026-09-24	Land South of Mount Pleasant Cottage, Poundstock / Cornwall	dismissed	correct	applies 2026 Framework [parties consulted]		
PINS-6010098	2026-09-24	Pear Tree Barn, Old Gloucester Road, Alveston (listed buildin / South Gloucestershire	dismissed	correct	applies 2026 Framework [parties consulted]		
PINS-6010157	2026-09-24	2 North Field, Newby Bridge / Lake District National Park Authority	dismissed	correct	applies 2026 Framework [not consulted]		
PINS-6010198	2026-09-24	Rusper, Nottingham Road, Heronsgate (replacement) / Three Rivers	allowed	correct	applies 2026 Framework [parties consulted]; appellant's 2024 ¶154(d)/(g) case mapped to GB7(1)(b)/(e)		
PINS-6010349	2026-09-24	5 Silverwood Road, Peterborough (annexe to flat) / Peterborough	dismissed	correct	applies 2026 Framework [not consulted]		
PINS-6010418	2026-09-24	Land south of Darlifields, Heywood Road, Tibenham (two self- / South Norfolk	dismissed	differs-slip (immaterial)	dismissed; SDO conclusion and 2024 urban/rural wording [parties consulted]	¶24	the harm arising from the proposal would significantly and demonstrably outweigh its benefits
PINS-6010637	2026-09-24	Longbrook Pavillion, Hook Lane, Bognor Regis / Arun	allowed	correct	applies 2026 Framework [not consulted]		
PINS-6010908	2026-09-24	43 Woodgrange Drive, Southend-on-Sea (HMO) / Southend-on-Sea	allowed	correct	applies 2026 Framework [parties consulted]		
PINS-6011037	2026-09-24	Marton House, 31 West Street, Padiham / Burnley	dismissed	correct	applies 2026 Framework [parties consulted]		
PINS-6011192	2026-09-24	The Stables, Underriver House Road, Underriver, Sevenoaks / Sevenoaks	allowed	correct	applies 2026 Framework [parties consulted]		
PINS-6011585	2026-09-24	Wayside Farm, Lower Road, Hough-on-the-Hill (three dwellings / South Kesteven	dismissed	correct	applies 2026 Framework [parties consulted]		
PINS-6012284	2026-09-24	Pavement o/s 144 Hills Road, Cambridge (Appeal B) / Cambridge	dismissed	correct	applies 2026 Framework [not consulted]		
PINS-6012293	2026-09-24	South Barn, Elworthy Farm, Greenham / Somerset	dismissed	correct	applies 2026 Framework [parties consulted]		
PINS-6015017	2026-09-24	550 Topsham Road, Exeter / Exeter	allowed	correct	applies 2026 Framework [parties consulted]		
PINS-6004780	2026-09-25	Pear Tree Farm, Alburgh Road, Hempnall (PIP self-build) / South Norfolk	allowed	correct	applies 2026 Framework [parties consulted]		
PINS-6004873	2026-09-25	37 Eastern Esplanade, Southend-On-Sea / Southend-on-Sea	dismissed	correct	applies 2026 Framework [parties consulted]		
PINS-6004934	2026-09-25	105 Wellburn Road, Donwell, Washington (hair salon) / Sunderland	allowed	correct	applies 2026 Framework [not consulted]; appeal planning officer		
PINS-6005670	2026-09-25	47 Huddersfield Road, Mirfield / Kirklees	allowed	correct	applies 2026 Framework [parties consulted]		
PINS-6006497	2026-09-25	Land at Mount Avenue, Chaldon (30 homes, inquiry) / Tandridge	allowed	correct	applies 2026 Framework [parties consulted]		
PINS-6006825	2026-09-25	Land rear of Pets Pantry, Guildford Road, Cranleigh / Waverley	dismissed	correct	applies 2026 Framework [parties consulted]		
PINS-6007133	2026-09-25	Land at Brock, Garstang Road (A6), Bilsborrow / Wyre	dismissed	correct	applies 2026 Framework [parties consulted]		
PINS-6007183	2026-09-25	Glebe Court, Glebe Way, West Wickham / Bromley	allowed	correct	applies 2026 Framework [parties consulted]		
PINS-6007335	2026-09-25	Lawn Cottage, Wakering Road, Southend-on-Sea (rebuilt commer / Southend-on-Sea	allowed	correct	applies 2026 Framework [parties consulted]		
PINS-6007582	2026-09-25	Former Revolution Bar, Maxwell Road, Beaconsfield / Buckinghamshire	dismissed	correct	applies 2026 Framework [parties consulted]		
PINS-6007619	2026-09-25	Eden Grove, 17-51 London Road, Staines-upon-Thames (s73 park / Spelthorne	allowed	correct	applies 2026 Framework [parties consulted]		
PINS-6007620	2026-09-25	Eden Grove, 15-51 London Road, Staines-upon-Thames (parking c / Spelthorne	allowed	correct	applies 2026 Framework [parties consulted]		
PINS-6008026	2026-09-25	3 Kimberley Street, Wigan / Wigan	dismissed	correct	applies 2026 Framework [parties consulted]		
PINS-6008859	2026-09-25	Land south of The Elms, Chatteris (152 homes, A142 access) / Fenland	allowed	correct	applies 2026 Framework [not consulted]		
PINS-6009076	2026-09-25	74 - 76 Coombe Road, New Malden / Kingston upon Thames	dismissed	correct	applies 2026 Framework [parties consulted]		
PINS-6009487	2026-09-25	Serif House, 10 Dudley Street, Luton (4 flats) / Luton	dismissed	correct	applies 2026 Framework [parties consulted]		
PINS-6009517	2026-09-25	Fairfield Cottage, Cross in Hand Road, Heathfield / Wealden	dismissed	correct	applies 2026 Framework [parties consulted]		
PINS-6009808	2026-09-25	58 and 60 Waverley Road, St Albans (4 dwellings) / St Albans	dismissed	correct	applies 2026 Framework [parties consulted]; S3/S4 miscited as P3/P4		
PINS-6009990	2026-09-25	Land south of Park Farm, Whalley, Wiswell (PIP) / Ribble Valley	dismissed	correct	applies 2026 Framework [not consulted]		
PINS-6010342	2026-09-25	The Firs Country Park, West End Road, Boston / Boston	allowed	not-cited	s78 decided on development plan; Framework cited only generically (living conditions, tourism, conditions) [parties consulted]		
PINS-6010408	2026-09-25	Pigeon Farm Cottage, Cold Harbour Lane, Bobbing / Swale	dismissed	correct	applies 2026 Framework [parties consulted]		
PINS-6010537	2026-09-25	Land to rear of 6-12 Long Lane, Newtown (PIP) / South Staffordshire	allowed	differs-slip (immaterial)	allowed; S5(5) applied (¶48) but first concludes in SDO words [not consulted]	¶47	the harm from the conflict with the development plan would not significantly and demonstrably outweigh the benefits
PINS-6010645	2026-09-25	Nunns, 60 Market Street, Old Harlow (listed building consent) / Harlow	dismissed	correct	applies 2026 Framework [parties consulted]		
PINS-6010709	2026-09-25	3 Nursery, Hoe Lane, Nazeing (vehicle storage) / Epping Forest	dismissed	correct	applies 2026 Framework [parties consulted]		
PINS-6010766	2026-09-25	15 High Street, Alconbury Weston (Appeal B, LBC) / Huntingdonshire	allowed	correct	applies 2026 Framework [not consulted]		
PINS-6010811	2026-09-25	Footpath outside 100 High Street, Bromley (Appeal A) / Bromley	dismissed	correct	applies 2026 Framework [parties consulted]		
PINS-6010911	2026-09-25	Beechwood House, Willoughby Road, West Willoughby / South Kesteven	dismissed	correct	applies 2026 Framework [parties consulted]		
PINS-6011008	2026-09-25	8 Shepherd House, Shepherd House Farm, Luddenden (extension / Calderdale	dismissed	correct	applies 2026 Framework [parties consulted]		
PINS-6011013	2026-09-25	8 Shepherd House, Luddenden (Appeal B, LBC) / Calderdale	dismissed	correct	applies 2026 Framework [parties consulted]		
PINS-6011227	2026-09-25	Land west of The Charters, Uffington (outline housing) / South Kesteven	dismissed	correct	applies 2026 Framework [parties consulted]		
PINS-6011410	2026-09-25	236 Hawkes Mill Lane, Coventry (PIP) / Coventry	allowed	correct	applies 2026 Framework [parties consulted]		
PINS-6011882	2026-09-25	Merienda, Greenhill Road, Elton / Huntingdonshire	dismissed	correct	applies 2026 Framework [parties consulted]		
PINS-6011888	2026-09-25	Heather Lodge, 2 Old Acre Lane, Brocton / Stafford	dismissed	correct	applies 2026 Framework [parties consulted]		
PINS-6011893	2026-09-25	25 Essex Road, Dartford (Class MA prior approval) / Dartford	dismissed	correct	applies 2026 Framework [parties consulted]		
PINS-6012328	2026-09-25	Pavement outside 137 Chiswick High Road (BT Street Hub) / Hounslow	dismissed	correct	applies 2026 Framework [parties consulted]		
PINS-6014625	2026-09-25	65A Bedford Road, Reading (rear dormer) / Reading	dismissed	correct	applies 2026 Framework [not consulted]		
PINS-6001896	2026-09-28	Land at Castle End, Lea (PIP, 6 homes) / Herefordshire	dismissed	correct	applies 2026 Framework [parties consulted]		
PINS-6006117	2026-09-28	Land at access to Clockhouse Mews, Huxley Close, Godalming / Waverley	dismissed	correct	applies 2026 Framework [parties consulted]		
PINS-6006224	2026-09-28	Land near Fanshawes, Ware Park, Ware / East Hertfordshire	dismissed	correct	applies 2026 Framework [parties consulted]		
PINS-6006722	2026-09-28	Land off Drake Street, Welland / Malvern Hills	dismissed	correct	applies 2026 Framework [parties consulted]		
PINS-6006990	2026-09-28	Land at Netteswell, The Crescent, Watford (two one-bedroom h / Watford	dismissed	correct	applies 2026 Framework [parties consulted]		
PINS-6007158	2026-09-28	Brishing Court Farm, Brishing Lane, Boughton Monchelsea / Maidstone	dismissed	correct	applies 2026 Framework [parties consulted]		
PINS-6007410	2026-09-28	50 Nutfield Road, Merstham / Reigate and Banstead	allowed	correct	applies 2026 Framework [parties consulted]		
PINS-6008107	2026-09-28	Dane Cottage, Hogg Lane, Petham (porch LBC) / Canterbury	dismissed	correct	applies 2026 Framework [parties consulted]		
PINS-6008713	2026-09-28	Eastlands, Bull Moor Lane, Flaxton (replacement rear extensi / North Yorkshire	allowed	differs-slip (immaterial)	allowed; great weight, but no heritage harm found [not consulted]	¶17	requires great weight to be given to the conservation of designated heritage assets
PINS-6008762	2026-09-28	Land north west of Holly Tree Cottage, Howlett End, Thaxted Road, Wimbish / Uttlesford	dismissed	correct	applies 2026 Framework [parties consulted]		
PINS-6008840	2026-09-28	10 Goodminns Estate, Sedgeford / King's Lynn and West Norfolk	dismissed	correct	applies 2026 Framework [parties consulted]		
PINS-6009669	2026-09-28	10 Broadgate, Preston (6-bedroom HMO) / Preston	dismissed	correct	applies 2026 Framework [parties consulted]		
PINS-6009760	2026-09-28	148 Bradwell Common Boulevard, Bradwell Common, Milton Keynes / Milton Keynes	dismissed	correct	applies 2026 Framework [parties consulted]		
PINS-6009849	2026-09-28	Adj Grassmere, Horseman Side, Navestock (self-build dwelling / Brentwood	allowed	correct	applies 2026 Framework [parties consulted]		
PINS-6010253	2026-09-28	Land adjacent Langley Cricket Club, Cock Hall Lane, Langley, / Cheshire East	dismissed	differs-slip (immaterial)	dismissed; 2024 degree-of-consistency plan-weight formula [parties consulted]	¶9	weight should be afforded to development plan policies on the basis of their degree of consistency with the Framework
PINS-6010339	2026-09-28	52 Eaton Drive, Romford (2 houses in rear garden) / Havering	dismissed	correct	applies 2026 Framework [parties consulted]		
PINS-6010498	2026-09-28	Higher Bal Farm, Higher Bal / Cornwall	dismissed	correct	applies 2026 Framework [parties consulted]		
PINS-6010642	2026-09-28	Land adjacent 10 Wren Avenue, Sproston, Crewe (PIP one self- / Cheshire West and Chester	dismissed	correct	applies 2026 Framework [parties consulted]		
PINS-6010727	2026-09-28	1 Boxley Oast, Street Farm, Boxley (garage roof alterations) / Maidstone	dismissed	correct	applies 2026 Framework [parties consulted]		
PINS-6011050	2026-09-28	25 Gloucester Circus, Greenwich (LBC) / Greenwich	dismissed	correct	applies 2026 Framework [parties consulted]		
PINS-6012304	2026-09-28	Land at Hillberry, Dalefords Lane, Marton / Cheshire West and Chester	dismissed	correct	applies 2026 Framework [parties consulted]		
PINS-6012642	2026-09-28	75-79 New Road, Peterborough (23 apartments) / Peterborough	dismissed	correct	applies 2026 Framework [parties consulted]		
PINS-6012885	2026-09-28	The Wheel Inn, 13 Main Street, Branston (marquee) / Melton	dismissed	correct	applies 2026 Framework [parties consulted]		
PINS-6013151	2026-09-28	72-74 High Street, Beckenham (upward roof extension to flats / Bromley	dismissed	correct	applies 2026 Framework [parties consulted]		
PINS-6003226	2026-09-29	Flat 4, 99 Kennington Park Road, Southwark (LBC) / Southwark	dismissed	correct	applies 2026 Framework [parties consulted]		
PINS-6005652	2026-09-29	Cud Hill House barn, Upton Hill, Upton St Leonards / Stroud	dismissed	correct	applies 2026 Framework [parties consulted]		
PINS-6006541	2026-09-29	Land to the r/o 21 Roselands Avenue, St Phillips Avenue, Eastbourne / Eastbourne	dismissed	differs-slip (immaterial)	dismissed; S4 test set out (¶27) but conclusion says "substantially and demonstrably outweigh" [parties consulted]	¶29	would substantially and demonstrably outweigh the benefits of permitting the scheme to proceed
PINS-6006725	2026-09-29	1 King Edward Crescent, Newquay (townhouse with roof-space b / Cornwall	dismissed	correct	applies 2026 Framework [not consulted]		
PINS-6007590	2026-09-29	42 Potter Street, Harlow (annex to part holiday let) / Harlow	allowed	correct	applies 2026 Framework [parties consulted]		
PINS-6007630	2026-09-29	16 Hobart Street, Leicester (7-person HMO) / Leicester	dismissed	correct	applies 2026 Framework [not consulted]		
PINS-6007668	2026-09-29	Upper Farm, Shut Lane Head, Newcastle Under Lyme / Newcastle-under-Lyme	dismissed	correct	applies 2026 Framework [parties consulted]		
PINS-6007836	2026-09-29	65A Richmond Wood Road, Bournemouth (8-person HMO) / Bournemouth Christchurch and Poole	dismissed	correct	applies 2026 Framework [parties consulted]		
PINS-6008773	2026-09-29	Land adjoining The Ridings, Singleborough (PIP 1) / Buckinghamshire	dismissed	correct	applies 2026 Framework [parties consulted]		
PINS-6008791	2026-09-29	Land west of Old Hall, Watton Road, Colney / South Norfolk	dismissed	correct	applies 2026 Framework [parties consulted]		
PINS-6008915	2026-09-29	Land North Of Claypole Equestrian, Doddington Lane, Claypole / South Kesteven	dismissed	correct	applies 2026 Framework [parties consulted]		
PINS-6008987	2026-09-29	Land south of 2 Leighton Road, Hamerton / Huntingdonshire	dismissed	correct	applies 2026 Framework [parties consulted]		
PINS-6009011	2026-09-29	The Geldings, Bouts Lane, Holberrow Green, Inkberrow (live/w / Wychavon	dismissed	correct	applies 2026 Framework [parties consulted]		
PINS-6009141	2026-09-29	Footpath outside 1 Prince Street, Bridlington (BT Street Hub / East Riding of Yorkshire	dismissed	correct	applies 2026 Framework [parties consulted]		
PINS-6009377	2026-09-29	Floringham Lodge, Old Bracknell Lane East, Bracknell (46 reti / Bracknell Forest	allowed	correct	applies 2026 Framework [parties consulted]		
PINS-6009619	2026-09-29	Cosy Cow Shed, near Dalwood, Devon (holiday let to dwelling) / East Devon	allowed	correct	applies 2026 Framework [parties consulted]		
PINS-6009847	2026-09-29	The Old Stables, 12 Kenward Court, Hadlow (uPVC windows, lis / Tonbridge and Malling	dismissed	correct	applies 2026 Framework [parties consulted]		
PINS-6009919	2026-09-29	Ewen House, High Road, Fobbing / Thurrock	dismissed	correct	applies 2026 Framework [parties consulted]		
PINS-6009988	2026-09-29	56 Burlington Road, New Malden (7 flats) / Kingston upon Thames	dismissed	correct	applies 2026 Framework [parties consulted]		
PINS-6010207	2026-09-29	61 Hawthorn Road, Edmonton (HMO) / Enfield	dismissed	correct	applies 2026 Framework [not consulted]		
PINS-6010411	2026-09-29	Land to the South of Telegraph Road, Caldy / Wirral	dismissed	correct	applies 2026 Framework [parties consulted]		
PINS-6010422	2026-09-29	40 Millers Lane, Harpley (self-build dwelling) / King's Lynn and West Norfolk	dismissed	correct	applies 2026 Framework [parties consulted]		
PINS-6010437	2026-09-29	Unit 116, The Burrows, East Goscote (noise condition) / Charnwood	allowed	correct	applies 2026 Framework [not consulted]		
PINS-6010508	2026-09-29	60 Langdale Road, Nottingham (house subdivision) / Nottingham	dismissed	correct	applies 2026 Framework [parties consulted]		
PINS-6010661	2026-09-29	Pavement o/s 43-47 Bethnal Green Road (Appeal A) / Tower Hamlets	dismissed	correct	applies 2026 Framework [parties consulted]		
PINS-6010710	2026-09-29	18 Georgia Road, Thornton Heath (6-person HMO) / Croydon	allowed	correct	applies 2026 Framework [parties consulted]		
PINS-6011131	2026-09-29	46 The Finches, Weymouth / Dorset	dismissed	correct	applies 2026 Framework [parties consulted]		
PINS-6011565	2026-09-29	15 Churchill Close, Sturminster Marshall (chalet bungalow s7 / Dorset	dismissed	correct	applies 2026 Framework [parties consulted]		
PINS-6012248	2026-09-29	Land outside 81 Fishergate, Preston (communications kiosk wit / Preston	dismissed	correct	applies 2026 Framework [parties consulted]		
PINS-6013087	2026-09-29	39 Cowling Brow, Chorley (5-bedroom HMO) / Chorley	allowed	correct	applies 2026 Framework [parties consulted]		
PINS-6001859	2026-09-30	5 More London Place, Southwark (restaurant pergola) / Southwark	dismissed	correct	applies 2026 Framework [parties consulted]		
PINS-6001939	2026-09-30	Adsdean House, Adsdean Park Road, Adsdean / South Downs National Park Authority	dismissed	correct	applies 2026 Framework [parties consulted]		
PINS-6004363	2026-09-30	Opposite 67 Sandgate Road, Folkestone (BT Street Hub) / Folkestone and Hythe	dismissed	correct	applies 2026 Framework [parties consulted]		
PINS-6004526	2026-09-30	147 Eastcote Lane, Harrow (two bungalows, outline) / Harrow	allowed	correct	applies 2026 Framework [parties consulted]		
PINS-6004640	2026-09-30	Scotlands Farm, Telegraph Hill, Fernhurst (garage and access t / South Downs National Park Authority	dismissed	correct	applies 2026 Framework [not consulted]		
PINS-6004952	2026-09-30	Valera Ltd, Plox Brow, Tarleton / West Lancashire	dismissed	correct	applies 2026 Framework [parties consulted]		
PINS-6005822	2026-09-30	Former National Grid Site, Marsh Lane, Stanmore (Aldi) / Harrow	dismissed	correct	applies 2026 Framework [parties consulted]		
PINS-6005913	2026-09-30	Land to rear of 1A Fancy Road, Poole (backland bungalow) / Bournemouth Christchurch and Poole	allowed	correct	applies 2026 Framework [not consulted]		
PINS-6006003	2026-09-30	Land adjacent 837 Manchester Road, Linthwaite / Kirklees	dismissed	correct	applies 2026 Framework [parties consulted]		
PINS-6006266	2026-09-30	The Stables, Adsdean Park Road, Funtington (listed building c / South Downs National Park Authority	dismissed	correct	applies 2026 Framework [parties consulted]		
PINS-6006903	2026-09-30	Bastle house north of Whitlees, Elsdon (LBC conditions) / Northumberland National Park	dismissed	differs-slip (immaterial)	dismissed; attributes 2024 great weight to the Framework before applying HE6 considerable importance and weight (¶26) [not consulted]	¶20	the Framework sets out that great weight should be given to the asset’s conservation
PINS-6006905	2026-09-30	Bastle house north of Whitlees, Elsdon (s73 planning appeal) / Northumberland National Park	dismissed	differs-slip (immaterial)	dismissed; great weight [not consulted]	¶20	great weight should be given to the asset’s conservation
PINS-6007352	2026-09-30	Land east of New Road, Melksham (2 self-build) / Wiltshire	dismissed	correct	applies 2026 Framework [no switch paragraph]		
PINS-6007677	2026-09-30	Land opposite Nash Cottage, Ashford Road, Brenzett / Folkestone and Hythe	dismissed	correct	applies 2026 Framework [parties consulted]		
PINS-6007924	2026-09-30	Beehive Cottage, Portway, Salisbury (2 homes) / Wiltshire	allowed	correct	applies 2026 Framework [parties consulted]		
PINS-6008176	2026-09-30	Sycamore Farm, Well Bank Lane, Over Peover / Cheshire East	allowed	correct	applies 2026 Framework [parties consulted]		
PINS-6008855	2026-09-30	7A Shorefield Cottage, Shorefield Road, Westcliff-on-Sea (re / Southend-on-Sea	dismissed	correct	applies 2026 Framework [parties consulted]		
PINS-6008864	2026-09-30	Land adj 33A Chelford Road, Somerford (PIP, 5 homes) / Cheshire East	dismissed	correct	applies 2026 Framework [parties consulted]		
PINS-6009030	2026-09-30	Somerville, Mingoose Vale, Towan Cross, Truro (affordable PIP) / Cornwall	dismissed	correct	applies 2026 Framework [parties consulted]		
PINS-6009106	2026-09-30	Land at Tuttle Farm, Lock Road, North Cotes / East Lindsey	dismissed	correct	applies 2026 Framework [parties consulted]		
PINS-6009407	2026-09-30	Two Oaks, Whitchurch Road, Spurstow (3 homes) / Cheshire East	dismissed	correct	applies 2026 Framework [parties consulted]		
PINS-6009410	2026-09-30	Land rear of 53 Beresford Avenue, Chapel-en-le-Frith / High Peak	allowed	correct	applies 2026 Framework [parties consulted]		
PINS-6009631	2026-09-30	Stratton House Hotel, Gloucester Road, Stratton (Appeal A) / Cotswold	dismissed	correct	applies 2026 Framework [not consulted]		
PINS-6009635	2026-09-30	Stratton House Hotel, Stratton (spa LBC) / Cotswold	allowed	correct	applies 2026 Framework [not consulted]		
PINS-6009649	2026-09-30	Land east of Hole House Lane, Tosside (food truck) / Ribble Valley	dismissed	correct	applies 2026 Framework [parties consulted]		
PINS-6010097	2026-09-30	Pound Scots, Chinnor Road, Bledlow Ridge (self-build dwellin / Buckinghamshire	dismissed	correct	applies 2026 Framework [parties consulted]		
PINS-6010213	2026-09-30	Disley Meadow, Lower Greenshall Lane, Disley / Cheshire East	dismissed	correct	applies 2026 Framework [parties consulted]		
PINS-6010276	2026-09-30	76 Andover Road, Cheltenham (listed garden wall rebuild) / Cheltenham	allowed	correct	applies 2026 Framework [parties consulted]		
PINS-6010706	2026-09-30	Sleepy Corner, Stibb Cross (footway condition) / Torridge	allowed	correct	applies 2026 Framework [parties consulted]		
PINS-6010934	2026-09-30	Land off Pickworth Road, Great Casterton (HO11(e) earth-shel / Rutland	dismissed	correct	applies 2026 Framework [parties consulted]		
PINS-6011714	2026-09-30	4-6 Ashford Road, Tenterden (listed building consent, ground- / Ashford	dismissed	correct	applies 2026 Framework [not consulted]		
PINS-6011717	2026-09-30	4-6 Ashford Road, Tenterden (Appeal B, LBC sign) / Ashford	dismissed	correct	applies 2026 Framework [not consulted]		
PINS-6012279	2026-09-30	Pavement at East Road, Cambridge (BT Street Hub, Appeal B) / Cambridge	dismissed	correct	applies 2026 Framework [not consulted]		
PINS-6012788	2026-09-30	79 Rushdene Crescent, Northolt (vehicle crossover across gree / Ealing	dismissed	correct	applies 2026 Framework [not consulted]		
PINS-6012886	2026-09-30	40 Gladstone Street, Scarborough / North Yorkshire	dismissed	correct	applies 2026 Framework [parties consulted]		
PINS-6013651	2026-09-30	69 Wellingborough Road, Rushden (HMO frontage parking, s73) / North Northamptonshire	allowed	correct	applies 2026 Framework [parties consulted]		
PINS-6006322	2026-09-23	Land at Backworth Business Park, Eccleston Close, Backworth / North Tyneside	allowed	correct	applies 2026 Framework [parties consulted]		
PINS-6006961	2026-09-23	Paddock north of Spring Acres, West End Lane, Henfield (PIP, / Horsham	dismissed	correct	applies 2026 Framework [parties consulted]		
PINS-6007698	2026-09-24	1C Wickenden Road, Sevenoaks (s73, grey roof tiles on approv / Sevenoaks	dismissed	correct	applies 2026 Framework [parties consulted]		
PINS-6007730	2026-09-24	Land to the rear of 137 Station Road, Hesketh Bank (PIP, up / West Lancashire	allowed	correct	applies 2026 Framework [parties consulted]		
PINS-6010440	2026-09-24	Percy Wood Golf Club and Country Retreat, Swarland (180 cara / Northumberland	allowed	correct	applies 2026 Framework (DM6 conditions tests only; merits decided on the development plan) [parties consulted]		
PINS-6006018	2026-09-25	454-456 Blackpool Road, Preston (3 retail units and 6 flats / Preston	dismissed	correct	applies 2026 Framework [parties consulted]		
PINS-6011889	2026-09-25	Maisie Cottage, Bottrells Lane, Chalfont St Giles (stable to / Buckinghamshire	dismissed	correct	applies 2026 Framework (GB6, GB7, N4, S5(5), HO7, Annex A) [no switch paragraph]		
PINS-6012303	2026-09-25	Land north of Scrubs Farm, Lower Gravel Road, Bromley (padel / Bromley	allowed	correct	applies 2026 Framework [parties consulted]		
PINS-6010755	2026-09-28	The Beck and Call, Stainbeck Road, Meanwood, Leeds (outdoor / Leeds	dismissed	correct	applies 2026 Framework [not consulted]		
PINS-6008940	2026-09-29	Basement Flat, 226 Finchley Road, Camden (parking space and / Camden	dismissed	correct	applies 2026 Framework [not consulted]		
PINS-6010211	2026-09-29	22 Ecclesburn Street, Richmond Hill, Leeds (dwelling to short / Leeds	dismissed	correct	applies 2026 Framework [not consulted]		
PINS-6010459	2026-09-29	Land west of 103 Tonbridge Road, Hildenborough (PIP, 5 to 7 / Tonbridge and Malling	allowed	correct	applies 2026 Framework [parties consulted]		
PINS-6008883	2026-09-30	15 Brethergate, Westwoodside (dwelling in side curtilage) / North Lincolnshire	allowed	correct	applies 2026 Framework (S3, S4, L2(1)(d), DM6(2)(c)) [no switch paragraph]		
PINS-6009869	2026-09-30	33 Sherwood Road, Seaford (house to two flats) / Lewes	allowed	correct	applies 2026 Framework (DM6; revised Framework cited generally on design) [consultation not stated]		
PINS-6010112	2026-09-30	Balne Moor Coarse Fishery, Balne (manager's dwelling) / North Yorkshire	dismissed	correct	applies 2026 Framework (codes written H07, H011) [parties consulted]		
PINS-6011827	2026-09-30	2 Rookwood Avenue, Leeds (dwelling to short-term let) / Leeds	dismissed	correct	applies 2026 Framework (P3) [no switch paragraph]		
PINS-6011983	2026-09-30	Beechwood Shopping Centre, 14 Church Street, Woodlesford (se / Leeds	dismissed	correct	applies 2026 Framework (DP3(2), DP3(3), E2) [no switch paragraph]		
PINS-6002400	2026-10-01	Pavement outside Waterfront House, Station Street, Nottingham (kiosk) / Nottingham	dismissed	correct	applies 2026 Framework [parties consulted]; S4 conclusion states the test in inverted form (¶33), a drafting slip and not 2024 wording		
PINS-6002677	2026-10-01	Land east of Halfpenny Lane, Wisbech (352 dwellings, hybrid) / Fenland	allowed	correct	applies 2026 Framework [parties consulted]		
PINS-6002708	2026-10-01	Land at Castle End, Lea (PIP, up to 3 dwellings) / Herefordshire	dismissed	correct	applies 2026 Framework [parties consulted]		
PINS-6004899	2026-10-01	Lower Fawke Farm, Fawke Common, Underriver (farm buildings to B8/E(g)) / Sevenoaks	allowed	correct	applies 2026 Framework [parties consulted]		
PINS-6006890	2026-10-01	147 Eastcote Lane, Harrow (two-storey house in rear garden, outline) / Harrow	dismissed	correct	applies 2026 Framework [parties consulted]		
PINS-6008018	2026-10-01	65 Grimshaw Lane, Manchester (first-floor guest house) / Manchester	dismissed	correct	applies 2026 Framework (S3, S4, DP3, Annex A(2)); no switch paragraph		
PINS-6008122	2026-10-01	Milan Villa, Hyde Wood Lane, Canewdon (replacement dwelling) / Rochford	dismissed	correct	applies 2026 Framework [parties consulted]		
PINS-6008177	2026-10-01	Land west of Leicester Road, Market Harborough (PIP, 5 to 9 homes) / Harborough	allowed	correct	applies 2026 Framework (HE7 and HE9 cited by code; no S4 or S5 analysis) [no switch paragraph]		
PINS-6009135	2026-10-01	6 and 6a Fairview Road, Wednesfield / Wolverhampton	dismissed	correct	applies 2026 Framework (codes written H07, S03, S04) [not consulted]		
PINS-6009363	2026-10-01	Land at Mushroom Lane, Brigsley (outline, 9 homes) / North East Lincolnshire	dismissed	correct	applies 2026 Framework [parties consulted]		
PINS-6009720	2026-10-01	Land adjacent to 1 Ninesprings Cottage, Wymondley Road, Hitchin (PIP) / North Hertfordshire	allowed	correct	applies 2026 Framework [parties consulted]		
PINS-6009880	2026-10-01	The Teapot, East Pier, Scarborough (outdoor seating hours condition) / North Yorkshire	dismissed	correct	applies 2026 Framework heritage wording, policies not numbered [parties consulted]		
PINS-6009910	2026-10-01	12 Victoria Road, Whetstone (dwelling in rear garden) / Blaby	dismissed	correct	applies 2026 Framework (S4) [not consulted]		
PINS-6009979	2026-10-01	2A Park Road, Barnoldswick (uPVC shopfront condition) / Pendle	dismissed	correct	applies 2026 Framework [parties consulted]		
PINS-6010033	2026-10-01	259 Wick Road, Hackney (takeaway and delivery-only food premises) / Hackney	dismissed	correct	applies 2026 Framework (HC5, TR6(4)); no switch paragraph		
PINS-6010376	2026-10-01	Former Hull Grammar School, Cottingham Road, Hull (student accommodation) / Kingston upon Hull	dismissed	correct	applies 2026 Framework [parties consulted]		
PINS-6010445	2026-10-01	Pavement outside 498-504 Fulham Road (multifunctional hub) / Hammersmith and Fulham	dismissed	correct	applies 2026 Framework (HE6(4)) [parties consulted]		
PINS-6010951	2026-10-01	Land north of the Bower House, Clatterbury Lane, Clavering / Uttlesford	dismissed	correct	applies 2026 Framework [parties consulted]		
PINS-6011062	2026-10-01	Thamesfield Retirement Village, Wargrave Road, Remenham / Wokingham	dismissed	correct	applies 2026 Framework [parties consulted]		
PINS-6011321	2026-10-01	Land to the rear of 14 Cross Hills, Kippax (storage unit and car park) / Leeds	dismissed	correct	applies 2026 Framework (TR6, S4) [consultation not stated]		
PINS-6011337	2026-10-01	Land west of Sunnyside, Glentham (three over-55s homes) / West Lindsey	dismissed	correct	applies 2026 Framework [parties consulted]		
PINS-6011602	2026-10-01	28A Ridley Road, London NW10 (external rear staircase) / Brent	allowed	differs-slip (immaterial)	allowed; no harm found; Framework design aim paraphrased in 2024 ¶135(c) wording [not consulted]	¶6	The Framework seeks development that is sympathetic to local character, while not preventing or discouraging appropriate innovation or change.
PINS-6012098	2026-10-01	125-133 Old Brompton Road (JOLT charge point with advert screens) / Kensington and Chelsea	dismissed	correct	applies 2026 Framework (HE6(4)) [parties consulted]		
PINS-6012105	2026-10-01	Outside 131 Fulham Road (JOLT charge point with advert screens) / Kensington and Chelsea	dismissed	correct	applies 2026 Framework (HE6(4)) [parties consulted]		
PINS-6012202	2026-10-01	Happy Hounds Hotel, Back Lane, Weeton (PIP, up to 2 homes) / Fylde	allowed	correct	applies 2026 Framework [no switch paragraph]		
PINS-6012344	2026-10-01	189 Greenwich High Road (bar to convenience store, Appeal A) / Greenwich	allowed	correct	applies 2026 Framework (HC6(1)(c)) [parties consulted]		
PINS-6012348	2026-10-01	189 Greenwich High Road (bar to cafe, Appeal B) / Greenwich	allowed	correct	applies 2026 Framework (HC6(1)(c)) [parties consulted]		
PINS-6005011	2026-10-02	Barrow Hill House, West Mersea (extension, planning appeal) / Colchester	dismissed	correct	applies 2026 Framework [no switch paragraph]		
PINS-6005014	2026-10-02	Barrow Hill House, West Mersea (extension, listed building consent) / Colchester	dismissed	correct	applies 2026 Framework [no switch paragraph]		
PINS-6005162	2026-10-02	Land east of Wymers Wood Road, Burnham (self-build dwelling) / Buckinghamshire	allowed	differs-slip (immaterial)	allowed; 2026 structure operative (GB7(1)(g), S5(5)); N6 compliance described as not providing "a strong reason for refusing" (2024 ¶11(d)(i) phrasing) [parties consulted]	¶42	it would comply with Policy N6, and therefore, not provide a strong reason for refusing the proposed development
PINS-6005177	2026-10-02	51 Thorndon Hall, Ingrave (sash windows, listed building consent) / Brentwood	dismissed	correct	applies 2026 Framework [no switch paragraph]		
PINS-6005995	2026-10-02	16-17 Cecilia House, Hanger Lane, Ealing (rear extension to HMO) / Ealing	dismissed	correct	applies 2026 Framework (S3, S4, L2(1)(d)(ii)) [not consulted]		
PINS-6007704	2026-10-02	Cross Gaits Inn, Beverley Road, Blacko (pub to dwelling, pla / Pendle	allowed	correct	applies 2026 Framework; 2024 ¶215 cited only to record that HE6 replaces it [parties consulted]		
PINS-6007757	2026-10-02	Cross Gaits Inn, Beverley Road, Blacko (pub to dwelling, lis / Pendle	allowed	correct	applies 2026 Framework; 2024 ¶215 cited only to record that HE6 replaces it [parties consulted]		
PINS-6007927	2026-10-02	47 Burma Road, Hackney (rear extension next to a locally lis / Hackney	dismissed	correct	applies 2026 Framework [not consulted]		
PINS-6008292	2026-10-02	Land west of Underlane, Carnkie (mushroom building) / Cornwall	dismissed	correct	applies 2026 Framework [parties consulted]		
PINS-6008432	2026-10-02	Cornish Marquees, Higher Trevellas, St Agnes (PIP, 2 homes) / Cornwall	dismissed	correct	applies 2026 Framework [parties consulted]		
PINS-6008483	2026-10-02	Land adjacent to 2 New Ealing Broadway, Ealing (BT Street Hu / Ealing	dismissed	correct	applies 2026 Framework (HE4, HE6) [not consulted]		
PINS-6008497	2026-10-02	2 Westparkside, Goole (boundary fence) / East Riding of Yorkshire	dismissed	correct	applies 2026 Framework (cited only as its design related decision-making policies) [not consulted]		
PINS-6008679	2026-10-02	Oozedam, High Road, Fobbing (5 dwellings behind the frontage / Thurrock	dismissed	correct	applies 2026 Framework [parties consulted]		
PINS-6008892	2026-10-02	Thurlestone Golf Club (hospitality trailer by the coast path) / South Hams	dismissed	correct	applies 2026 Framework [no switch paragraph]		
PINS-6009119	2026-10-02	456 Southchurch Road, Southend (hand car wash with acoustic  / Southend-on-Sea	dismissed	correct	applies 2026 Framework [parties consulted]		
PINS-6009245	2026-10-02	67 Main Street, Bushby (replacement dwelling) / Harborough	dismissed	correct	applies 2026 Framework [parties consulted]		
PINS-6009255	2026-10-02	The Orchard, Charley Road, Charley (garage conversion to a s / North West Leicestershire	allowed	correct	applies 2026 Framework; appeal planning officer recommendation [parties consulted]		
PINS-6009318	2026-10-02	Monometer House, 128 Rectory Grove, Leigh-on-Sea (storage bu / Southend-on-Sea	dismissed	correct	applies 2026 Framework; cites Annex A paragraph 1 [parties consulted]		
PINS-6009769	2026-10-02	Land adjacent to 4 Callis Way, Parkwood, Gillingham (bungalo / Medway	dismissed	correct	applies 2026 Framework [parties consulted]		
PINS-6009965	2026-10-02	10 Bradfield Drive, Barking (house to 3-bedroom HMO) / Barking and Dagenham	dismissed	correct	applies 2026 Framework [not consulted]		
PINS-6010069	2026-10-02	2 Ridge Hill Lane, Stalybridge (house to 6-bedroom HMO) / Tameside	dismissed	correct	applies 2026 Framework (issue date given as 19 August; HO7 cited as H07) [parties consulted]		
PINS-6010199	2026-10-02	Grass verge at Ferrers Close, Coventry (20 m telecoms monopo / Coventry	dismissed	correct	applies 2026 Framework (CO1 as material to siting; issue date given as 18 August) [parties consulted]		
PINS-6010305	2026-10-02	10 West Street, Weston-super-Mare (shop unit merged into the / North Somerset	dismissed	correct	applies 2026 Framework [parties consulted]		
PINS-6010392	2026-10-02	144 Browns Lane, Stanton on the Wolds (replacement dwelling, / Rushcliffe	allowed	correct	applies 2026 Framework (2024 ¶154g cited only as the former reference) [not consulted]		
PINS-6010578	2026-10-02	Land at Dunvilles Farm, Bollington Lane, Monks Heath (PIP, 5 / Cheshire East	allowed	correct	applies 2026 Framework [parties consulted]		
PINS-6010746	2026-10-02	Canons, Hobbs Cross Road, Matching (replacement dwelling, Gr / Epping Forest	dismissed	correct	applies 2026 Framework (PDL glossary cited as Annex 2, the 2024 numbering) [parties consulted]		
PINS-6010933	2026-10-02	The Little Boatyard, Lime Street, Brightlingsea (timber cabi / Tendring	allowed	correct	applies 2026 Framework; cites Annex A paragraph 1 [parties consulted]		
PINS-6011060	2026-10-02	West Court Land, Park Lane, Finchampstead (telecoms lattice  / Wokingham	dismissed	correct	applies 2026 Framework (CO1/CO2 as material to siting and appearance) [parties consulted]		
PINS-6011081	2026-10-02	239 Barking Road, East Ham (two studio flats above a car was / Newham	dismissed	correct	applies 2026 Framework [not consulted]		
PINS-6011302	2026-10-02	14-16 Hendon Rise, Nottingham (two vehicle repair and sales  / Nottingham	dismissed	correct	applies 2026 Framework [parties consulted]		
PINS-6011365	2026-10-02	Land off Long Lane, Fowlmere (PIP, up to 7 self-build homes) / South Cambridgeshire	dismissed	correct	applies 2026 Framework [parties consulted]		
PINS-6011489	2026-10-02	Lot B2a, Upper Bourne End Lane, Hemel Hempstead (outdoor wel / Dacorum	dismissed	correct	applies 2026 Framework [parties consulted]		
PINS-6011852	2026-10-02	Chase Lodge Hospital, Page Street, Mill Hill (front pergola, / Barnet	dismissed	correct	applies 2026 Framework [not consulted]		
PINS-6011855	2026-10-02	Chase Lodge Hospital, Page Street, Mill Hill (rear pergola,  / Barnet	dismissed	correct	applies 2026 Framework [not consulted]		
PINS-6012036	2026-10-02	Romaldor, St Johns Road, Wroxall (amateur radio mast) / Isle of Wight	dismissed	differs-slip (immaterial)	dismissed; 2024 great weight to landscape and scenic beauty (N4(1) now substantial weight); S4 balance otherwise in 2026 terms [not consulted]	¶9	give great weight to conserving and enhancing landscape and scenic beauty
PINS-6012075	2026-10-02	403 King's Road, Chelsea (JOLT electric vehicle charge point / Kensington and Chelsea	dismissed	correct	applies 2026 Framework [parties consulted]		
PINS-6012115	2026-10-02	55 Boundary Lane, St Leonards and St Ives (static caravan as / Dorset	dismissed	correct	applies 2026 Framework [parties consulted]		
PINS-6012289	2026-10-02	Rear of 2 High Street, Edgware (nine flats above a garage) / Barnet	dismissed	correct	applies 2026 Framework [parties consulted]		
PINS-6012368	2026-10-02	35 Cumberland Drive, Bexleyheath (children’s home) / Bexley	allowed	correct	applies 2026 Framework (HO1 cited by code as context; decided on the development plan) [no switch paragraph]		
PINS-6013634	2026-10-02	Sunny Bank Kitchen Garden, Killington (market garden barn and polytunnels) / Yorkshire Dales National Park	allowed	correct	applies 2026 Framework [no switch paragraph]		
PINS-6013769	2026-10-02	56 St Giles’, Oxford (bookshop to college common room) / Oxford	dismissed	correct	applies 2026 Framework [no switch paragraph]		
