ref	date	type	decision	lpa	nppf2026_codes	cites_2026_fw	cites_old_fw_paras	description
6000405	2026-09-10	Planning	Allowed	Council of the London Borough of Barnet	M4(2)			part single, part two storey rear extension with loft conversion and landscaping to create 2no self contained flats
6000903	2026-08-25	Planning	Dismissed	Cornwall Council	S5(1)(c) S5(1)(b) TR6(4) E4(2) S5 HO11 TR3(1)(e) TR3 S5(3) N2 S5(1) S5(4)	Y		for the change of use and conversion of piggery to form a holiday cottage
6001260	2026-09-14	Planning	Allowed	Wiltshire Council	S5(1)(j) S5 P5 HO7 N1 N2 TR4 S5(1)(j)(i)	Y		development of site to provide 9 dwellings, with associated landscaping, sustainable drainage and primary vehicular access from Stone Lane
6001859	2026-09-30	Planning	Dismissed	London Borough of Southwark Council	DP3(1) S4 HC1 S3 TC2	Y		extension of outdoor seating area together with erection of pergola structure, glazed side screens, planters and retractable awning
6001896	2026-09-28	Planning	Dismissed	Herefordshire Council	S5 S4 HE6(1) HO7 HE6	Y		the erection of up to six dwellings
6001939	2026-09-30	Planning listed building and conservation area	Dismissed	South Downs National Park Authority		Y		
6002006	2026-09-09	Planning	Allowed	West Devon Borough Council	P2 P3 N4	Y		
6002168	2026-08-26	Planning	Dismissed	Lancashire County Council	DM2 TR6(4) M1 M4(1)(b) P3 M1(2)(d) M3(1)	Y	Y	the extraction and processing of sand and gravel including the construction of new site access roads, landscaping and screening bunds, minerals washing plant and other associated infrastructure with restoration to mixed 
6002400	2026-10-01	Planning	Dismissed	Nottingham City Council	HE6 HE7 HE4 CO1 E2 HE1 S3 S4	Y		new communications kiosk with integrated advertising display and defibrillator. Appeal B Ref: APP/Q3060/Z/25/3376390 Pavement outside Waterfront House, 35 Station Street, Nottingham NG2 3DQ 
6002628	2026-08-28	Planning	Dismissed	Council of the London Borough of Islington		Y		described as the: conversion of Ground & First Floors to residential use as 4 self-contained units
6002677	2026-10-01	Planning	Allowed	Fenland District Council	P2 P3 P4 F8 DM7 S4 HO7	Y		Hybrid Application: Outline application with matters committed in respect of access to erect of up to 250 x dwellings, and full application to erect 102 x dwellings (15No. 1-bed, 41No. 2-bed, 35No. 3-bed and 11No. 4-bed)
6002703	2026-08-21	Planning	Dismissed	Cornwall Council		Y		
6002708	2026-10-01	Planning	Dismissed	Herefordshire Council	HE6(1) HO7 HE6 S5	Y		a residential development of a max of 3 dwellings
6002759	2026-08-18	Planning	Allowed	Warwick District Council		Y		
6002834	2026-08-18	Planning	Allowed					
6002880	2026-09-04	Planning	Dismissed	Cornwall Council	TR2 N4 S4	Y	Y	engineering works to sea cliff retaining structure and construction of steps
6002940	2026-09-18	Householder	Dismissed	Council of the London Borough of Harrow	DM1 DM9 DM10	Y		“Proposed ground floor front and rear extension, porch, first floor side & rear extension and alteration to existing loft dormer.” Decision 1. The appeal is dismissed. Appeal Procedure 2. The site visit was undertaken by
6002960	2026-09-04	Planning	Dismissed	Reading Borough Council	CO1	Y		proposed installation of 1no. new BT Street Hub, incorporating 2no. digital 75" LCD advert screens, and associated BT Phone Kiosk removal. Appeal B Ref: 6002961 Pavement o/s 5 The Triangle, Tilehurst, Reading RG30 4RN 
6002961	2026-09-04	Commercial advertisement	Dismissed	Reading Borough Council	CO1	Y		proposed installation of 1no. new BT Street Hub, incorporating 2no. digital 75" LCD advert screens, and associated BT Phone Kiosk removal. Appeal B Ref: 6002961 Pavement o/s 5 The Triangle, Tilehurst, Reading RG30 4RN 
6002971	2026-08-27	Planning	Dismissed	Cornwall Council	TR7	Y		Change of Use of Land for parking, storage and the siting of storage containers.  The details for which approval is sought are: Condition 3 - Prior to any further clearance and construction works on site, a landscaping 
6003001	2026-09-21	Planning	Dismissed	Reigate and Banstead Borough Council	GB6 GB2 GB7(1)(g) TR3 GB7 GB7(1)(b) HE5 HE4 HE6	Y	Y	the demolition of existing detached dwelling and erection of a replacement single storey dwelling
6003013	2026-08-18	Householder	Dismissed	Council of the London Borough of Richmond Upon Thames	W1 W2 W3	Y		
6003034	2026-09-11	Planning	Dismissed	Council of the London Borough of Bromley	CO1 HE6 CO2	Y		installation of 6 no. antennas on tripod frames and 4 no. transmission dishes on support poles, together with 4 no. equipment cabinets, and ancillary development thereto. Overall height of proposed apparatus is 20.6 metr
6003055	2026-09-09	Planning	Dismissed	Cornwall Council	HO7 HE6(1) HE6(4) N4(1) S5 S4(1) S4(2)(a)(ii)	Y		the construction of 1 – 9 residential dwellings at land to east of Gwel An Syllan, Truthwall Lane, Truthwall, St Just, TR19 7PU
6003076	2026-09-03	Commercial advertisement	Dismissed	Council of the London Borough of Haringey	S4 DM3 DP3 S3 DM1 DM2 TR4 TR6 CO1	Y		the deployment of a Street Hub 3 unit. Appeal B Ref: 6003076 Turnpike Lane, Near Green Lanes Junction, London N8 0PX 
6003086	2026-09-03	Planning	Dismissed	Council of the London Borough of Haringey	S4 DM3 DP3 S3 DM1 DM2 TR4 TR6 CO1	Y		the deployment of a Street Hub 3 unit. Appeal B Ref: 6003076 Turnpike Lane, Near Green Lanes Junction, London N8 0PX 
6003168	2026-09-09	Householder	Allowed in part	London Borough of Merton	HC1			for the erection of a rear dormer L shaped roof extension above the existing main roof & outrigger, raising the main ridge height, the erection of a single storey rear extension with pitched roof, erection of an outbuild
6003226	2026-09-29	Planning listed building and conservation area	Dismissed	London Borough of Southwark Council	HC1	Y		
6003286	2026-08-25	Planning	Dismissed	Telford and Wrekin Council		Y		the conversion of agricultural barns labelled 'North Barn' and 'Middle' Barn, with associated curtilage and parking
6003318	2026-08-17	Planning	Dismissed	Bassetlaw District Council			Y	
6003398	2026-08-17	Commercial advertisement	Allowed	Newcastle Upon Tyne City Council		Y		described as: The proposed removal of an existing InLink Unit, and the deployment of a replacement Street Hub 3 unit
6003400	2026-08-17	Planning	Allowed	Newcastle Upon Tyne City Council		Y		described as: The proposed removal of an existing InLink Unit, and the deployment of a replacement Street Hub 3 unit
6003486	2026-08-17	Planning	Dismissed	Bassetlaw District Council			Y	
6003496	2026-08-20	Planning	Allowed	Durham County Council		Y		the change of use from grazing paddock to all weather horse arena
6003507	2026-08-28	Planning	Dismissed	Calderdale Metropolitan Borough Council	GB1 GB7 GB7(1)(f) GB7(1)(f)(iv)	Y		described as ‘stable block’
6003513	2026-10-02	Planning	Allowed	Council of the London Borough of Croydon	M4(2) DM10	Y		demolition of existing bungalow and garage, erection of two storey four-bedroom detached dwelling with accommodation within the roof space and provision of detached garden room, bin and cycle store
6003535	2026-08-28	Householder	Allowed	Council of the London Borough of Havering		Y		single storey rear extension with an overall depth of 7.50m, a maximum height of 2.95m, and an eaves height of 2.75m Decision 1. The appeal is allowed and prior approval is not required under the provisions of Article 3(
6003539	2026-09-04	Planning	Allowed		F5			demolish garage to create a vehicular access and erect a detached bungalow
6003569	2026-09-14	Planning	Allowed	Buckinghamshire Council	W3 S5(1) W2	Y		Installation of Ground-Mounted Solar Panels (200 kW Total Capacity) comprising 12 rows of panels, each oriented 6 degrees west of due south
6003588	2026-08-17	Planning	Allowed	Colchester City Council		Y	Y	custom and self-build dwelling
6003697	2026-08-24	Commercial advertisement	Dismissed	Council of the London Borough of Wandsworth		Y		
6003718	2026-09-09	Planning	Allowed	New Forest District Council	P1 P2 HC6 P5 P4 DM2 DM6 P3	Y		the erection of two semi-detached residential dwellings (Use Class C3) and change of use of Public House (Sui generis) to allow for conversion into three self-contained residential dwellings (Use Class C3), with external
6003738	2026-08-26	Planning	Allowed	Council of the London Borough of Barnet	M4(2)	Y		for the conversion of the property into 2no. self-contained flats, comprising of a 2-bedroom property at ground floor level and 3-bedroom property on the upper floors, and retention of replacement porch and first floor e
6003865	2026-09-25	Commercial advertisement	Allowed	Durham County Council	HE5 HE6	Y		retrospective application for consent to display a mural-style advertisement
6003947	2026-08-20	Planning	Dismissed	Maidstone Borough Council		Y		
6004062	2026-09-17	Planning	Dismissed	Crawley Borough Council	CO1 S4 DP3	Y		the installation of 1no. BT Street Hub and removal of associated BT payphones. Appeal B Ref: 6004064 Pavement o/s 100 High Street, Crawley RH10 1BZ 
6004064	2026-09-17	Commercial advertisement	Dismissed	Crawley Borough Council	CO1 S4 DP3	Y		the installation of 1no. BT Street Hub and removal of associated BT payphones. Appeal B Ref: 6004064 Pavement o/s 100 High Street, Crawley RH10 1BZ 
6004144	2026-09-17	Planning	Dismissed	Tandridge District Council	P3 TR3 GB8 P4(2) P4 GB6(1) GB2 HE6 HE5(2) HE6(4) P3(3) HO7 HO8 GB8(2) P3(1)	Y		outline planning application for up to 132 residential dwellings, including 50% affordable housing, vehicular access off Holland Road, pedestrian and cyclist access off Holland Road and Warren Lane and provision of publi
6004332	2026-09-18	Householder	Dismissed	Uttlesford District Council	HE6 DP3 HE4	Y		
6004344	2026-08-27	Planning	Dismissed		S5 GB7 DP1 S3	Y		demolition of a storage barn and erection of a new dwelling with associated parking and garden area
6004363	2026-09-30	Planning	Dismissed	Folkestone and Hythe District Council	DP3 HE6 CO1 HE4 S4	Y		proposed installation of 1no. new BT Street Hub, incorporating 2no. digital 75" LCD advert screens, and associated BT Phone Kiosk removals. Appeal B: Appeal Ref: 6004364 Opposite 67 Sandgate Road, Folkestone CT20 1RY 
6004364	2026-09-30	Advertisement	Dismissed	Folkestone and Hythe District Council	DP3 HE6 CO1 HE4 S4	Y		proposed installation of 1no. new BT Street Hub, incorporating 2no. digital 75" LCD advert screens, and associated BT Phone Kiosk removals. Appeal B: Appeal Ref: 6004364 Opposite 67 Sandgate Road, Folkestone CT20 1RY 
6004385	2026-09-07	Planning	Allowed	West Northamptonshire Council	S1 S5 P2 S3	Y	Y	outline application for up to 100 new homes (all matters reserved except access) (both open market and affordable) including vehicular access to York Way and new pedestrian linkages; sustainable drainage measures; a visi
6004392	2026-08-21	Planning	Dismissed	Council of the London Borough of Barnet	HC1 HE6(4)	Y		Installation and upgrading of kitchen extract (including noise attenuation), fridge condensers and air conditioning condensers. Appeal B Ref: 6004393 87-89 Golders Green Road, Golders Green, London NW11 8EN 
6004393	2026-08-21	Planning listed building and conservation area	Dismissed	Council of the London Borough of Barnet	HC1 HE6(4)	Y		Installation and upgrading of kitchen extract (including noise attenuation), fridge condensers and air conditioning condensers. Appeal B Ref: 6004393 87-89 Golders Green Road, Golders Green, London NW11 8EN 
6004446	2026-09-23	Planning	Allowed	South Hams District Council			Y	a new retail food store (Use Class E) together with associated works including the provision of parking and servicing area, access works and landscaping
6004449	2026-08-28	Planning	Dismissed	Hastings Borough Council	TC2 S3 S4 CO1	Y		the installation of 1no. BT Street Hub and removal of associated BT payphones. Appeal B: Appeal Ref: 6004450 Pavement o/s 33 Havelock Road, Hastings TN34 1BE 
6004450	2026-08-28	Advertisement	Dismissed	Hastings Borough Council	TC2 S3 S4 CO1	Y		the installation of 1no. BT Street Hub and removal of associated BT payphones. Appeal B: Appeal Ref: 6004450 Pavement o/s 33 Havelock Road, Hastings TN34 1BE 
6004494	2026-09-16	Planning	Dismissed		S3 S4 DP3(2)(a) DP3(3)	Y		the change of use from dwellinghouse (Use Class C3) to a flexible use permission as a HMO (Use Class C4) and a dwellinghouse (Use Class C3) under the provisions of Class V of Part 3 of the GPDO including single storey re
6004495	2026-08-19	Planning	Dismissed	Stroud District Council		Y		an agricultural storage building
6004496	2026-09-18	Planning	Dismissed	Hinckley and Bosworth Borough Council	DM4 S5(1)(j) DM10 S5 N2 DP3 N2(1)(a) S3	Y		outline application for demolition of all existing buildings and structures and erection one detached dwelling
6004526	2026-09-30	Planning	Allowed	Council of the London Borough of Harrow	N2 DM6	Y		outline planning consent (access reserved) for the erection of 2 new detached single storey dwellings with accommodation in the roof space
6004528	2026-09-03	Planning	Dismissed	Hart District Council		Y		
6004592	2026-08-17	Planning	Dismissed	Havant Borough Council	DM8	Y		outline application for construction of a single storey two bed dwelling to the west garden area with a new access from St Catherines Road to become 14A St Catherines Road
6004604	2026-09-08	Householder	Dismissed	Uttlesford District Council	HE6 HE4	Y		new build cart lodge. Appeal B: 6004605 Willow Cottage, The Village, Latchmore Bank, Little Hallingbury, Essex CM22 7PX 
6004605	2026-09-08	Planning listed building and conservation area	Dismissed	Uttlesford District Council	HE6 HE4	Y		new build cart lodge. Appeal B: 6004605 Willow Cottage, The Village, Latchmore Bank, Little Hallingbury, Essex CM22 7PX 
6004640	2026-09-30	Planning	Dismissed	South Downs National Park Authority	N4	Y		three bay garage and improvements to existing vehicular access
6004673	2026-09-07	Planning listed building and conservation area	Dismissed		HE6	Y	Y	
6004675	2026-09-07	Planning listed building and conservation area	Dismissed		HE6	Y	Y	
6004676	2026-09-22	Planning	Allowed	Portsmouth City Council		Y		the change of use of part ground floor (Class E) and upper floor (Class C3) to 9 bedroom/9 person House of Multiple Occupation (Sui Generis); external alterations to include construction of mansard roof and single storey
6004691	2026-09-21	Planning	Dismissed	Medway Council	S5 DP3 S1 S2 N2 DM4 DM6 HO7	Y		permission in principle for the construction of a minimum of one and a maximum of three self-build residential units
6004752	2026-09-21	Planning	Dismissed	Redcar and Cleveland Borough Council	N4 S4 HO7 N6	Y		
6004780	2026-09-25	Planning	Allowed	South Norfolk District Council	DM1 DM6 DM4 HO7	Y		erection of 1no detached self-build dwelling and ancillary storage outbuilding
6004809	2026-09-22	Planning	Dismissed	Reading Borough Council	L2 TR1 TR3 S4 HO7 DP3 P3 DP3(3) DP3(1)	Y		the development of new building to provide 2 no. 2 bedroom and 6 no. 1 bedroom flats along with the creation of 6 parking spaces and associated landscaping following the demolition of the existing building
6004850	2026-09-16	Planning	Dismissed		S3 S4 DP3(2)(a) DP3(3)	Y		the change of use from dwellinghouse (Use Class C3) to a flexible use permission as a HMO (Use Class C4) and a dwellinghouse (Use Class C3) under the provisions of Class V of Part 3 of the GPDO including single storey re
6004873	2026-09-25	Commercial planning (CAS)	Dismissed	Southend-on-Sea City Council • The application Ref is 25/017	DP3 DM1 DM3 DM5 HE6 HE7 HE9 E2 TC2 S4	Y		
6004899	2026-10-01	Planning	Allowed	Sevenoaks District Council	GB7 TR3 TR8 S5(5) S5(2) N4(2) DP3 N4 E4 TR6 S3 S5 HC8 GB6 GB8	Y		described as ‘Conversion and change of use of former agricultural buildings to a mix of commercial B8 (storage and distribution) and E(g) (ii) (iii) uses following demolition of buildings unsuitable for conversion’
6004909	2026-09-10	Planning	Dismissed	Cornwall Council	HO7 HE8 HE4(2) HE6(1) HE5(2) S4(1)	Y		Permission in Principle for 1 to 2 new homes
6004929	2026-09-11	Planning	Allowed	Council of the London Borough of Lewisham	HO8 F5 HE7 DM7 HC1 HE3 DM5 HO1 HO3 TR4 F6 F7 S3 S4 HO7	Y		for the erection of a 4-storey building containing 9 self-contained flats and a commercial unit
6004934	2026-09-25	Planning	Allowed	Sunderland City Council		Y		front extension and part change of use to hair salon
6004952	2026-09-30	Planning	Dismissed	West Lancashire Borough Council	F5 S4 F4(3) S3 L2(1)(b) F7 HO7 F4 F8	Y		residential development, including five dwellings and an apartment block (4 flats) with associated access, parking and landscaping following demolition of existing buildings
6004977	2026-09-21	Planning	Dismissed		S1 DM1 P1 P2 TR4(1)(a) P3(2)(a) P3(2)(c) S5 HE9(2) HE5(1) HE6 HE6(4) HE7 HE7(2) P3	Y		a change of use of the former Middleton Conservative Club and Kohinoor Banqueting Hall into a new multi-functional events space including a part single/part two storey side extension, erection of external stairway and re
6005011	2026-10-02	Planning	Dismissed	Colchester City Council	HE6 HE4	Y		a two storey rear flat roof extension with perimeter parapet. Appeal Ref: 6005014 7 East Mersea Road, West Mersea, CO5 8SL 
6005014	2026-10-02	Planning listed building and conservation area	Dismissed	Colchester City Council	HE6 HE4	Y		a two storey rear flat roof extension with perimeter parapet. Appeal Ref: 6005014 7 East Mersea Road, West Mersea, CO5 8SL 
6005051	2026-09-17	Planning listed building and conservation area	Dismissed	City of Westminster Council	W2	Y		described as “retrospective approval for the replacement of a previously damaged black timber panel with a new timber panel of the same material. The original panel had become unsafe, and the replacement was necessary to
6005067	2026-09-14	Planning	Dismissed	Warrington Borough Council	HE6	Y		
6005081	2026-09-18	Planning	Allowed		N4	Y		
6005088	2026-09-16	Householder	Dismissed	Sevenoaks District Council	GB7 GB3 DM6	Y		formation of ancillary building in residential curtilage
6005102	2026-09-18	Commercial advertisement	Dismissed	Manchester City Council	M4 P2 DM1			
6005107	2026-09-08	Householder	Allowed	Council of the London Borough of Richmond upon Thames		Y		the construction of a rear roof dormer situated on the rear outrigger
6005108	2026-09-11	Planning	Allowed	Vale of White Horse District Council	S5 HE6 TR3 DM6 DP3 S3 N2 DP4 TR6 M4(2)	Y	Y	for the erection of up to 31 dwellings with associated means of access, car parking, public open space, landscaping, sustainable drainage system (SuDS) and associated infrastructure (all matters reserved except for acces
6005119	2026-09-08	Planning	Dismissed	Cornwall Council	N4 S5	Y		the redesign of the dwelling permitted under extant planning permission referenced PA22/08946
6005123	2026-09-08	Planning	Dismissed	Hart District Council		Y		the erection of a replacement dwelling following demolition of the existing bungalow and garage
6005150	2026-09-09	Planning	Dismissed	Mole Valley District Council	GB7 S1 S5 HO11 GB6 S3 DP3	Y		Change of use and conversion of existing redundant stables to one bedroom dwelling
6005162	2026-10-02	Planning	Allowed	Buckinghamshire Council	GB7 GB6 GB7(1)(g) S5 GB1 GB3 GB7(1)(g)(i) N6 HE5 HE6 GB7(1)(e) GB2(1) TR3(2) GB7(1)(a) GB7(1)(b)	Y	Y	Detached two storey and single storey, 5-bedroom self-build dwelling house and associated works includes vehicular access, parking, integral garage and landscaping
6005177	2026-10-02	Planning listed building and conservation area	Dismissed	Brentwood Borough Council	HE6 HE4	Y		
6005194	2026-08-17	Planning	Dismissed	Bournemouth Christchurch and Poole Council		Y	Y	Outline planning permission with all matters reserved for the demolition of existing workshop / store and re-development of the site with 9 flats
6005208	2026-08-17	Householder	Dismissed	Mole Valley District Council		Y		‘alterations to front boundary masonry wall to create a vehicle parking hardstanding’
6005225	2026-09-21	Planning	Dismissed	Tunbridge Wells Borough Council	HE6(1) HE4(2) HE6(4)	Y		single storey rear extensions & patio. Appeal B Ref: 6005229 1 The Down Cottages, The Down, Lamberhurst, Tunbridge Wells, Kent TN3 8EX 
6005229	2026-09-21	Planning listed building and conservation area	Dismissed	Tunbridge Wells Borough Council	HE6(1) HE4(2) HE6(4)	Y		single storey rear extensions & patio. Appeal B Ref: 6005229 1 The Down Cottages, The Down, Lamberhurst, Tunbridge Wells, Kent TN3 8EX 
6005269	2026-08-27	Householder	Dismissed	Council of the London Borough of Sutton		Y		6m single storey rear extension
6005312	2026-09-18	Planning	Dismissed	Council of the Royal Borough of Greenwich		Y		
6005325	2026-08-27	Planning	Dismissed	Council of the London Borough of Redbridge	S4 DP3 TR4 S3 S5	Y		Subdivision of garden and development of a two-storey detached 3-bedroom dwellinghouse on the land to the rear
6005328	2026-09-07	Planning	Allowed	Cornwall Council	S5 HO7	Y		construction of 6-9 dwellings
6005418	2026-09-30	Householder	Allowed in part	Isle of Wight Council	DP3 S4(2)(c) S4	Y		2 storey extension to side and new vehicular access
6005433	2026-09-09	Planning	Dismissed	Mole Valley District Council	GB7 TR3 HE6 GB6 GB2	Y		Retention of two containers used storage purposes
6005461	2026-08-24	Planning	Dismissed	Uttlesford District Council	TR4 P3 E2 HC4	Y		
6005495	2026-09-10	Planning	Dismissed		S5 GB7 GB6 HE6 TR3 HE5	Y		conversion of agricultural buildings to residential dwellings, demolition of the later additions and construction of new single storey extension to the farmhouse, construction of a new replacement dwelling, new garages a
6005497	2026-09-10	Planning listed building and conservation area	Dismissed		S5 GB7 GB6 HE6 TR3 HE5	Y		conversion of agricultural buildings to residential dwellings, demolition of the later additions and construction of new single storey extension to the farmhouse, construction of a new replacement dwelling, new garages a
6005503	2026-08-19	Householder	Allowed	Telford and Wrekin Council		Y		the construction of detached garage with garden store with first floor one bedroom guest accommodation subservient to the main dwelling
6005528	2026-08-27	Planning	Dismissed	Cumberland Council		Y	Y	the development of 6 detached dwellings on the former gardens to Knells House
6005578	2026-08-17	Householder	Allowed	King's Lynn and West Norfolk Borough Council		Y		Extensions & Alterations to Dwelling
6005590	2026-09-24	Planning	Dismissed	Council of the London Borough of Islington	DP3(3) S4 S2 S3 N5 M4(2) DM7 DM1 DM2 DM3 S6 S4(2)(c) HO7	Y		‘Conversion of the southern portion of the basement to three residential units and associated works to create a courtyard level with entry points.’ Decision 1. The appeal is dismissed. Preliminary Matters 2. The descript
6005594	2026-09-24	Planning	Dismissed	Waverley Borough Council	P3 S4 DM1 HC5 DM6 S3 E2	Y	Y	
6005603	2026-09-01	Householder	Dismissed	Gravesham Borough Council	GB6 GB7 DP3	Y		1st floor addition to side of house, ground floor addition to rear of house, conversion of attic to bedroom, new front porch and formation of 2 car parking bays within front garden
6005649	2026-09-03	Planning	Allowed		GB7	Y		
6005652	2026-09-29	Planning	Dismissed	Stroud District Council	HO11 S5(3) N4 S5 S5(1) DP3	Y	Y	described as “Demolition of modern outbuildings, alterations and extensions to an existing stone barn and its conversion to residential use with associated works and landscape enhancements.” Decision 1. The appeal is dis
6005653	2026-09-07	Planning	Dismissed	Maidstone Borough Council	S4	Y		change of use of Medvale House to 87no. residential apartments, including associated infrastructure works, communal areas and amenity spaces
6005664	2026-08-18	Planning	Allowed	Maldon District Council	S5 N2 S1 P3 S2 HO1 HE6 S3	Y	Y	
6005670	2026-09-25	Planning	Allowed	Kirklees Metropolitan Council	TR6(4)	Y		change of use from vacant bank (Class E) to hot food takeaway (sui generis) with installation of extract and ventilation equipment and external alterations to the front and rear elevations
6005682	2026-08-17	Planning	Allowed		P1 P2 P3 E2 HC1 GB7 GB8	Y	Y	demolition of existing building and redevelopment for a five storey building comprising flexible Class E floorspace and seven residential units with associated landscaping, cycle parking and other works incidental to the
6005692	2026-08-26	Householder	Dismissed	Council of the London Borough of Wandsworth		Y		
6005740	2026-08-20	Householder	Allowed	Reading Borough Council	HE4 HE5 HE6 N2	Y		the construction of a 1.5-storey side extension and a double-storey rear extension, and the removal of a masonry upstand/short brick wall and replacing it with glass guarding and the regrading of existing garden steps
6005744	2026-08-26	Planning	Dismissed	Kirklees Council		Y		described as: 4 No. flats proposed on the ground floor
6005788	2026-08-17	Planning	Dismissed	Tameside Metropolitan Borough Council	P2	Y		described as the: construction of one dwelling house
6005792	2026-09-18	Planning	Dismissed	Oxford City Council		Y		
6005809	2026-09-14	Planning	Allowed	Vale of White Horse District Council (VoWHDC)	S5(1)(j) TR3(1)(a) S5 M4 S5(1)(a) N2 M4(2)	Y		outline planning application for the erection of up to 249 dwellings, including means of access into the site (not internal roads) from Spring Hill, with all other matters (relating to appearance, landscaping, scale and 
6005818	2026-09-10	Householder	Dismissed	Bournemouth Christchurch and Poole Council		Y		weather station on pole
6005822	2026-09-30	Planning	Dismissed	Council of the London Borough of Harrow	TR1 TR3 TC3 M1 M2 L3 E4 TC4 TR2 TR4 E2 DM6 S3 S4	Y		the construction of a new food retail store, comprising the erection of a part one and two storey building of Class E(a) floorspace, including a warehouse, ancillary staff facilities, access, car and cycle parking, lands
6005849	2026-08-17	Planning	Dismissed	Coventry City Council		Y		the change of use from E class to C3 to consist 3 no one bedroom studio flat and 1 no 2 bedroom flat at 17 Allesley Old Road, Coventry
6005855	2026-09-07	Planning	Dismissed	Council of the London Borough of Wandsworth		Y		change of use from C3 (Residential) to a 8 bed HMO (Sui Generis)
6005861	2026-09-25	Planning	Allowed	Oxford City Council				rear detached garden building to form home office
6005877	2026-09-11	Planning	Allowed	Cheshire East Council	GB7 GB8 GB6 GB2 TR3 S5(5) S3	Y		permission in principle of up to 6no. dwellings
6005881	2026-08-17	Planning	Dismissed	Luton Borough Council		Y	Y	the demolition of the existing single-storey structure and the construction of three mews dwelling houses (Class C3), consisting of three 2-bedroom, 3-person dwellings, each with its own individual entrance, private amen
6005903	2026-09-16	Planning	Dismissed	Rother District Council	DP3 HO1 S5 S5(2) TR3 TR4 TR8 N4 N2(1)	Y		the creation of 41 new dwellings including 39% affordable housing, with associated landscaping, amenity space, parking and provision of public open space
6005904	2026-09-24	Planning	Allowed	Council of the London Borough of Islington	N5 DP3 L2 S3 S4	Y		the erection of an extension above the existing rear two-storey outrigger; enlargement of the existing rear dormer on the main roof; installation of a rooflight on the rear roof slope; and replacement of the rear windows
6005908	2026-08-25	Householder	Dismissed	Buckinghamshire Council		Y		removal of a small section of boundary wall and creation of new vehicular crossing to create private access to the application site
6005913	2026-09-30	Planning	Allowed	Bournemouth Christchurch and Poole Council	N6 S3 S4(1) S4(2)	Y		Demolition of a garage and several outbuildings, and the development of 1 dwelling with associated bin and bike store
6005916	2026-08-19	Planning	Allowed	Bath and North East Somerset Council	GB7 GB2 GB1 HE1 DM6	Y	Y	Installation, operation and decommissioning of renewable energy generating station comprising ground-mounted photovoltaic solar arrays together with transformer stations, site accesses, internal access tracks, security m
6005929	2026-09-24	Householder	Allowed	Council of the London Borough of Wandsworth	HC1			Replacement of existing door at first floor level with timber sash window
6005950	2026-09-24	Planning	Dismissed	Newcastle Upon Tyne City Council	P3 P4	Y		Change of Use from Former Skipton Building Society Staff Room (Class E) to 1no. Flat (Class C3), and LBC for the removal of modern partition wall to front (south) room; installation of brick air vents to the rear; bin an
6005963	2026-09-02	Planning	Allowed	West Lancashire Borough Council		Y		for the conversion of agricultural buildings to 5 no. residential dwellings
6005969	2026-09-16	Planning	Dismissed		S3 S4 DP3(2)(a) DP3(3)	Y		the change of use from dwellinghouse (Use Class C3) to a house in multiple occupation (Use Class C4) including single storey rear extension
6005970	2026-09-10	Planning	Allowed	Breckland Council	S5 HO7(1) S3 S4 S5(1)(j)(i) HO1 DP3 N2(1)(a) DM6	Y		Construction of 6 new dwellings including affordable units
6005976	2026-09-03	Planning	Dismissed	Newcastle Upon Tyne City Council	GB7(1)	Y		
6005980	2026-09-02	Planning	Dismissed	Council of the London Borough of Camden	HE6 N6 HE9 HE4	Y		demolition of existing sheds to be replaced with garden studio. Appeal B Ref: 6005981 6 Bacon's Lane, London N6 6BL 
6005981	2026-09-02	Planning listed building and conservation area	Dismissed	Council of the London Borough of Camden	HE6 N6 HE9 HE4	Y		demolition of existing sheds to be replaced with garden studio. Appeal B Ref: 6005981 6 Bacon's Lane, London N6 6BL 
6005995	2026-10-02	Planning	Dismissed		S3 S4	Y	Y	single storey rear extension to Sui Generis HMO
6005999	2026-08-27	Planning	Dismissed	North Somerset Council	DM3	Y		
6006002	2026-09-22	Planning	Allowed			Y		a part retrospective change of use of the lower ground floor garden room / store area of the apartment block and the L-shaped outbuilding to the rear of the site to create two new dwellings
6006003	2026-09-30	Planning	Dismissed	Kirklees Metropolitan Council	GB7(1)(g) HO7 DP3(1) GB2 TR3 GB8 DP3(3) GB6 GB7 GB7(1)(g)(i) HE6(1) HE6(4) N2(1)(d) S5	Y		erection of single dwelling
6006018	2026-09-25	Planning	Dismissed	Preston City Council	L2 S4	Y		described as: proposed new build to accommodate 3No. retail units (Class E) at ground floor level and 6No. apartments (Class C3) at upper floor level
6006023	2026-08-19	Planning	Dismissed	Cheshire East Council	HE6 HE5	Y		conversion of outbuilding into ancillary habitable accommodation and construction of glazed link extension to house. Appeal B Ref: 6006027 Grove House, Town Lane, Mobberley, Knutsford WA16 7HR 
6006027	2026-08-19	Planning listed building and conservation area	Dismissed	Cheshire East Council	HE6 HE5	Y		conversion of outbuilding into ancillary habitable accommodation and construction of glazed link extension to house. Appeal B Ref: 6006027 Grove House, Town Lane, Mobberley, Knutsford WA16 7HR 
6006049	2026-09-07	Planning	Dismissed	Tameside Metropolitan Borough Council	P3 DP3 TR4 S4 S3	Y		change of use from existing residential dwellinghouse (use class C3) to large-scale House in Multiple Occupation (7-bedroom, 8 occupants) (use class Sui Generis) together with external works including rear dormer extensi
6006053	2026-08-25	Planning	Allowed	Buckinghamshire Council	M4(2) M4(1) S2 S3 DM6(2)(c)	Y		
6006054	2026-09-08	Planning	Dismissed	Burnley Borough Council	HE6 HE1 HE2	Y		demolition of a building used for dog grooming and its replacement by a detached dwelling
6006059	2026-09-10	Planning listed building and conservation area	Dismissed	Uttlesford District Council	HE6 HE4	Y		
6006078	2026-09-22	Planning	Dismissed	Cornwall Council		Y		an agricultural barn for the storage of arable crops, supplements and nutrients for restoration of the land
6006117	2026-09-28	Planning	Dismissed	Waverley Borough Council	DM5 DP3 DM1 DM4 S4 S4(2) HO7 DP3(3) P3	Y		full planning permission for the erection of a dwelling
6006123	2026-09-14	Planning	Dismissed	Dover District Council	E2 HO11 DP3 S5	Y		the conversion and change of use from light industrial shed to 3 dwellinghouses with associated garden, amenity space and parking
6006128	2026-09-03	Planning	Allowed	Leeds City Council	S4 HO1 HO7	Y	Y	redevelopment for retirement living accommodation for older people comprising 29 retirement apartments including communal facilities, access, car parking and landscaping, and a detached cottage (open market)
6006144	2026-08-24	Planning	Dismissed	Bournemouth Christchurch and Poole Council	L2(1)(d)(i) L2(1)(d)(ii) N6(1)(a)(i)	Y		Sever land and erect a dwelling (self-build) with new vehicular access off West Way
6006151	2026-08-19	Planning	Allowed	Shropshire Council		Y		siting of an agricultural worker mobile home for a period of 3 years
6006162	2026-08-28	Planning listed building and conservation area	Dismissed	Council of the London Borough of Lambeth	HE6 HE9 HE4	Y		
6006181	2026-09-04	Planning	Allowed	Cornwall Council	TR8	Y		to convert a redundant stable block into a 3 bedroomed annexe to serve the existing dwelling house
6006224	2026-09-28	Planning	Dismissed	East Hertfordshire District Council	GB7 TR3 GB6 S5 HE4 HE6 S3 GB8 HO7	Y	Y	residential development for up to 4 dwellings
6006240	2026-09-09	Planning listed building and conservation area	Allowed	East Devon District Council	HE6 P2	Y		
6006244	2026-09-16	Planning	Allowed	Council of the London Borough of Havering		Y		change of use from residential use to a children’s home for up to two children (C2 use class)
6006259	2026-08-28	Planning	Dismissed	Tunbridge Wells Borough Council	HE6(1) HE4(2) HE6(4)	Y		the erection of oak framed garden room to the side. Appeal B Ref: 6006260 2 Ashfield Cottages, Horns Hill, Hawkhurst, Cranbrook, Kent TN18 4XD 
6006260	2026-08-28	Planning listed building and conservation area	Dismissed	Tunbridge Wells Borough Council	HE6(1) HE4(2) HE6(4)	Y		the erection of oak framed garden room to the side. Appeal B Ref: 6006260 2 Ashfield Cottages, Horns Hill, Hawkhurst, Cranbrook, Kent TN18 4XD 
6006266	2026-09-30	Planning listed building and conservation area	Dismissed	South Downs National Park Authority		Y		
6006286	2026-10-01	Planning	Dismissed	West Lancashire Borough Council	GB7 F5 TR3 GB2 S5 HC8 GB6 GB8	Y		permission in principle for a minimum of 4 dwellings and a maximum of 9 dwellings
6006289	2026-09-15	Planning	Dismissed	Chelmsford City Council	DM8 HE7 DM6 N2 HO11 S5	Y		described as Reinstatement of previous dwelling and erection of 1no. self-building
6006305	2026-09-23	Planning	Dismissed	Calderdale Metropolitan Borough Council	TR4(1)(e) S4 TR6(4) S3	Y		
6006322	2026-09-23	Planning	Allowed	North Tyneside Council	DM5 S4 P1 S5 N6 N2 DM7 P4 S3 DM4	Y		the demolition of existing buildings and construction of residential dwellings (Use Class C3(a)) with associated road infrastructure, car parking, gardens, landscaping and other ancillary works
6006329	2026-09-11	Planning	Dismissed	Council of the London Borough of Barking & Dagenham	HC1	Y		demolition of existing outbuilding and construction of a new outbuilding, a part two storey part single storey side extension and a single storey rear extension including relocation of the side entrance door and alterati
6006330	2026-09-23	Planning listed building and conservation area	Dismissed	Uttlesford District Council	HE5 HE6 HE4	Y		
6006352	2026-09-10	Planning	Allowed		TR6	Y		the change of use from dwellinghouse (Use Class C3) to a flexible use permission as a HMO (Use Class C4) and a dwellinghouse (Use Class C3) under the provisions of Class V of Part 3 of the GPDO including single storey re
6006365	2026-09-24	Householder	Dismissed	Council of the London Borough of Wandsworth				alterations including front and rear ground floor extensions, loft conversions the main building, annex and the garage, and a basement under the existing annex
6006388	2026-08-25	Planning	Dismissed	North West Leicestershire District Council	S2 S3 S5 HO10	Y		the use of former groom's accommodation as independent dwelling
6006409	2026-08-17	Planning	Dismissed	London Borough of Havering Council		Y		a change of use from a storage unit to a workshop
6006422	2026-09-14	Planning	Allowed	East Riding of Yorkshire Council	HE6(4) S5 HE5(2) HE6(1) HC4 DM7(1) DM6 S3(1) E4	Y		
6006423	2026-08-17	Advertisement	Allowed			Y		
6006475	2026-09-16	Planning	Dismissed	Ashford Borough Council	S5 HE4 HE6 DP3 N2 N3 HO7 HO8 HE9	Y		for 35 dwellings, together with all associated landscaping and infrastructure
6006496	2026-09-21	Planning	Dismissed	Reigate and Banstead Borough Council	S5 TR6 GB7 N6	Y	Y	‘construction of x2 agricultural buildings’
6006497	2026-09-25	Planning	Allowed		GB7 P2 GB8 S5 P1 GB6 GB2 TR3	Y		the erection of up to 30 dwellings (including 50% affordable) including provision of vehicular and pedestrian access, landscaping (incorporating SUDS) and other associated infrastructure provision
6006506	2026-09-11	Planning listed building and conservation area	Dismissed	Council of the London Borough of Bromley	HE6 HC1	Y		
6006517	2026-09-21	Planning	Dismissed		DM1 DM5 F3 F4 DP3 F7 DM4 DM7 S4 S4(2) HO7 DP3(3) F7(2) HC3	Y		erection of a building comprising 9 residential units together with car parking and associated works in lieu of planning permission WA/2002/2310
6006541	2026-09-29	Planning	Dismissed	Eastbourne Borough Council	DP3 S4 HO6 P3 F4 S3	Y	Y	demolition of store/garage and erection of one bedroom dwelling
6006581	2026-09-17	Planning	Dismissed	Waverley Borough Council	N4 S5 DM1 DM4 HO7 S3	Y		phased development of site to provide 14 residential dwellings comprising up to 8 affordable dwellings and 6 (affordable) detached self/custom build homes together with internal access road, amenity space and landscaping
6006600	2026-08-24	Planning	Dismissed	Telford and Wrekin Council		Y		the erection of a single storey rear extension measuring 7.20m in length, 4.00m in height and 2.80m to eaves
6006617	2026-08-17	Planning	Dismissed	Exeter City Council		Y		a single storey dwelling
6006629	2026-09-22	Planning	Dismissed	North Somerset Council	F6 S5 F7 HO12	Y		Change of use to Gypsy and Travellers site with associated development
6006631	2026-09-15	Enforcement notice	Notice varied			Y		
6006632	2026-09-15	Enforcement notice	Quashed					
6006636	2026-08-17	Planning	Dismissed	Oadby and Wigston Borough Council		Y		
6006637	2026-09-23	Planning	Dismissed	Warwick District Council	TR3 GB7 GB8 GB7(1)(g)(iii) TR1 GB8(1)(b)	Y		redevelopment of the site and erection of 28 residential dwellings plus site access, parking, landscaping and associated infrastructure
6006644	2026-09-22	Planning	Dismissed	Worcester City Council	S4 DP3 TR6 L2	Y		described on the application form as “proposed 3 bedroom detached bungalow to rear garden amenity area”
6006656	2026-09-18	Planning	Dismissed	Teignbridge District Council	S4 N2 E2 S3	Y		the demolition of unit 3a, alterations to units 3, 6, 7, 8 and 9 and change of unit 3 from tattoo parlour to B2 General Industrial
6006657	2026-08-24	Householder	Dismissed	Rochford District Council		Y		a single storey rear extension and proposed loft conversion, flat roof front dormer and flat roof rear dormer with associated internal alterations
6006672	2026-09-23	Householder	Dismissed	Buckinghamshire Council	HE6	Y		Installation of weatherboarding to external walls
6006697	2026-09-15	Planning	Dismissed	Mole Valley District Council	S5	Y		described as ‘retention of barn’
6006703	2026-09-28	Planning	Allowed	Charnwood Borough Council		Y		erection of two storey student accommodation consisting of 38 bedrooms, contained in 7 Cluster Flats with new vehicle entrance on Frederick Street
6006716	2026-09-25	Householder	Dismissed	East Hertfordshire District Council	GB7 GB6 S4 F7 S3	Y	Y	the erection of a single storey rear extension
6006720	2026-09-18	Planning	Dismissed	Waverley Borough Council	DP3 DM4 DM5 P3 N2 S4 DM1 S3 HO7	Y	Y	removal of existing outbuildings and construction of single storey new dwelling
6006722	2026-09-28	Planning	Dismissed	Malvern Hills District Council	S5 S3 TR3	Y		described as an application for permission in principle for the proposed erection of up to 1 self-build dwelling.' Decision 1. The appeal is dismissed. Preliminary Matters 2. The proposal is for permission in principle. 
6006725	2026-09-29	Planning	Dismissed	Cornwall Council	TR7 DP3 S4(2)(c) S3 S4	Y		construction of a townhouse to include an additional bedroom within the roof
6006727	2026-08-25	Planning	Dismissed	Council of London Borough of Waltham Forest	HE7	Y		originally described as “retrospective application for retention of rear extension extended to approved extension (15 years old). Altered roof form (eave height not changed) and replacement of external timber cladding wi
6006744	2026-08-20	Planning	Dismissed	Welwyn Hatfield Council		Y		described on the application form as “erection of fence”
6006749	2026-09-03	Enforcement notice	Notice upheld			Y		
6006750	2026-09-03	Enforcement notice	Notice upheld			Y		
6006761	2026-09-21	Planning	Dismissed	Epping Forest District Council	TR6 E4 S5 GB7 TR3 E3 E2 DM6 DM9 GB6 GB8 S3	Y		change of use from agricultural to B8 storage and associated development
6006802	2026-09-01	Advertisement	Allowed	Council of the London Borough of Lambeth		Y		
6006805	2026-08-25	Planning	Allowed	Lancaster City Council	DM1 N6	Y		conversion from combined commercial and residential to combined commercial and House of Multiple Occupation
6006806	2026-09-22	Planning	Allowed	Rutland County Council		Y		
6006808	2026-09-22	Planning listed building and conservation area	Allowed	Rutland County Council		Y		
6006809	2026-09-25	Planning	Dismissed	Cheshire West and Chester Council		Y		for the conversion of barn into one dwelling
6006811	2026-09-14	Planning	Allowed	Wakefield Metropolitan District Council	P3(2) TR6(4)	Y		conversion to form beauty hub
6006812	2026-09-15	Planning	Dismissed	North Norfolk District Council	S3 S4 S5 E2 E4 P3	Y		for the change of use from bed-and-breakfast / small hotel to holiday let (sui generis)
6006819	2026-09-07	Planning	Dismissed	East Hertfordshire District Council	S5 DP3 TR6	Y		
6006824	2026-09-01	Planning	Dismissed	Wyre Council		Y		described as: Barn for hay and machinery storage and a 7metre by 15 metre polytunnel
6006825	2026-09-25	Planning	Dismissed	Waverley Borough Council	DP3 L2 N2 N3 S4 F8 DM4 DM5 DM1 S3 HO7	Y	Y	the erection of a detached residential dwelling
6006832	2026-09-01	Planning	Dismissed	Cornwall Council	S5 DP3 HO7 TR4 HE6 S3 S2 HO8 HO9 HO10 HO11 E4 TR3 N2 E2	Y		described as change of use of land from temporary use of land for the stationing of caravans to use of the land for Holiday Lodges
6006846	2026-09-18	Planning	Dismissed	South Tyneside Council	TR6(4) S4 S4(2)(c) TR4(1)(c)(i)	Y		‘erection of a single, detached use class C3 dwellinghouse across two storeys, with 3 bedrooms and the formation of vehicular access onto Cotswold Lane, car parking and garden/curtilage areas. Resubmission with altered c
6006868	2026-08-17	Planning listed building and conservation area	Dismissed	Wealden District Council		Y		
6006890	2026-10-01	Planning	Dismissed	Council of the London Borough of Harrow	L2 N2 HO3 S3 S4	Y		application for outline planning consent (access reserved) for the demolition of garage to the rear of 147 Eastcote Lane and the erection of a new 2 storey house. All matters reserved save for scale, layout, appearance a
6006893	2026-09-15	Planning	Dismissed		N4 N2 DP3 S5(1)(j) HC4 S5	Y		erection of 115 dwellings (including 40% affordable housing) and associated parking; public house (Use Class Sui Generis), employment units (Use Class E(g)); provision of public open space; installation of sustainable ur
6006900	2026-09-18	Planning	Dismissed	South Downs National Park Authority	S5 N4 DP3 TR3 TR4 TR6 S3	Y	Y	described as planning permission in principle (PIP) for the construction of a chalet style dwelling
6006903	2026-09-30	Planning listed building and conservation area	Dismissed	Northumberland National Park Authority	DM6 DM7 DM10 HE6	Y		
6006905	2026-09-30	Planning listed building and conservation area	Dismissed	Northumberland National Park Authority	DM6 DM7 DM10 HE6	Y		
6006907	2026-09-25	Householder	Dismissed	Bournemouth Christchurch and Poole Council	HE2	Y		first floor front extension
6006920	2026-08-26	Planning	Allowed	Council of the London Borough of Barnet	M4(2)	Y		demolition of the existing dwelling and erection of a new two storey dwelling including new basement level with associated light wells and rooms in the roof space with two side, one rear and two front facing dormers and 
6006932	2026-08-24	Planning	Allowed	Council of the London Borough of Hackney	N1	Y		the change of use of the existing building from Class E (commercial) to Class C3 (dwellinghouses) to provide four self-contained residential units, together with associated internal alterations
6006948	2026-08-17	Planning	Dismissed	Bath and North East Somerset Council	HE1	Y		the installation of 1no. BT Street Hub and removal of associated BT payphones. Appeal B Ref: 6006951 Pavement O/S the Odeon, Kingsmead Leisure Complex, James Street West, Bath BA1 2BX 
6006950	2026-09-22	Planning	Dismissed	Bassetlaw District Council	S5 TR3 S3 S6 HO7 DP3 S5(1)(c) S5(1)(d) S5(1)(j) S5(4) S5(1) S5(2) DM6 DP3(3)	Y		a new self-build dwelling
6006951	2026-08-17	Commercial advertisement	Dismissed	Bath and North East Somerset Council	HE1	Y		the installation of 1no. BT Street Hub and removal of associated BT payphones. Appeal B Ref: 6006951 Pavement O/S the Odeon, Kingsmead Leisure Complex, James Street West, Bath BA1 2BX 
6006957	2026-09-23	Planning	Allowed	Torbay Council		Y		described as “technical details consent application for the demolition of buildings and development of 1no. new dwelling”
6006959	2026-08-21	Planning	Dismissed	Tendring District Council	F4	Y		replacement of existing workshop
6006961	2026-09-23	Planning	Dismissed	Horsham District Council	S5 L3 L1 DP3 S3 S6	Y		erection of up to 9 self-build dwellings
6006985	2026-09-01	Planning	Dismissed	Southend-on-Sea	DM6 DM1 DM3 S4 DP3	Y		to erect a 3-storey building to form 3no. self-contained flats and layout parking to the rear, amenity areas and landscaping
6006986	2026-08-17	Planning	Dismissed	Council of the London Borough of Wandsworth		Y		change of use from single dwelling to two self contained flats and enlarge existing roof terrace and associated screening
6006990	2026-09-28	Planning	Dismissed	Watford Borough Council	HE9 HE7 HE6 HO3 S3 S4	Y		the erection of a pair of two-storey one bedroom properties together with winter gardens, private amenity space, refuse and cycle storage
6007030	2026-09-10	Planning	Dismissed	Epping Forest District Council	GB7 GB6 DM4 S5	Y		demolition of dwelling and garage and construct a replacement dwelling (self build)
6007047	2026-08-24	Householder	Allowed	Council of the London Borough of Croydon	DM10	Y		described as ‘single storey rear extension.’ Decision 1. The appeal is allowed and prior approval is granted under the provisions of Article 3(1) and Schedule 2, Part 1, Class A of the Town and Country Planning (General 
6007054	2026-09-21	Planning	Dismissed	Guildford Borough Council	S4 S4(2) HO7 DP3 HE6(3) P5	Y		erection of detached dwelling (revised proposal following refusal of application 23/P/0116)
6007094	2026-08-28	Planning	Allowed	Council of the London Borough of Islington	N1 HC1	Y		described as the: loft conversions, rear mansard roof extensions, proposed pitched front roof with conservation rooflights, replacement of roof coverings, and raising of chimney breasts and parapet walls as required
6007096	2026-09-07	Planning	Allowed			Y	Y	
6007104	2026-08-24	Planning	Allowed	Horsham District Council	HO2 S6 HO3 S5	Y		erection of 2no. pairs of semi-detached dwellings and 1no. detached dwelling together with upgraded access onto Furners Lane. Associated hard and soft landscaping works
6007110	2026-09-18	Householder	Dismissed	South Gloucestershire Council				Proposed single-storey rear extension
6007121	2026-09-21	Planning	Dismissed	Sevenoaks District Council	GB7 L3 DP3 S5 HO7	Y		erection of dwellings with a minimum of 4 or maximum of 6 net dwellings
6007122	2026-09-04	Planning	Allowed	Plymouth City Council		Y		change of use of C4 HMO to Sui Generis HMO for 9 persons. Installation of bike and bin store in the rear courtyard
6007128	2026-08-24	Planning	Dismissed	Bournemouth Christchurch and Poole Council	L2(1)(d)(i) L2(1)(d)(ii) N6(1)(a)(i)	Y		to build a block of 20 HMOs, with associated cycle rack, bins and amenity space
6007130	2026-09-18	Planning	Dismissed	Waverley Borough Council	DP3 S5 N4 GB7 S3 GB6 GB8 HO7	Y	Y	the erection of a custom self-build dwelling
6007132	2026-09-25	Commercial advertisement	Allowed	Council of the London Borough of Camden		Y		
6007133	2026-09-25	Planning	Dismissed	Wyre Borough Council	S5 E4 E3 DP3 S5(1) E2 M6 N6(2) E4(1) E2(2) S5(1)(j)(i) E3(1)(b) S3 S5(2)	Y		outline application for the erection of mixed-use class commercial units featuring Use Class E(g) and/or B8 with associated access off Garstang Road (A6), with access, layout and scale applied for
6007136	2026-09-09	Planning	Dismissed		HE6 S4 S3 HO7	Y		the erection of a 3 bedroomed house
6007139	2026-09-25	Planning	Allowed	Council of the London Borough of Camden		Y		
6007154	2026-08-17	Planning	Dismissed	St Albans City Council		Y	Y	
6007158	2026-09-28	Planning	Dismissed	Maidstone Borough Council	S5 S5(1)(j)(i) HE6(1) HE4(2) HE6(4) N2(2) S3(1) S5(1) S5(1)(e) S5(4)	Y		change of use of agricultural land (part of former traditional orchard) to residential use and erection of self-build single storey dwelling
6007161	2026-09-04	Planning	Dismissed	Bournemouth Christchurch and Poole Council	L2(1)(d)(i) DP3(1) L2(1)(d)(ii)	Y		described as “Construction of one dwelling with associated parking to the rear of 20 Crichel Road”
6007163	2026-09-14	Planning	Allowed	West Lancashire Borough Council	GB7	Y		described as the: conversion and restoration of the former Prince William public house to form a single dwelling. Demolition of existing structures and re-use of volume to form a single detached dwelling on land formerly
6007175	2026-09-28	Planning	Allowed	Bournemouth Christchurch and Poole Council		Y		to demolish the existing buildings and erect 15 dwellings with associated parking and access
6007179	2026-08-17	Planning	Dismissed	Cornwall Council		Y		the erection of a detached dwelling and the installation of a sewage treatment plant
6007183	2026-09-25	Planning	Allowed	Council of the London Borough of Bromley	S4 M4(3) HO7 DM5 HO8 DM7 DP3 P3 DM6 M4(2)	Y	Y	redevelopment of the site to provide a part 3 / part 4 storey building comprising 34 one and two bedroom Retirement Living units for older persons with associated communal facilities, parking and landscaping
6007184	2026-09-14	Planning	Allowed	Castle Point Borough Council	GB7 GB8 HC7 HC6 P5 GB7(1)(g) TR3 HE7 N2 E4 HE6 N6 S3 S5 S5(5)	Y		outline planning permission (all matters reserved except for vehicular access) for up to 58 dwellings (50% of which to be provided as affordable homes) together with new vehicular access, parking, public open space, play
6007187	2026-09-24	Planning	Allowed	Bournemouth Christchurch and Poole Council		Y		Outline application with Some Matters Reserved to sever land and erect 2no. detached houses and 1no. detached bungalow with shared vehicular access with no. 5 Higher Blandford Road
6007188	2026-08-19	Planning	Dismissed	Cotswold District Council		Y		the demolition of existing dwelling and outbuildings and replacement with a new dwelling, garage and outbuilding, new landscaping and associated ancillary works (self-build development)
6007199	2026-09-22	Commercial advertisement	Dismissed	Council of the London Borough of Camden	CO1 HC4	Y		‘the removal of an existing InLink Unit, and the deployment of a replacement Street Hub 3 Unit’. Appeal B Ref: 6007199 Outside no. 100 and Swiss Cottage Station entrance, Avenue Road, London NW3 6HY 
6007200	2026-09-22	Planning	Dismissed	Council of the London Borough of Camden	CO1 HC4	Y		‘the removal of an existing InLink Unit, and the deployment of a replacement Street Hub 3 Unit’. Appeal B Ref: 6007199 Outside no. 100 and Swiss Cottage Station entrance, Avenue Road, London NW3 6HY 
6007202	2026-09-04	Planning	Allowed	Central Bedfordshire Council	GB7 DM8	Y		a hay store
6007216	2026-09-10	Commercial advertisement	Allowed	Council of the London Borough of Camden		Y		
6007217	2026-09-10	Planning	Allowed	Council of the London Borough of Camden		Y		
6007219	2026-09-09	Planning	Allowed	Northumberland County Council	GB7	Y		described as ‘retrospective permission for the siting of an agricultural storage shed on land adjacent to Breckon Hill House’
6007220	2026-09-04	Planning	Dismissed		HE6(1) HE5(1) HE5(2) HE6(3) HE6(4) S3(1) S4 DP3(3)	Y		single storey rear extension. Appeal B Ref: 6007221 7 Bridlington Street, Hunmanby, Filey, North Yorkshire YO14 0JR 
6007221	2026-09-04	Planning listed building and conservation area	Dismissed		HE6(1) HE5(1) HE5(2) HE6(3) HE6(4) S3(1) S4 DP3(3)	Y		single storey rear extension. Appeal B Ref: 6007221 7 Bridlington Street, Hunmanby, Filey, North Yorkshire YO14 0JR 
6007231	2026-09-03	Planning	Dismissed	Lichfield District Council		Y		formation of vehicular access
6007266	2026-09-15	Planning listed building and conservation area	Dismissed	Brighton and Hove City Council	HE6	Y		
6007272	2026-09-17	Planning	Dismissed	Rother District Council	HO7 DP3 HO8 L2 L3 N2 N4 S4 N3 TR3 DP3(3) DP3(2)	Y		the part-demolition of No.46 and subsequent erection of 5no. detached dwellings, construction of access drive and associated scheme of hard and soft landscaping
6007279	2026-09-01	Householder	Allowed	North Norfolk Council	HE6 HE4 DM3	Y		
6007287	2026-09-03	Planning	Dismissed	Buckinghamshire Council	GB7 GB2 HE4 HE6	Y		the erection of a storage building for agricultural/land management equipment
6007305	2026-09-18	Planning	Dismissed	Council of the London Borough of Ealing				the construction of an additional storey with a room in the roof space to provide 2No. 1person studio flats on the second floor and rear roof extension incorporating a Juliet balcony, and installation of two roof lights 
6007314	2026-08-28	Planning	Dismissed	Dorset Council		Y		the removal of dilapidated block and portal frame buildings; conversion and change of use of barns to comprise 5 dwellings; erect two dwellings; and landscaping and car parking
6007315	2026-08-25	Planning	Dismissed	Cheshire East Council		Y		the conversion, alterations and extension of outbuildings to provide residential accommodation for the proprietors of the restaurant
6007316	2026-08-17	Planning	Dismissed	Bury Metropolitan Borough Council		Y	Y	described as: construction of up to 4 dwellings
6007319	2026-09-21	Planning	Allowed	Council of the London Borough of Croydon	DM10 S3 M4(3) M4(2)	Y		demolition of existing buildings and erection of 4 storey building with accommodation in roof space comprising 19 self contained flats
6007323	2026-09-08	Planning	Dismissed	Cheshire East Council	DP3 N2 S3 S4	Y		the demolition and erection of a replacement private house with basement, and demolition and erection of a replacement detached garage block
6007334	2026-09-15	Planning	Dismissed	Central Bedfordshire Council	GB7 N6 GB6(2) GB2 TR3 HO7 S5	Y		residential development comprising a minimum of 1 and a maximum of 9 dwellings
6007335	2026-09-25	Planning	Allowed	Southend-on- Sea City Council	GB7 GB6	Y		
6007338	2026-09-24	Planning	Allowed	Council of the London Borough of Bromley	GB7 S3 DM8	Y		retention of agricultural building for storage of hay/straw, farming equipment and lambing. Appeal B Ref: 6007340 Sky Farm, New Years Lane, Knockholt, Kent TN14 7SF 
6007340	2026-09-24	Planning	Allowed	Council of the London Borough of Bromley	GB7 S3 DM8	Y		retention of agricultural building for storage of hay/straw, farming equipment and lambing. Appeal B Ref: 6007340 Sky Farm, New Years Lane, Knockholt, Kent TN14 7SF 
6007348	2026-09-16	Planning	Dismissed	Bassetlaw District Council	S5 TR3 L3 S3 S4	Y		demolition of existing barns, and their replacement with 3 no. dwellings with new point of access
6007352	2026-09-30	Planning	Dismissed	Wiltshire Council	S5 S5(1)(j) S5(1)(j)(i) S5(4) DP3(1) DP3 S3	Y		the construction of up to 2 self-build dwellings and associated infrastructure
6007355	2026-09-07	Planning	Dismissed	Shropshire Council	HE6 HE4 HE9 HE5 HE7	Y		
6007360	2026-09-10	Planning	Dismissed	Council of the London Borough of Camden	HE6	Y		Installation of 1 No. BT Street Hub Unit and Associated Advertisement Panels to either Side of the Unit. Appeal B Ref: 6007364 Footpath outside, 45–46 Chalk Farm Road, Chalk Farm, London, NW1 8AJ 
6007364	2026-09-10	Commercial advertisement	Dismissed	Council of the London Borough of Camden	HE6	Y		Installation of 1 No. BT Street Hub Unit and Associated Advertisement Panels to either Side of the Unit. Appeal B Ref: 6007364 Footpath outside, 45–46 Chalk Farm Road, Chalk Farm, London, NW1 8AJ 
6007369	2026-08-24	Householder	Dismissed	Dorset Council	GB3 GB7(1)(b) GB7 GB7(1)(g) GB6 GB7(1)(a) GB7(1)(c) GB7(1)(d) GB7(1)(f) GB7(1)(h) GB7(1)(e) GB6(2) HE2	Y		
6007373	2026-09-07	Planning	Allowed	Council of the London Borough of Barnet	S4 M4(2) M4(3)	Y		redevelopment of the Site to provide 20 residential dwellings (Use Class C3); together with landscaping, access, cycle parking and other associated works
6007384	2026-09-29	Planning	Dismissed	Council of the London Borough of Camden				the installation of a BT Street Hub Unit
6007390	2026-10-01	Planning	Dismissed	Council of the London Borough of Richmond Upon Thames		Y		construction of additional storey to include nine new flats to an existing building
6007391	2026-09-01	Planning	Dismissed	North Yorkshire Council	HE6 HE7 HE4 HE5 HE9 S3 S4	Y	Y	rebuilding of derelict cottages to form 1 no. retail unit and 1no. apartment
6007395	2026-09-10	Householder	Allowed	Trafford Metropolitan Borough Council	P2	Y		access to a proposed drive for single vehicle parking
6007396	2026-09-04	Planning	Allowed in part	South Oxfordshire District Council		Y		
6007403	2026-09-11	Planning	Dismissed	South Kesteven District Council	S5 S3 HE6	Y		
6007410	2026-09-28	Planning	Allowed	Reigate and Banstead Borough Council	HC6 HC6(1)	Y	Y	change of use to Use Class E (Commercial), replacement shopfront and new stepped and ramped access to front
6007416	2026-09-23	Planning	Dismissed	Cornwall Council	HE6 S5 TR4 HE4	Y		permission in principle for up to 5 dwellinghouses
6007422	2026-09-22	Planning	Allowed	Cheshire East Council	P3 P4	Y		the conversion of an agricultural building into two single storey dwellings
6007423	2026-09-22	Planning	Dismissed	North Somerset Council	F5 DM1 S4 HO7 F6	Y		demolition of a detached garage, Demolition of rear store for ground floor flat and entrance lobby for first floor flat. Erection of a new entrance lobby for first floor flat. Alteration to layout of ground floor flat an
6007424	2026-09-30	Planning	Allowed	South Cambridgeshire District Council				the installation of a 20 m telecommunications pole supporting 6 no. antennas and 1 no. 0.3 m dish together with the installation of 2 no. equipment cabinets, 1 no. meter cabinet and associated ancillary development
6007428	2026-09-22	Planning	Dismissed	West Lancashire Borough Council	GB7(1)(g) TR3 S5(1)(e) GB8 GB7 S5(5)	Y		described as permission in principle for up to 3 no. dwellings
6007431	2026-09-10	Planning	Dismissed	Cornwall Council	S6 S5 HO7	Y		the erection of up to one dwelling
6007434	2026-09-24	Planning	Dismissed	Bournemouth Christchurch and Poole Council	L2 S4 HO7 DP3 P3 DP3(3) DP3(1)	Y		erection of a block of 3no. flats with cycle and bin store and operational car parking space
6007438	2026-09-24	Planning	Dismissed	West Lancashire Borough Council		Y		described as ‘Request as to whether prior approval is required for the conversion of agricultural buildings to 5 no. residential dwellings
6007445	2026-08-21	Commercial advertisement	Allowed	Council of the London Borough of Hammersmith and Fulham	HE4	Y		described as ‘The proposed removal of an existing InLink Unit, and the deployment of a replacement Street Hub 3 unit.’ Decisions 1. Appeal A is allowed and express consent is granted for ‘the proposed removal of an exist
6007447	2026-09-24	Planning	Dismissed	West Lancashire Borough Council		Y		described as ‘Application for determination as to whether prior approval of details is required - Class Q, Agricultural buildings to dwellinghouses’
6007449	2026-08-21	Planning	Allowed	Council of the London Borough of Hammersmith and Fulham	HE4	Y		described as ‘The proposed removal of an existing InLink Unit, and the deployment of a replacement Street Hub 3 unit.’ Decisions 1. Appeal A is allowed and express consent is granted for ‘the proposed removal of an exist
6007451	2026-09-23	Planning	Allowed	East Hertfordshire District Council	S5 HE6 DM6	Y		the erection of a self-build/custom-build dwelling, with outbuilding and associated works
6007456	2026-09-22	Planning	Dismissed	Cheshire East Council	P3	Y		the change of use of an agricultural building and the land within the curtilage to form four dwellinghouses
6007464	2026-09-09	Householder	Dismissed	St Albans City Council		Y		energy efficiency improvements to the existing house; demolition of existing garage and conservatory; erection of a two-storey side extension and a one-storey outbuilding in the rear garden
6007465	2026-08-20	Planning	Allowed		DM6	Y		construction of new two storey house
6007466	2026-09-08	Planning	Dismissed	Cornwall Council	HE6 TR4 HE4 S5 HO7	Y		construction of up to 9 dwellings
6007470	2026-09-30	Planning	Dismissed	Royal Borough of Greenwich		Y		change of use from a single-family dwellinghouse (Use Class C3) to a 7-bedroom, 7-person HMO (Sui Generis) with associated alterations including a rear dormer, rooflights and provision of cycle and refuse storage
6007474	2026-09-07	Planning	Dismissed	North Lincolnshire Council	S5 HO11 HE9	Y		a static home and site for touring caravan and ancillary surfacing. Appeal Ref: 6007477 Plot 5, Leys Lane, Winterton, DN15 9QT 
6007475	2026-08-17	Planning	Dismissed	Council of the London Borough of Islington		Y		described as: conversion of 7 self-contained flats (6x Studios and 1x1bed) into a single dwelling house with a single rear extension
6007476	2026-09-22	Planning	Dismissed	Peak District National Park Authority	N4 HE7	Y		
6007477	2026-09-07	Planning	Dismissed	North Lincolnshire Council	S5 HO11 HE9	Y		a static home and site for touring caravan and ancillary surfacing. Appeal Ref: 6007477 Plot 5, Leys Lane, Winterton, DN15 9QT 
6007478	2026-09-11	Planning listed building and conservation area	Dismissed	Leeds City Council	HE6	Y		replacement of windows to existing openings, on a single dwelling. Decisions 1. Appeal A: The appeal is dismissed
6007479	2026-09-11	Planning	Dismissed	Leeds City Council	HE6	Y		replacement of windows to existing openings, on a single dwelling. Decisions 1. Appeal A: The appeal is dismissed
6007484	2026-09-23	Planning	Allowed		GB7(1)(g) TR3 N2(1)(b) GB6 GB7 S5	Y		permission in principle for up to 9 no. dwellings
6007494	2026-09-09	Planning	Dismissed	Council of the London Borough of Islington	TR4 TR3 L2 DP3(2) DP3 TR6	Y		Prior Approval Application Under Schedule 2, Part 20, Class AB of Town and Country Planning (General Permitted Development) Order 2015 (As Amended) relating to the construction of a two-storey vertical extension to provi
6007519	2026-09-09	Planning	Dismissed	Surrey Heath Borough Council	DM9	Y	Y	the change of use from residential annex (Class C3) to children's day nursery (Class E (f))
6007521	2026-08-28	Planning	Allowed	Blackburn with Darwen Borough Council	F1 TR6 DP3 TR4	Y		
6007526	2026-09-02	Planning	Dismissed	Epping Forest District Council	DM9 S4 DP3	Y		the erection of new dwelling within rear garden of 8 Church Hill, alterations to front elevation of main building, internal alterations to existing first floor flat and combining of two commercial units to form one comme
6007535	2026-08-28	Planning	Dismissed	North Yorkshire Council	F5 F6 S5 F4	Y	Y	demolition of an existing single storey concrete and steel warehouse and the erection of steel portal frame building creating a new wood storage shed for Timclad Ltd
6007541	2026-09-09	Planning	Dismissed	Council of the London Borough of Wandsworth	L2	Y		alterations including erection of a mansard extension to roof to form another level of accommodation
6007549	2026-09-04	Planning	Dismissed	Worthing Borough Council	DM2 DM5 S4 L2 L3 DP3 P3	Y		a mansard-type roof extension to provide 4no new residential dwelling units (Class C3)
6007562	2026-09-11	Planning	Allowed	Council of the London Borough of Camden	HE6 HE4	Y		opening of front lightwell and provision of stairs and metal gates in association with access to basement from street
6007566	2026-08-27	Planning	Allowed	Watford Borough Council	TR4 DM6	Y		New Drive and Drop Kerb
6007567	2026-09-04	Householder	Dismissed	Borough Council of Kings Lynn and West Norfolk		Y		described on the Application Form as a ‘Proposed fence abutting highway - retrospective.’ Decision 1. The appeal is dismissed. Procedural Matter 2. The boundary treatment as described in this appeal has already been inst
6007582	2026-09-25	Planning	Dismissed	Buckinghamshire Council	S4 DP3 L3 DM4 TC1 DM7 S3 HO7 TC2 HC6 F7 P3	Y		described as the demolition and construction of a part 3 – part 5 storey residential development (Use Class C3) with flexible Use Class E(a) (Retail), E(b) (Café), E(c) (Professional Services), E(e) (Health Services), E(
6007583	2026-09-10	Householder	Dismissed	Guildford Borough Council		Y		
6007589	2026-08-21	Planning	Allowed	Dudley Metropolitan Borough Council	S6	Y		to change the residential dwelling (Class C3) to a residential care home (Class C2) Decision 1. The appeal is allowed and planning permission is granted to change the residential dwelling (Class C3) to a residential care
6007590	2026-09-29	Planning	Allowed	Harlow District Council	HE4 HE6	Y		Change of use of an existing residential annex to a mixed use as an annex and short-term holiday let, to allow occupation as an annex for six months of the year and use as visitor accommodation for the remainder
6007598	2026-09-10	Planning	Dismissed	Council of the London Borough of Camden	HE6	Y		Installation of 1 No. BT Street Hub Unit and Associated Advertisement Panels on either Side of the Unit. Appeal B Ref: 6007600 Footpath outside 9 - 17 Highgate Road, London, NW5 1JY 
6007600	2026-09-10	Commercial advertisement	Dismissed	Council of the London Borough of Camden	HE6	Y		Installation of 1 No. BT Street Hub Unit and Associated Advertisement Panels on either Side of the Unit. Appeal B Ref: 6007600 Footpath outside 9 - 17 Highgate Road, London, NW5 1JY 
6007601	2026-08-20	Planning	Dismissed	Mole Valley District Council	HO11 S5 S3	Y		change of use of ground for the temporary siting of a static caravan for a temporary rural workers dwelling
6007606	2026-09-14	Householder	Dismissed	North Yorkshire Council	HE6 S5 N4 HE4 S3	Y		detached garage, rear extensions and front porch. Appeal B Ref: 6007642 Bland Hill Farm, Broad Dubb Road, Norwood, North Yorkshire HG3 1TE 
6007608	2026-08-17	Householder	Dismissed	Council of the London Borough of Southwark		Y		“The addition of a third storey on a two storey terraced house”
6007619	2026-09-25	Planning	Allowed	Spelthorne Borough Council	P6 P2 P3 P1 P5 TR2(2) TR6(4) P4	Y		
6007620	2026-09-25	Planning	Allowed	Spelthorne Borough Council	P6 P2 P3 P1 P5 TR2(2) TR6(4) P4	Y		
6007630	2026-09-29	Planning	Dismissed	Leicester City Council	S4	Y		the change of use from house (Class C3) to house in multiple occupation (7 persons) (sui generis)
6007642	2026-09-14	Planning listed building and conservation area	Dismissed	North Yorkshire Council	HE6 S5 N4 HE4 S3	Y		detached garage, rear extensions and front porch. Appeal B Ref: 6007642 Bland Hill Farm, Broad Dubb Road, Norwood, North Yorkshire HG3 1TE 
6007651	2026-09-02	Planning	Allowed	Warwick District Council	DM2 DM1	Y		erection of retirement living apartments with associated access, car parking, landscaping, ancillary facilities and associated works
6007657	2026-08-25	Planning	Allowed	North Yorkshire Council		Y		the change of use of a building to 1 no dwelling (Use Class C3) and associated operational development
6007662	2026-09-03	Planning	Dismissed	Huntingdonshire District Council		Y		
6007668	2026-09-29	Planning	Dismissed		TR3 GB7 GB6 S5 GB2	Y	Y	development of one serviced plot for self-build and custom housebuilding [sic] (all matters reserved except access and scale)
6007677	2026-09-30	Planning	Dismissed	Folkestone and Hythe District Council	DP3 S5 HO7 N2	Y		change of use from commercial storage area to residential, with demolition of existing garages/storage area and construction of a 3 bedroom chalet bungalow; self build
6007678	2026-09-10	Planning	Allowed	Somerset Council				conversion of agricultural building to a dwelling under Class Q at West Barn, Cobhay Farm, Milverton Road, Bathealton, Wiveliscombe, Somerset TA4 1NN
6007680	2026-08-21	Planning	Dismissed	Sandwell Metropolitan Borough Council		Y		nursery for 10 no. children and flat on first floor
6007691	2026-09-03	Householder	Dismissed	Leeds City Council	HE6	Y		the installation of new roof tiles over single storey element to front
6007698	2026-09-24	Planning	Dismissed	Sevenoaks District Council	DP3(1) DP3(3) S4	Y		
6007704	2026-10-02	Planning	Allowed	Pendle Borough Council	HE6 HC6 HE5 S3	Y		conversion of existing public house (Sui Generis) to 1 no. dwelling (Use Class C3) and associated works. Appeal B Ref: 6007757 Cross Gaits Inn, Beverley Road, Blacko, Lancashire BB9 6RF 
6007705	2026-09-09	Planning	Allowed	West Oxfordshire District Council	E1 S4 HE6 HC6 DM6	Y		erection of 2 No dwellings and associated works following demolition of existing buildings
6007713	2026-09-30	Planning	Allowed	Richmond Upon Thames London Borough Council		Y		the construction of outbuilding and pergola in front garden. New bifold doors at front ground floor level
6007714	2026-09-09	Commercial advertisement	Dismissed	Council of the London Borough of Islington	HE6 N1 HE4 HE5 HE9 CO1 HC1 S3 S4	Y	Y	removal of two existing telephone kiosks and the deployment of a replacement Street Hub 3 unit Appeal B Ref: 6007714 Pavement outside Waitrose, 21 Liverpool Road, London N1 0RW 
6007715	2026-09-09	Planning	Dismissed	Council of the London Borough of Islington	HE6 N1 HE4 HE5 HE9 CO1 HC1 S3 S4	Y	Y	removal of two existing telephone kiosks and the deployment of a replacement Street Hub 3 unit Appeal B Ref: 6007714 Pavement outside Waitrose, 21 Liverpool Road, London N1 0RW 
6007717	2026-08-21	Planning	Dismissed	Horsham District Council		Y		Prior Notification for Change of Use of Agricultural barn to a single dwellinghouse (Class C3)
6007730	2026-09-24	Planning	Allowed	West Lancashire Borough Council	L3 S4 DP3 S3 L2(1)(d)	Y		Permission in Principle for up to 4 dwellings
6007739	2026-08-27	Householder	Dismissed	Rochford District Council	DM1	Y		a two storey rear extension
6007744	2026-09-08	Householder	Dismissed	Tendring District Council	HE6 HE4 HE9	Y		the erection of a 2.4m acoustic garden fence
6007757	2026-10-02	Planning listed building and conservation area	Allowed	Pendle Borough Council	HE6 HC6 HE5 S3	Y		conversion of existing public house (Sui Generis) to 1 no. dwelling (Use Class C3) and associated works. Appeal B Ref: 6007757 Cross Gaits Inn, Beverley Road, Blacko, Lancashire BB9 6RF 
6007762	2026-08-20	Planning	Dismissed	South Kesteven District Council	HE6 HE9 HE7(2) HE6(1)	Y	Y	rear extension, new window, new rooflights, solar panels, Air Source Heat Pump and internal alterations
6007771	2026-08-17	Planning	Dismissed	South Kesteven District Council		Y	Y	the erection of a detached bungalow
6007772	2026-09-24	Planning	Allowed	Horsham District Council	S5 HO7	Y		Construction of a detached coach house containing two residential units in the grounds of the former public house The Lamb Inn
6007776	2026-09-22	Planning	Dismissed	Burnley Borough Council	S4 HO1 HO5 HO9 P3	Y		
6007779	2026-09-03	Planning	Dismissed	Bournemouth Christchurch and Poole Council		Y		demolish existing dwelling and erect a replacement building containing 8 apartments with associated works
6007793	2026-09-16	Planning	Dismissed	Council of the London Borough of Lambeth	HE6 HE9 CO1 DP3 HE4 HE5 TR6 TR4 S3 S4	Y		installation of 1no. BT Street Hub and removal of associated BT payphone kiosks. Appeal B Ref: 6007795 Pavement o/s Hillyard House, Brixton Road, London SW9 0NH 
6007794	2026-09-15	Commercial advertisement	Allowed	Council of the London Borough of Islington				the removal of an existing Kiosk, and the deployment of a replacement Street Hub 3 unit. Appeal B Ref: 6007794 Old Street, opposite No 142, London EC1V 9BS (Easting 532479, Northing 182424) 
6007795	2026-09-16	Commercial advertisement	Dismissed	Council of the London Borough of Lambeth	HE6 HE9 CO1 DP3 HE4 HE5 TR6 TR4 S3 S4	Y		installation of 1no. BT Street Hub and removal of associated BT payphone kiosks. Appeal B Ref: 6007795 Pavement o/s Hillyard House, Brixton Road, London SW9 0NH 
6007796	2026-09-15	Planning	Allowed	Council of the London Borough of Islington				the removal of an existing Kiosk, and the deployment of a replacement Street Hub 3 unit. Appeal B Ref: 6007794 Old Street, opposite No 142, London EC1V 9BS (Easting 532479, Northing 182424) 
6007807	2026-09-23	Planning	Dismissed	Cornwall Council	W2 S5 N4	Y		technical details consent for the construction of two dwellings with garages, off-road parking and garden amenity area
6007835	2026-08-24	Householder	Allowed in part	South Downs National Park Authority	TR6	Y		single storey rear extension, detached garage and porch, and access drive
6007836	2026-09-29	Planning	Dismissed	Bournemouth Christchurch and Poole Council	S4 P3	Y		a change of use from dwellinghouse (Class C3), to eight person House in Multiple Occupation (Sui Generis)
6007837	2026-09-01	Planning	Allowed	Bassetlaw District Council				the change of use of land to uses as a residential caravan site for one Gypsy/Traveller family with two caravans, including no more than one static caravan/mobile home, together with laying of hardstanding, erection of a
6007846	2026-09-07	Planning	Allowed	City of Westminster Council		Y		installation of three wall mounted condensers with an accompanying acoustic wall to 110’s courtyard and one ground-level condenser contained within an acoustic housing at 106 courtyard
6007856	2026-09-14	Planning	Dismissed	Gateshead Metropolitan Borough Council	S4	Y		alteration to central section of existing garages
6007861	2026-09-09	Planning	Dismissed	Council of the London Borough of Lambeth	S4 P3 HE6	Y		
6007869	2026-09-03	Planning	Allowed	Elmbridge Borough Council	DM2 DM10	Y		construction of a detached single-storey dwelling with accommodation in the roof space and integral garage, and a pair of semi-detached houses, with integral garages and rooms in the roof space, associated parking, exten
6007871	2026-09-16	Planning	Allowed	King's Lynn and West Norfolk Borough Council	S4 DP3	Y		a self-build single storey bungalow
6007877	2026-09-22	Householder	Allowed	Council of the London Borough of Hounslow				described as “The proposed works involves the replacement of a garage door with a traditionally proportioned timber window that replicates the detailing, glazing bars, and frame depth seen elsewhere within the mews.”
6007883	2026-09-09	Planning	Dismissed	Council of the London Borough of Barnet		Y		the change of use from single family dwellinghouse to an HMO Use Class C4
6007907	2026-09-03	Planning	Allowed	Leeds City Council		Y		change of use from dwelling house (C3) to 3 bed HMO (C4) with new window to basement in lieu of existing door
6007924	2026-09-30	Planning	Allowed	Wiltshire Council	S5	Y		up to two dwellings
6007927	2026-10-02	Planning	Dismissed	Council of the London Borough of Hackney	HC1 S3 S4 DP3 HE7	Y		a change of use from two flats to single dwelling house; erection of a three-storey rear extension at lower ground, ground and first floors; a new terrace at first floor; erection of mansard roof extension and alteration
6007932	2026-09-16	Planning	Dismissed	Bedford Borough Council		Y		
6007939	2026-08-25	Householder	Allowed	Buckinghamshire Council	DP3	Y		a two-storey side and part front extension, garage conversion, new raised roof with rear dormer and internal alterations
6007941	2026-09-23	Planning	Dismissed	Reading Borough Council	F6(1) TR3 S4 DP3(2)	Y		construction of a terrace of four 3-bedroom 2.5 storey dwellings, parking, and hard and soft landscaping
6007942	2026-09-23	Householder	Dismissed	South Tyneside Council		Y		hip to gable conversion; flat roof dormer to rear elevation; rooflights to front elevation
6007968	2026-09-17	Householder	Allowed	Uttlesford District Council		Y		single storey rear extension with flat roof, alterations to existing kitchen structure (including revised gable end roof and glazing, addition of rooflights, revised flank wall window arrangement, change of external wall
6007971	2026-09-17	Planning listed building and conservation area	Allowed	Uttlesford District Council		Y		single storey rear extension with flat roof, alterations to existing kitchen structure (including revised gable end roof and glazing, addition of rooflights, revised flank wall window arrangement, change of external wall
6007996	2026-09-24	Householder	Dismissed	Trafford Metropolitan Borough Council		Y		described as “this is a retrospective application for the erection of a 6ft fence at the boundary of our house replacing an existing 3m high hedge.” Decision 1. The appeal is dismissed. Appeal Procedure 2. The site visit
6008012	2026-08-17	Householder	Dismissed	Gravesham Borough Council		Y		described on the application form as “Two storey rear extension, first floor extension on top of garage and reduce the garage width to give bigger side access, plus front porch and change the existing sheds to unified ga
6008013	2026-08-27	Householder	Dismissed	Rochford District Council	DM1	Y		a loft conversion with front and rear dormers, new front porch and bay window
6008014	2026-09-02	Planning	Dismissed	Council of the London Borough of Croydon		Y		the formation of a private way for forestry use
6008018	2026-10-01	Planning	Dismissed	Manchester City Council	DP3 S3 S4	Y		Change of use of 1st Floor of Public House (Sui Generis) to a 6-Bed Guest House (Use Class C1)
6008022	2026-09-03	Planning	Allowed	North Herts Council	DP3 S3	Y		demolition of the existing semi-detached dwelling and erection of a replacement two-storey detached dwellinghouse with associated amenity space, landscaping, revised vehicular access/driveway and parking, and associated 
6008026	2026-09-25	Planning	Dismissed	Wigan Metropolitan Borough Council	P1 S4 S3 P3	Y		
6008038	2026-09-07	Planning	Dismissed	Council of the London Borough of Lambeth	TC3	Y	Y	change of use from HMO (Use Class C4) to short-term let (Use Class C1)
6008050	2026-08-17	Planning	Dismissed	Lewes District Council	DM1	Y		erection of a single detached dwelling with associated parking provision
6008051	2026-08-26	Planning	Dismissed	Salford City Council	M3 HE6 HE1 HE2 HE4 CO1	Y		the installation of 1no. freestanding telephone apparatus with affixed defibrillator. Appeal B Ref: 6008052 Pavement outside, 30 New Bailey Street, Salford, M3 5FS 
6008052	2026-08-26	Commercial advertisement	Dismissed	Salford City Council	M3 HE6 HE1 HE2 HE4 CO1	Y		the installation of 1no. freestanding telephone apparatus with affixed defibrillator. Appeal B Ref: 6008052 Pavement outside, 30 New Bailey Street, Salford, M3 5FS 
6008062	2026-09-03	Planning	Dismissed	Calderdale Metropolitan Borough Council	GB1 HO11(1)(a) GB6 GB7	Y		temporary rural workers dwelling
6008065	2026-08-28	Planning	Dismissed	Council of the London Borough of Islington		Y		described as: erection of first floor rear extension and mansard roof extension to provide 3no. additional HMO rooms. Change of use from small-scale HMO (Use Class C4) to large-scale HMO (Sui Generis)
6008083	2026-09-10	Planning	Dismissed	Liverpool City Council	TC3 HC6	Y		change of use of the ground floor (only) of the former Newsham Park Public House (sui generis) to a retail convenience store (use class E)
6008087	2026-08-26	Householder	Dismissed	Cheshire East Council	GB7	Y		demolition of existing extensions and construction of new extensions
6008105	2026-09-28	Householder	Dismissed	Canterbury City Council	HE6 HE4 HE1 HE5	Y		
6008107	2026-09-28	Planning listed building and conservation area	Dismissed	Canterbury City Council	HE6 HE4 HE1 HE5	Y		
6008115	2026-09-21	Planning	Dismissed	New Forest District Council	S5(3) HO11 HO11(1) S5 S5(1) DP3(1) N2 DP3(2)	Y		change of use of agricultural barn in to dwelling house; part demolition of stables; demolition of pole barn; associated parking & landscaping
6008122	2026-10-01	Planning	Dismissed	Rochford District Council	GB7 GB7(1)(e) S5(5) DM6 GB7(1)(b) HO7 N2(1)(a)	Y		a revised scheme to demolish the existing property and garages on the site and construct a 4(min) bedroomed Georgian style house, workshop and garage, utilising an existing crossover for access through private gates onto
6008154	2026-09-04	Planning	Dismissed	Council of the London Borough of Islington	HE6 HE4 HE5 HE9 CO1 HC1 S3 S4	Y	Y	the installation of a Street Hub 3 unit
6008160	2026-09-08	Planning	Dismissed	Ashfield District Council	HE7 S4 DP3 F7 F8 TR4 N2 N6(1) TR6 HE5(5) HE5 HE7(2) S3	Y		described as major outline planning application for some matters reserved for 42 dwellings
6008167	2026-09-10	Planning	Dismissed	East Hertfordshire District Council	DP3 S4 S3 HO7	Y	Y	erection of four, two-storey houses, together with the creation of new vehicular and pedestrian access way and 10 car parking spaces
6008170	2026-09-09	Planning	Allowed	Buckinghamshire Council	N2 DM6	Y		
6008171	2026-09-23	Planning	Allowed	Forest of Dean District Council		Y		
6008176	2026-09-30	Planning	Allowed	Cheshire East Council		Y		1) Demolition of existing buildings and 2) Erection of a replacement house with associated works to include a comprehensive landscape scheme
6008177	2026-10-01	Planning	Allowed	Harborough District Council	HE9 HE7 HC1	Y		application for Permission in Principle for the erection of a minimum of 5 and a maximum of 9 dwellings
6008184	2026-08-24	Commercial advertisement	Allowed	Middlesbrough Council		Y		
6008189	2026-08-19	Planning	Allowed	Barnet London Borough Council		Y		
6008197	2026-08-28	Planning	Allowed	Cheshire West and Chester Council	DM6	Y		
6008234	2026-09-03	Planning	Dismissed	Test Valley Borough Council	E4	Y		existing annexe to become separate dwelling
6008236	2026-08-26	Commercial advertisement	Dismissed	Manchester City Council	M3 DM1	Y		
6008238	2026-09-24	Planning	Allowed	East Hertfordshire District Council	S5 P2 DP3(1) P1 F8 HO7 TR8 N2 P5 P4 P3 M4(2) M4(3) HO11 S5(1)(j)	Y		an outline planning application for development of up to 600 dwellings (C3), up to 60 units of elderly accommodation (C3), a mixed-use local centre (including flexible use E and F), first school, informal and formal open
6008239	2026-08-19	Householder	Dismissed	Reigate and Banstead Borough Council		Y		two / single storey side / rear extension and alterations
6008242	2026-09-04	Planning	Dismissed	Bournemouth Christchurch and Poole Council		Y		erection of an extraction flue (retrospective)
6008247	2026-09-17	Planning	Invalid	St Albans City & District Council		Y		the erection of one 1-bedroom detached dwelling house
6008253	2026-09-24	Planning	Allowed	Buckinghamshire Council	DP3 S5 S3 S1 HO13 S2 M4(2) M4(3) S5(4) HO7	Y		described as outline planning application with all matters reserved (aside from means of access), for the demolition of existing structures, and erection of up to 66 dwellings, new vehicular access, car parking, pedestri
6008264	2026-09-04	Planning	Allowed	Uttlesford District Council	S5 M1 HO11 HO8 M4(2)	Y		for up to five new dwellings
6008275	2026-09-22	Planning	Dismissed	Council of the London Borough of Islington		Y		the change of use of one No. telephone kiosk to 1no. retail unit
6008277	2026-09-04	Planning	Dismissed	Leicester City Council		Y		conversion of existing workshop at the rear into a self contained flat; single storey side extension and alterations; (remove asbestos tiles and replace with concrete tiles)
6008286	2026-08-17	Householder	Dismissed	Runnymede Borough Council				described as a side double, single storey rear extension incorporating with existing detached garage into habitable use and front porch added to dwelling
6008290	2026-08-17	Planning listed building and conservation area	Allowed	Charnwood Borough Council		Y		
6008292	2026-10-02	Planning	Dismissed	Cornwall Council	S5 E2 E4 N2	Y		an agricultural building for the growing and storage of mushrooms
6008295	2026-08-17	Householder	Dismissed	Guildford Borough Council		Y		the erection of a two-storey side and rear extension, single-storey rear extension with changes to the fenestration and roof alterations following demolition of existing attached garages
6008314	2026-09-15	Planning	Allowed	Wealden District Council	DP3 S4 P1 P2 TR3 N2 N3 S5 S3 P4 P3	Y		‘hybrid planning application comprising: full application for the erection of a foodstore (Use Class E(a)) with associated access roads, parking, servicing area, and landscaping; and outline application (all matters rese
6008318	2026-09-21	Planning	Allowed	Somerset Council	DP4 DP1	Y		erection of class E commercial units comprising light industrial, offices, drink and food outlet and recreation
6008320	2026-09-04	Householder	Dismissed	Buckinghamshire Council		Y		erection of first floor side extensions to both sides, part ground floor front extension, loft conversion with front and rear dormers, roof height increase of 300mm, and associated internal alterations
6008337	2026-09-23	Planning	Dismissed	Royal Borough of Windsor and Maidenhead	L2(1)(d)(i) L2(1)(d)(ii) DP3(2)(b)	Y		a part single, part two storey side/rear extension to create 1no. two- bedroom dwelling, 2no. drop kerbs and associated parking and landscaping. (Self-Build)
6008348	2026-09-09	Householder	Dismissed	Council of the London Borough of Barnet		Y		“Part single, part two storey rear extension. Ground Floor side extension. First floor side extension. Conversion of garage into habitable room including new window to replace existing door. Alterations to porch. Changes
6008359	2026-09-07	Planning	Dismissed	Sefton Metropolitan Borough Council	HE7 HE6(1) HE6(3) DM8 S3 S4 S4(1) TC2 DP3 HE6	Y		removal of existing timber doors to shop premises and replaced with powder coated steel doors and the installation of new shopfront signage
6008361	2026-08-28	Planning	Allowed	Enfield Council		Y		to convert the existing HMO into a larger HMO for seven persons (Sui Generis), including a self-contained letting room with kitchenette
6008362	2026-08-27	Planning	Dismissed	Manchester City Council	DM1	Y		change of use from a dwellinghouse (Use Class C3) to a House in Multiple Occupation (Use Class C4) for a maximum of four occupants
6008366	2026-08-26	Householder	Dismissed	Southend-on-Sea City Council	DM3 TR6	Y		described as ‘creation of hardstanding to front of property’, Decision 1. The appeal is dismissed. Appeal Procedure 2. The site visit was undertaken by a representative of the Inspector whose recommendation is set out be
6008374	2026-08-24	Householder	Allowed in part	Fenland District Council		Y		described as on the Council’s Decision Notice as ‘Erect part single-storey/part first-floor side extension, a single-storey rear extension and a 1.8m high (max) boundary wall to existing dwelling, involving the demolitio
6008378	2026-09-29	Planning	Dismissed	Walsall Metropolitan Borough Council				
6008382	2026-09-10	Householder	Dismissed	Cheshire West and Chester Council	DM3 DM2	Y		first floor rear extension to create an additional floor with master bedroom and en-suite. Garage conversion and internal alterations
6008393	2026-09-22	Householder	Dismissed	Dorset Council				Single storey rear extension. Not connected to the existing garage to the rear. Extension to have pitched roof with brick and render walls to match existing house
6008404	2026-09-17	Planning	Dismissed	Wychavon District Council	GB7 P1 N2 S5 P2	Y		demolition of existing dwelling and replacement of 1 no. new dwelling and associated external works
6008410	2026-09-17	Planning	Dismissed	Hartlepool Borough Council	HC4 DP3 HO1(2)(f) S4 DP3(3) DP3(1) DP3(2)	Y		for the change of use from residential dwelling (C3 Use Class) to supported living residential accommodation (C2 Use Class) for up to 5 children with learning difficulties and complex care needs, including garage convers
6008414	2026-09-23	Planning	Dismissed	Cornwall Council	HE6 HE5 S5 HO10	Y		construction of affordable led development of minimum 2, maximum 2 dwellings
6008432	2026-10-02	Planning	Dismissed	Cornwall Council	S5 TR5 TR3 HO7	Y		the construction of two dwellings on previously developed land
6008434	2026-09-17	Planning	Dismissed	Wiltshire Council	S5 S3 HO7 DP3 TR3 N2	Y		permission in principle for residential development consisting of a minimum of 4 no. dwellings and a maximum of 9 no. dwellings
6008435	2026-09-04	Commercial advertisement	Dismissed	Council of the London Borough of Islington	HE6 N4 HE4 HE5 HE9 CO1 HC1 S3 S4	Y	Y	the removal of an existing telephone kiosk and deployment of a Street Hub 3 unit. Appeal B Ref: 6008435 Pavement outside 167 Stroud Green Road, London N4 3RN 
6008436	2026-09-04	Planning	Dismissed	Council of the London Borough of Islington	HE6 N4 HE4 HE5 HE9 CO1 HC1 S3 S4	Y	Y	the removal of an existing telephone kiosk and deployment of a Street Hub 3 unit. Appeal B Ref: 6008435 Pavement outside 167 Stroud Green Road, London N4 3RN 
6008437	2026-09-21	Planning	Allowed	Cornwall Council	TR4	Y		
6008438	2026-09-07	Planning	Dismissed	Council of the London Borough of Croydon • The application R	DM10	Y	Y	alterations and change of use of part of ground floor from Class E commercial development to a self-contained residential unit
6008439	2026-09-01	Planning	Dismissed	Royal Borough of Kensington and Chelsea	DM3 DP3 HE6 E2 TR3 TR4 TR6	Y	Y	
6008441	2026-09-01	Planning	Allowed		P3 DM6	Y		the demolition of existing 3 bedroom dwelling, garage and conservatory and construction of new 4 bedroom dwelling with parking, landscaping alterations and re-grading of the rear garden with garden outbuilding
6008465	2026-09-15	Planning	Dismissed	City of Bradford Metropolitan District Council		Y		permission in principle for the development of up to nine dwellings
6008475	2026-08-25	Planning	Dismissed	Reading Borough Council	HE6 HE4 HE5	Y		
6008483	2026-10-02	Planning	Dismissed	Council of the London Borough of Ealing	HE6 HE4	Y	Y	Installation of 1No. BT Street Hub Unit and associated advertisement panels on either side of the unit. Appeal B Ref: 6008485 Land Adjacent To 2 New Ealing Broadway, London, W5 2NU 
6008484	2026-09-17	Householder	Dismissed	Gateshead Metropolitan Borough Council	HE6 S4	Y		changes to front boundary wall and part of the lawn in the front garden to be replaced with a hard surface
6008485	2026-10-02	Commercial advertisement	Dismissed	Council of the London Borough of Ealing	HE6 HE4	Y	Y	Installation of 1No. BT Street Hub Unit and associated advertisement panels on either side of the unit. Appeal B Ref: 6008485 Land Adjacent To 2 New Ealing Broadway, London, W5 2NU 
6008486	2026-09-15	Planning	Dismissed	Council of the London Borough of Tower Hamlets	E2 HC1	Y		described as the replacement of sash windows to Flat 2 (three at front of flat and one at rear). Appeal B Ref: 6008490 Flat 2, 349 Hackney Road, London E2 8PR 
6008490	2026-09-15	Planning listed building and conservation area	Dismissed	Council of the London Borough of Tower Hamlets	E2 HC1	Y		described as the replacement of sash windows to Flat 2 (three at front of flat and one at rear). Appeal B Ref: 6008490 Flat 2, 349 Hackney Road, London E2 8PR 
6008491	2026-09-23	Planning	Allowed	Bournemouth Christchurch and Poole Council	P3 HE4 DP3	Y		construction of a terrace at roof level
6008494	2026-09-08	Planning	Allowed	Rutland County Council		Y		replacement of the existing bedroom and kitchen windows, patio doors to the rear of the property and side entry door facing the garage. Appeal B Ref: 6008495 28 Main Street, Lyddington LE15 9LT 
6008495	2026-09-08	Planning listed building and conservation area	Allowed	Rutland County Council		Y		replacement of the existing bedroom and kitchen windows, patio doors to the rear of the property and side entry door facing the garage. Appeal B Ref: 6008495 28 Main Street, Lyddington LE15 9LT 
6008497	2026-10-02	Planning	Dismissed	East Riding of Yorkshire Council		Y		described as “erection of boundary fence (1.52 m in height) (retrospective)”
6008500	2026-09-18	Planning	Dismissed	Fenland District Council	S5 DM6 F5 F5(2)(c) DM5 S3 S5(1) S5(4) S5(2)	Y		
6008528	2026-09-16	Planning	Dismissed	Mole Valley District Council	GB7 S5 TR3 GB1 N6	Y		Retention of the pre-existing dwelling following the erection of the replacement dwelling permitted in July 2017 under MO/2016/2052
6008532	2026-08-26	Planning	Allowed	Epping Forest District Council	P2 DM7 DM9 P3 P6	Y		demolition of existing buildings and replacement extensions
6008534	2026-09-09	Planning	Dismissed	Liverpool City Council	L2 HO7	Y		‘demolition of existing car showroom and erection of new four storey building consisting of car showroom and 9no. (C3) apartments’
6008539	2026-08-18	Planning	Dismissed	Staffordshire Moorlands District Council	GB7 GB6 S5	Y		for a bungalow with garage, 3 bedrooms, 2 bathrooms, kitchen, 2 reception rooms
6008540	2026-08-17	Planning	Allowed	Telford and Wrekin Council		Y		
6008542	2026-08-24	Planning	Allowed	Castle Point Borough Council		Y		change of Use of a C3 dwellinghouse to a children's care home (Use Class C2) for a maximum of 2 children to accommodate 7-17 year olds and external alterations
6008548	2026-09-21	Planning	Allowed	Somerset Council	S5(1)(j) HO7 S2 CO1 S5	Y		outline planning application for the development of 2 dwelling houses with access thereto
6008551	2026-08-24	Householder	Dismissed	South Downs National Park Authority	HE7 N4	Y		the demolition of the existing modern two and single storey extensions and replacement with a new two storey and single storey extension
6008553	2026-09-24	Planning	Allowed	Somerset Council		Y		change of use of from a lawful 6-bedroom (Use Class C4) HMO to an 8-bedroom HMO (Sui Generis)
6008555	2026-09-17	Planning	Dismissed	Elmbridge Borough Council	DM2 L2(1)(d) S4 S4(1)	Y		the “erection of a first floor flat extension with accommodation within the roof space.” Decision 1. The appeal is dismissed. Procedural Matters 2. On 17 August 2026, the Government revised the National Planning Policy F
6008562	2026-09-15	Planning	Dismissed		HE6 HE9 HE4	Y		new two storey rear extension to replace existing single storey extension along with internal refurbishment and window replacement
6008563	2026-08-27	Planning	Dismissed	Council of the London Borough of Tower Hamlets	E3	Y		rear balcony to existing second floor flat
6008569	2026-09-04	Planning	Dismissed	Cheltenham Borough Council	S5 N4 N2	Y		described as “outline application for the erection of 4 no. self-/custom- build dwellings (Class C3). Access to be determined in detail. All other matters reserved”
6008570	2026-09-29	Planning	Dismissed	Malvern Hills District Council				conversion of disused agricultural building to 2no. residential dwellings
6008579	2026-09-08	Householder	Dismissed	City of York Council	GB1 GB7(1)(b) GB7(1)(e) GB7 GB6(2) DP3	Y		single storey side extension and first floor side extension
6008594	2026-08-21	Planning	Allowed	Tameside Metropolitan Borough Council	P1	Y		removal of existing garage and the siting of two linked modular buildings for use in connection with the church and its community outreach
6008601	2026-09-22	Planning	Dismissed	Malvern Hills District Council	S5 S3 DM6 HO8 HO11 E2 E4	Y		change of use of work element of live/work unit to create additional living accommodation
6008624	2026-09-23	Planning	Dismissed	Barnet London Borough Council				
6008634	2026-09-22	Planning	Dismissed	Rother District Council	HO11 S5 E2 E4 HO7	Y	Y	change of use to create a residential dwelling
6008638	2026-09-22	Householder	Dismissed	Council of the London Borough of Bromley		Y		“Single storey rear extension”
6008639	2026-09-09	Planning listed building and conservation area	Allowed	South Oxfordshire District Council		Y		the formation of a new dropped kerb to facilitate safe vehicular access. Within the front garden, a modest driveway surfaced in permeable gravel is proposed. Decisions Appeal A 1. Appeal A is allowed and listed building 
6008643	2026-09-15	Planning	Allowed		DM1 DM3 DM8 DM2 HO1 HO7 S4 TR6	Y		to change the use of a dwellinghouse C3 to a 7-bed sui generis HMO, provision of cycle and refuse storage on site and minor external alterations to fenestration pattern
6008646	2026-09-14	Planning	Dismissed	Coventry City Council	S4 DM3 S3 P3 TR6	Y	Y	change of use from a C3 dwelling house to a C4 (HMO) to provide supported housing
6008659	2026-09-21	Planning	Dismissed	Gateshead Metropolitan Borough Council	GB7 GB6 HE6	Y		described as ‘Change of use of land to a mixed use comprising agricultural and use as a holiday let (Sui Generis) including the construction of a shepherds hut and associated development’
6008667	2026-09-14	Planning	Dismissed	The Council of the London Borough of Enfield		Y		demolition of existing house and erection of two detached houses each with detached double garages, erection of five flats above parking for cars and bicycles and communal leisure facilities and a refuse/recycle bin stor
6008668	2026-08-17	Planning	Allowed	Hertsmere Borough Council	M4	Y	Y	redevelopment of the site for the erection of a bungalow
6008669	2026-09-04	Planning	Dismissed	North Somerset Council	DM3 DM4	Y		replacement of 24 no. windows
6008679	2026-10-02	Planning	Dismissed	Thurrock Borough Council	DP3(1) S5 GB2 GB7 GB7(1)(g) TR3 GB6 GB8 GB7(1) HO7 S3 DP3(3)	Y		part demolition of existing dwelling and erection of 5 No. dwellings
6008688	2026-09-23	Planning	Dismissed	Tandridge District Council	GB7 TR3 M4(3) GB6(2) GB6 TR3(2)	Y		described as "Erection of two storey new detached dwelling. A+ energy efficiency. Exceptional quality. M4(3) disabled living." Decision 1. The appeal is dismissed. Applications for costs 2. An application for a partial a
6008689	2026-09-07	Planning	Allowed	Royal Borough of Windsor and Maidenhead				
6008692	2026-08-28	Householder	Allowed	Luton Borough Council		Y		single storey side extension and single storey rear extension
6008693	2026-09-24	Planning	Dismissed	Melton Borough Council	S5 S3 DM4 TR3 S6	Y		for up to two self-build dwellings
6008697	2026-09-16	Commercial advertisement	Allowed	Council of the London Borough of Islington	HC1	Y		the removal of an existing Kiosk, and the deployment of a replacement Street Hub 3 unit. Appeal B Ref: 6008697 St John Street, outside No 407, London EC1V 4EX (Easting 531452, Northing 183094) 
6008700	2026-08-27	Householder	Allowed	North Yorkshire Council	P1	Y		2 storey rear extension and internal reconfiguration
6008701	2026-09-16	Planning	Allowed	Council of the London Borough of Islington	HC1	Y		the removal of an existing Kiosk, and the deployment of a replacement Street Hub 3 unit. Appeal B Ref: 6008697 St John Street, outside No 407, London EC1V 4EX (Easting 531452, Northing 183094) 
6008707	2026-09-22	Planning	Dismissed	Council of the London Borough of Hounslow	S3 S4 DP3(2)(a) DP3(3) TR3	Y		the change of use of the existing family house (C3) to a House in Multiple Occupation (Sui Generis) with associated cycle and refuse storage
6008713	2026-09-28	Planning	Allowed			Y		demolition of existing single storey rear extension and erection of replacement single storey extension
6008719	2026-09-16	Planning	Allowed	Bath and North East Somerset Council		Y		change of use of 3 bedroom dwellinghouse (use Class C3) to dual use as a 4 bedroom dwellinghouse or House in Multiple Occupation (HMO) (Use Class C3/C4)
6008723	2026-09-23	Planning	Dismissed	Sefton Metropolitan Borough Council	GB7 GB6(2) S5 S5(5) GB6(1) TR3 GB2 GB7(1)(g) GB6 S3	Y		the erection of up to 4No. bungalows
6008724	2026-09-09	Planning	Dismissed	Birmingham City Council	DM2 DM6 HE7	Y		for alterations & extensions, including front and side canopies and single storey rear extension
6008726	2026-09-10	Householder	Dismissed	Council of the London Borough of Barnet				Two storey rear extension (Part retrospective)
6008729	2026-08-21	Householder	Allowed	Castle Point Borough Council		Y		
6008732	2026-09-24	Planning listed building and conservation area	Dismissed	North Yorkshire Council	HE6(1) HE6(3) S4 HE5(1) HE5(2) HE5(3) HE4(3) HE6(4) S3(1) S3 DP3(1) DP3(3)	Y		described as ‘the removal of the existing 2 outbuildings which will be replaced with a double garage with an office space in the roof. Rear yard area to be resurfaced in tarmac.’ Appeal B Ref: 6008732 79 Main Street, Sea
6008736	2026-09-04	Planning	Dismissed			Y		described on the application form as, “Proposed modifications and extensions to Parsonage House, Watchfield, SN6 8SW”
6008738	2026-09-09	Planning	Allowed	Buckinghamshire Council		Y		
6008739	2026-09-03	Planning	Dismissed	Uttlesford District Council	S5 DP3 HO7 HO1 TR3	Y	Y	the erection of 1no. self-build dwelling with landscaping and associated operational development
6008742	2026-09-07	Planning	Dismissed	New Forest National Park Authority	DP2 S5 HO11 N4 HO7 HO1 DP3	Y		2no. concrete hardstands; stationing of 2no. residential caravans (compliant with the caravan act); laying of aggregate; sewage treatment tank; alterations to existing access
6008744	2026-08-24	Planning	Dismissed	North Norfolk District Council		Y		detailed on the Application Form as ‘Proposed replacement of 8No. garages/storage sheds with 5No. shipping storage containers
6008745	2026-09-04	Householder	Dismissed	Dartford Borough Council	GB7 GB6 GB2	Y		for erection of part single/part double storey side extensions
6008762	2026-09-28	Planning	Dismissed	Uttlesford District Council	S5 DP3 P3 S3	Y		erection of two dwellings and vehicular access
6008773	2026-09-29	Planning	Dismissed	Buckinghamshire Council	S2 S3 S1 TR3 HE6 S5 DP3	Y		erection of a minimum of 1 and a maximum of 1 detached dwelling
6008784	2026-09-23	Planning	Dismissed	Tendring District Council	HE6 HE6(4) HC1	Y		adaptations to accommodation above restaurant and new external access staircase
6008785	2026-09-22	Planning	Dismissed	Shropshire Council	S5(1)(j) S5(1) S5(2) DP3(3) DP3(1) S5	Y		outline application for the erection of two dwellings
6008787	2026-09-23	Planning	Dismissed	Council of the London Borough of Bromley		Y		described as ‘erection of an upwards two stories extension creating to provide 6no. self-contained flats (3 x 1 bed flats (2p) and 3 x studio flats) with associated amenity space, bin and cycle store.’ Decision 1. The ap
6008791	2026-09-29	Planning	Dismissed	South Norfolk District Council	DM1 DM4 N6(1) DM3 HO7 S5(1) S5(1)(j)	Y	Y	erection of 1no. self-build dwelling
6008797	2026-08-25	Householder	Dismissed	Telford and Wrekin Council		Y		the erection of boundary fence
6008803	2026-09-14	Planning	Dismissed	The Council of the London Borough of Enfield	L2(1)	Y		redevelopment of site with erection of 4 x detached houses each with detached double garages and communal refuse/recycle bin store
6008804	2026-09-23	Planning	Dismissed	Shropshire Council	S5 TR3 E2(1) E4(1)(b) E4(2) S5(1)(b) S5(4)	Y		described as “Siting of five Wigwam cabins for holiday use on a parcel of land at Overs Farm, Haughton, Bridgnorth. The proposal also includes the use of an existing timber cabin as a reception/office facility, the provi
6008813	2026-09-04	Householder	Dismissed	Leeds City Council	HE6(4) W3 HE6(3)	Y		loft conversion with dormer to the rear
6008815	2026-09-10	Householder	Allowed	Council of the London Borough of Lewisham				“Demolition of existing conservatory and Erection of new Single storey extension 5.0m deep”
6008839	2026-09-23	Householder	Allowed	Bournemouth Christchurch and Poole Council	P6	Y		Loft conversion with a rear dormer window and two front dormer windows to dwellinghouse
6008840	2026-09-28	Planning	Dismissed	King's Lynn and West Norfolk Borough Council	S4 DP3 S3 DM6 N4 HE6	Y		self-build bungalow following sub-division of site and demolition of existing detached garage
6008848	2026-09-15	Planning	Dismissed	Wyre Borough Council	S5 TR8 TR6 TR3 TR1 DM3	Y		conversion of agricultural building to form a live/work unit
6008855	2026-09-30	Planning	Dismissed	Southend-on-Sea City Council	DP3 DM6 P3 S4 DM1 DM3 L3 L2 TR6 HO7	Y		the demolition of existing dwelling to create new dwelling house Decision 1. The appeal is dismissed. Procedural Matters 2. In reaching my decision on this appeal, I have taken account of the main parties’ comments on th
6008859	2026-09-25	Planning	Allowed	Fenland District Council	TR6 S4 S3	Y		the erection of 152 two-storey dwelling houses, with construction of new accesses off the A142, together with garaging, parking, LEAP, landscaping, infrastructure and all enabling works
6008864	2026-09-30	Planning	Dismissed	Cheshire East Council	S5 HE6 HE8 S3	Y		permission in principle application for the construction of up to 5 no. dwellings
6008866	2026-09-23	Planning	Dismissed	South Staffordshire District Council	GB1 GB6 GB7 DP3 TR6	Y		the erection of stables for the keeping of horses
6008872	2026-08-17	Planning	Allowed	London Borough of Havering Council		Y		alterations to fenestration and a loft conversion with rear dormer; and change of use of single family dwelling-house (Use Class C3) to children's care home (Use Class C2)
6008878	2026-08-28	Planning	Allowed	Thurrock Council		Y		
6008881	2026-09-22	Planning	Dismissed	North Norfolk District Council	S5 S3 HC7 E2 E4 P3 TR3 TR4 F9	Y		described as ‘change of use of single garage (usage class C3) to usage class E(b) - enabling the sale of food and drink on the premises’
6008883	2026-09-30	Planning	Allowed	North Lincolnshire Council	S3 S4 L2(1)(d)	Y		a dormer bungalow
6008885	2026-08-26	Planning	Dismissed	Council of the London Borough of Brent		Y		for the retention of existing rear balcony and associated alterations; alterations to rooflights and rear door
6008892	2026-10-02	Planning	Dismissed	South Hams District Council	S5 E2 E4 S3	Y		
6008895	2026-09-11	Planning	Dismissed	King's Lynn and West Norfolk Borough Council	S5 HO11	Y		the permanent retention of mobile home and ancillary mobile unit housing customer w.c.s, office and tack room
6008896	2026-09-04	Householder	Allowed	Tandridge District Council				for the erection of a detached garage in front garden to serve existing house and associated landscaping works including soil infilling (approx 450mm) to rear of the building
6008899	2026-08-17	Householder	Dismissed	Council of the London Borough of Harrow		Y		single and two-storey side extension; rear dormer; one rooflight in front roof slope; external alterations
6008903	2026-09-04	Planning	Allowed	Slough Borough Council	DM6	Y		
6008914	2026-08-20	Planning	Allowed	Bolton Council		Y		for the erection of a single storey rear and first floor extension with installation of new shop front, window and extractor flue
6008915	2026-09-29	Planning	Dismissed	South Kesteven District Council	S5(1)(b) S5	Y		use of the land for the siting of containers for self-storage
6008922	2026-09-15	Planning	Allowed	North East Lincolnshire Council		Y		erection of 4.no dwellings to vacant land
6008924	2026-09-01	Planning	Allowed	Stroud District Council				the conversion of existing vacant office storage building to provide 2 flats
6008940	2026-09-29	Planning	Dismissed	Council of the London Borough of Camden	S4	Y		described as “use of the existing area of hardstanding as a single off‑street car parking space and the formation of a vehicle crossover on the highway”
6008943	2026-09-03	Householder	Allowed	Thanet District Council	DP3	Y		described as a single storey rear extension with 1No.rooflight, alongside roof conversion/extension with front and rear dormers to connect and align with the existing neighbouring dormers
6008944	2026-09-23	Planning	Dismissed		HE6 S4 L2 HE4 HE7 DM1 DM9 HC1 DP3	Y		a conversion and mansard extension of the upper floors to create 3 no. 1-bed flats to replace a 3-bed maisonette
6008960	2026-08-19	Commercial advertisement	Dismissed	Birmingham City Council	DM7	Y		
6008970	2026-09-23	Planning	Dismissed	Wiltshire Council	HO11	Y		
6008974	2026-08-18	Householder	Dismissed	Birmingham City Council	DM2	Y		described as a single storey and 2 storey rear extension
6008977	2026-09-21	Planning	Dismissed	Wigan Metropolitan Borough Council	P1 S4 P3 DP3	Y	Y	Change of use from dwelling (Class C3) to a 6-bedroom, 6-person house in multiple occupation (Class C4) together with installation of rear dormer, 2 rooflights to front and associated external alterations
6008987	2026-09-29	Planning	Dismissed	Huntingdonshire District Council	S5 DP3 S3 DM6 TR3	Y		detached dwelling and ancillary detached garage and secure bicycle store
6008989	2026-09-08	Planning	Allowed	Epping Forest District Council	GB7 DM4 DM1	Y		change of use to the keeping of horses for recreational purposes
6009002	2026-09-23	Planning	Allowed	Buckinghamshire Council	GB7	Y	Y	Change of use of existing agricultural land to equestrian for private and personal use
6009003	2026-08-19	Commercial advertisement	Dismissed	City of York Council	HE6	Y		
6009011	2026-09-29	Planning	Dismissed	Wychavon District Council	S5 F7 F8 S3 N2 TR6	Y		development of a live/work unit
6009013	2026-09-09	Householder	Allowed	South Oxfordshire District Council		Y		the formation of a new dropped kerb to facilitate safe vehicular access. Within the front garden, a modest driveway surfaced in permeable gravel is proposed. Decisions Appeal A 1. Appeal A is allowed and listed building 
6009015	2026-08-19	Commercial advertisement	Allowed	City of York Council	HE6	Y		
6009018	2026-08-19	Commercial advertisement	Allowed	City of York Council	HE6	Y		
6009019	2026-08-19	Commercial advertisement	Allowed	City of York Council	HE6	Y		
6009022	2026-09-23	Planning	Allowed		M4(2) HE6(1) HE6(3) HE6(4) HE7(2)	Y		the demolition of two redundant agricultural buildings, conversion, and extension of existing barns to create two dwellings and the erection of two new dwellings with associated works including landscaping
6009023	2026-08-19	Commercial advertisement	Allowed	City of York Council	HE6	Y		
6009025	2026-08-19	Commercial advertisement	Allowed	City of York Council	HE6	Y		
6009026	2026-09-09	Planning	Dismissed	Sefton Metropolitan Borough Council	HC2	Y		change of use of residential dwelling (C3) to children's care home (C2) for one child
6009030	2026-09-30	Planning	Dismissed	Cornwall Council	HO10 TR4 S5 DP3(3) HO7 S5(1)	Y		described on the application form as being the ‘construction affordable of minimum 6 & maximum 8 dwellings’
6009031	2026-08-19	Commercial advertisement	Allowed	City of York Council	HE6	Y		
6009032	2026-09-16	Planning	Dismissed		DP3 DP4 S4 S5	Y	Y	erection of a single storey detached granny annexe together with a detached single storey multipurpose workshop and gym
6009041	2026-08-19	Commercial advertisement	Allowed	City of York Council	HE6	Y		
6009042	2026-09-10	Planning	Dismissed	Wychavon District Council	HO5 S5 DP3 HO11	Y		conversion and extension of 3 derelict barns to create a separate dwelling
6009045	2026-09-25	Planning	Allowed	Bromsgrove District Council		Y		change of use of existing adjoining agricultural buildings to 1 No. 4 bedroom dwelling and associated building operations
6009047	2026-08-19	Commercial advertisement	Allowed	City of York Council	HE6	Y		
6009053	2026-08-19	Commercial advertisement	Allowed	City of York Council	HE6	Y		
6009059	2026-08-17	Planning	Dismissed	London Borough of Havering Council		Y		a change of use of the first floor from a self-contained residential flat (Use Class C3) to a large House in Multiple Occupation (Sui Generis) comprising seven bedrooms with shared facilities
6009062	2026-09-01	Planning	Allowed	Bromsgrove District Council	P3 TR6	Y		the change of use of an agricultural building to two residential units (Class C3) and associated operational development
6009065	2026-08-19	Commercial advertisement	Allowed	City of York Council	HE6	Y		
6009068	2026-09-07	Planning	Dismissed		GB7 HE6 GB2 HE4 GB6	Y		described as ‘demolition of part of the existing single storey flat roof garage, and the erection of a single storey rear first floor extension to create living accommodation on top of the existing flat roof of the garag
6009069	2026-09-09	Planning	Allowed	Birmingham City Council		Y		installation of a modular self-service launderette facility and associated works
6009076	2026-09-25	Planning	Dismissed	Royal Borough of Kingston upon Thames	E4 S4 L2 DM9 S3 DM5 HO1 HO7 HO8 E2 DM10 TR4 TR6	Y		redevelopment of site comprising five separate residential buildings to provide a total of 20 residential units and 61.7 square meters of ground floor commercial space with associated access, parking, and landscaping fol
6009081	2026-09-18	Planning	Allowed	Canterbury City Council	HE5 HE1 HE6	Y		remove and change all wooden, single pane windows and install uPVC double glazed windows. windows include front window, bedroom window, dining room window, two windows in kitchen and one window in bathroom, also remove w
6009082	2026-08-19	Commercial advertisement	Allowed	City of York Council	HE6	Y		
6009085	2026-08-17	Planning	Dismissed	Liverpool City Council		Y		described as: an EE/H3G valmont 20m high phase 7 MK2 streetworks pole on root foundation and associated ancillary works
6009092	2026-09-24	Planning	Dismissed	North Yorkshire Council	HE6(1) HE6(3) S4 HE5(1) HE5(2) HE5(3) HE4(3) HE6(4) S3(1) S3 DP3(1) DP3(3)	Y		described as ‘the removal of the existing 2 outbuildings which will be replaced with a double garage with an office space in the roof. Rear yard area to be resurfaced in tarmac.’ Appeal B Ref: 6008732 79 Main Street, Sea
6009097	2026-09-23	Planning	Dismissed	Oadby and Wigston Borough Council	S3	Y		the erection of a detached bungalow
6009098	2026-09-15	Planning	Dismissed	North Lincolnshire Council	S4 F4 F5 F6 F7 L2(1)(b) S3	Y		a permission in principle application for the conversion of the redundant storage barn into a single dwelling
6009101	2026-09-02	Planning	Dismissed	West Oxfordshire District Council	E1	Y		the change of use of an existing single storey building from commercial use to a single dwelling and side extension. Appeal B Ref: 6009103 46 Market Square, Witney, Oxfordshire OX28 6AL 
6009103	2026-09-02	Planning listed building and conservation area	Dismissed	West Oxfordshire District Council	E1	Y		the change of use of an existing single storey building from commercial use to a single dwelling and side extension. Appeal B Ref: 6009103 46 Market Square, Witney, Oxfordshire OX28 6AL 
6009106	2026-09-30	Planning	Dismissed	East Lindsey District Council	F4 F5	Y		develop land at Tuttle Farm for nine houses
6009118	2026-09-01	Planning	Dismissed	Brentwood Borough Council		Y		Double-Storey Rear Extension Retrospective Full Planning Application
6009119	2026-10-02	Planning	Dismissed	Southend-on-Sea City Council	P3 DM1 DM3 S4	Y		to use the existing corner plot as a hand car wash and install a new acoustic screened area for car valeting. Retention of existing demountable cabins
6009126	2026-08-17	Planning	Dismissed	Liverpool City Council		Y		the change of use from Class C3 (dwellinghouse) to Class C2 (children’s residential care home) to accommodate up to three children
6009127	2026-09-21	Planning	Dismissed	City of Doncaster Council	DP3(3) L3 S3 S4 HO7 S4(1)	Y		the change of use of first floor and attic to two flats (Class C3) and installation of rooflights on the front and rear roof slopes
6009129	2026-08-19	Planning	Allowed	Dorset Council		Y		change of use and conversion of agricultural building to 2no. dwellinghouses (Use Class C3)
6009132	2026-09-08	Planning	Allowed	Middlesbrough Council	HO9	Y		Change of Use from Dwelling-house (Class C3) to 3 Child Children's Home (Class C2)
6009133	2026-09-11	Planning	Allowed	Birmingham City Council	DM2			conversion of house (C3) into children’s home (C2)
6009135	2026-10-01	Planning	Dismissed	Wolverhampton City Council	L2(1)(d)(i) L2(1)(d)(ii)	Y		Change of Use of existing retail unit to residential. An extension of an existing flat, and a two-storey side extension to create two additional flats
6009141	2026-09-29	Planning	Dismissed	East Riding of Yorkshire Council	CO1 S4 DP3 HE5(2) HE6(1) HE6(3) HE6(4) HE6 S5(2)	Y		installation of 1 No BT Street Hub. Appeal B Ref: 6009153 Footpath outside 1 Prince Street, Bridlington YO15 2NW 
6009144	2026-08-24	Householder	Dismissed	East Suffolk Council		Y		described on the Application form as a ‘New detached garage.’ Decision 1. The appeal is dismissed. Main Issue 2. The main issue is the effect of the proposal upon the character and appearance of the existing building and
6009147	2026-09-18	Planning	Allowed	Crawley Borough Council		Y		change of use from Class B8 (Storage and Distribution) to Class B2 (General Industrial) and Class B8 (Storage and Distribution)
6009149	2026-09-03	Planning	Dismissed	Bournemouth Christchurch and Poole Council		Y		change of use to form 8-bedroom House in Multiple Occupation (Sui generis)
6009153	2026-09-29	Commercial advertisement	Dismissed	East Riding of Yorkshire Council	CO1 S4 DP3 HE5(2) HE6(1) HE6(3) HE6(4) HE6 S5(2)	Y		installation of 1 No BT Street Hub. Appeal B Ref: 6009153 Footpath outside 1 Prince Street, Bridlington YO15 2NW 
6009160	2026-08-26	Householder	Dismissed	Charnwood Borough Council		Y		described as: single storey extension, 4.5m from the original dwelling house 3.5m high 2.7m eaves
6009167	2026-08-25	Planning	Allowed	South Gloucestershire Council	P2 P4	Y	Y	erection of an extension and conversion of existing floorspace to provide 7no. Houses in Multiple Occupation (Use Class C4), bin and cycle store, laundry room, and associated works. Retention of existing commercial floor
6009181	2026-09-08	Planning	Dismissed	Central Bedfordshire Council	S5 HO7	Y		
6009184	2026-08-17	Planning	Dismissed	King's Lynn and West Norfolk Borough Council		Y		described as the change of use from holiday let to unrestricted residential dwelling
6009185	2026-08-28	Planning	Allowed	Liverpool City Council		Y		described on the application form as 30m high lattice tower supporting 6no. VMO2 antennas, 15no. remote radio units (RRUs) and 2no. dishes, together with an operator equipment cabinet, a shared meter cabinet, and associa
6009189	2026-09-21	Planning	Allowed		GB7	Y		demolition and removal of existing stables, tack room and hay barn and erection of three detached double storey dwellings with visitor’s car parking spaces, associated landscaping and use of existing access onto Jail Lan
6009193	2026-08-28	Planning	Dismissed	Council of the London Borough of Havering		Y		change of use of upper floor storage above a retail unit to form 2 No. 1-Bed 2-Person flats with internal alteration, cycle parking and bins
6009197	2026-09-08	Planning	Allowed	North Yorkshire Council	S3 S4	Y		construction of a two-bedroom, two-storey detached house
6009198	2026-09-08	Planning	Dismissed		S4 L2 HE9 HE6 DP3	Y	Y	roof extension with rear dormer, first-floor rear extension and replacement single storey rear extension
6009199	2026-08-19	Householder	Dismissed	Birmingham City Council	DM2	Y		a double storey side and rear extension, and single storey rear extension
6009207	2026-08-17	Planning	Dismissed	Lichfield District Council		Y		for a new 2 storey, 3 bedroom dwelling
6009208	2026-09-07	Planning	Dismissed	Leicester City Council	L2 DP3	Y		construction of second floor extension; installation of balcony to front of place of worship (Class F1)
6009211	2026-09-18	Planning	Dismissed	Council of the London Borough of Enfield	DP3 S4	Y		the conversion of first floor flat into 2 self-contained flats, involving conversion of loft into habitable room with rear dormer gable wall
6009220	2026-09-23	Planning	Dismissed	Hinckley and Bosworth Borough Council	DM4 DM10 S5 DP3 S6 HO7 HO1	Y		described as outline planning permission (access only) for the erection of a C3 self-build dwelling and associated amenity space and parking land south west of Sibson Road, Sheepy Parva, Leicestershire, CV9 3RE (Easting 
6009228	2026-09-22	Planning	Dismissed	Kingston-Upon-Hull City Council	HE6 DP3 TR6 S4 HE4 HE9 TR4 P5 TC2 S3	Y		described as the “retention of metal fencing, canvas canopies affixed to the front elevation of the premises. Canvas Canopies, detached from the building and affixed to the ground. Metal storage racking affixed to ground
6009237	2026-08-27	Planning	Dismissed	Horsham District Council	N4 S5 HO12	Y		full application for proposed two pitch settled Gypsy accommodation site along with retention of cess pit
6009241	2026-09-10	Planning	Allowed	Liverpool City Council		Y		the installation of 1No BT Street Hub and removal of associated BT payphones. Appeal B: Ref 6009242 Pavement outside Esso, East Lancashire Road, Liverpool L11 2FT 
6009242	2026-09-10	Commercial advertisement	Allowed	Liverpool City Council		Y		the installation of 1No BT Street Hub and removal of associated BT payphones. Appeal B: Ref 6009242 Pavement outside Esso, East Lancashire Road, Liverpool L11 2FT 
6009245	2026-10-02	Planning	Dismissed	Harborough District Council	DP3 HE6 HE4 S4 HC1 HE9 S3	Y		demolition of existing dwelling and erection of replacement dwelling, detached gym and swimming pool
6009255	2026-10-02	Planning	Allowed	North West Leicestershire District Council	S2 S3 HO1 HO7 TR3 S5	Y		conversion of existing garage to single C3 self-build dwelling with associated parking and alterations to residential curtilage
6009256	2026-08-27	Commercial advertisement	Allowed	City of York Council		Y		
6009258	2026-09-04	Householder	Dismissed	Wiltshire Council	HE6	Y		off street parking
6009260	2026-09-04	Householder	Dismissed	Royal Borough of Windsor and Maidenhead	GB7 GB2 GB6	Y		for a front gable feature, alterations to fenestration to include relocated front door, single storey front/side extension, single storey rear/side extension, part raised ridge, 2no. front, 2no. side and 2 no. rear dorme
6009266	2026-10-01	Enforcement notice	Notice upheld			Y		
6009270	2026-08-24	Planning	Dismissed	Braintree District Council		Y		proposed replacement outbuilding
6009276	2026-09-22	Planning	Dismissed	Bolton Metropolitan Borough Council	HE6 P1 P2 S4 HE4 DP3 P3	Y		change of use from Class E commercial building to 2 C3 self-contained flats
6009278	2026-09-09	Planning	Dismissed	Bristol City Council		Y		installation of safety rail to flat roof
6009279	2026-08-28	Planning	Allowed	King's Lynn and West Norfolk Borough Council		Y		a self-build dwelling
6009281	2026-09-23	Planning	Dismissed	Buckinghamshire Council	GB2 GB6 GB7 GB7(1)(g) GB7(1)(e) GB7(1)(g)(i) GB7(1) GB7(1)(f)(iv) E2 GB8	Y		Outline planning application for construction of up to 4 dwellings (matter to be considered at this stage: access)
6009303	2026-09-10	Planning	Dismissed	South Cambridgeshire District Council	S5 HO7	Y		the erection of two self-build dwellings
6009313	2026-09-23	Planning	Dismissed	Bolton Metropolitan Borough Council	HE7 DP3 S4 P2	Y		described on the application form as “retrospective erection of single storey extension at front and relocation of signage”
6009317	2026-08-27	Householder	Dismissed	East Riding of Yorkshire Council	S4	Y		first floor extension
6009318	2026-10-02	Planning	Dismissed	Southend-on-Sea City Council	DM1 DM3 DP3(1) P5 DP3(2) E2 L2(1)(b) TR3 N2 S3	Y		described as “Erection of ancillary storage building for associated commercial storage”
6009322	2026-08-27	Householder	Dismissed	South Holland District Council	S4 DP3 P3	Y		Extension to existing garage to provide a ground floor games room and first floor ancillary accommodation incidental to the main dwelling, for use as part of the main household
6009328	2026-09-07	Planning	Dismissed	Leicester City Council		Y		notification of proposed change of use of first floor from Commercial, Business and Service use (Class E) to 1 flat (1x 1-bed) (Class C3)
6009331	2026-08-27	Householder	Dismissed	Hinckley and Bosworth Borough Council	DM10 S4 DP3	Y		for a two storey side extension
6009339	2026-09-23	Planning	Allowed	North Yorkshire Council				‘conversion of an existing steel framed agricultural building into a residential dwelling.’ Decision 1. The appeal is allowed and prior approval is granted under the provisions of Article 3(1) and Schedule 2, Part 3, Cla
6009340	2026-09-14	Planning	Allowed	South Oxfordshire District Council	DP3 W3	Y	Y	construction and operation of a micro energy storage project
6009354	2026-09-24	Planning	Dismissed	Council of the London Borough of Waltham Forest				the erection of a first-floor rear extension above the existing ground- floor retail shop
6009357	2026-09-22	Planning	Allowed	Ribble Valley Borough Council	TR3 S4 HO7	Y		the change of use of annex to separate dwelling house
6009359	2026-09-28	Householder	Dismissed	West Berkshire Council	S3 S4 F8 DP3 F7 N2	Y		single storey rear extension
6009363	2026-10-01	Planning	Dismissed	North East Lincolnshire Council	L3 S5(2) TR3 N3 S5 DP3(3) DP3 HO7	Y		nine dwellings and garages with access to be considered and all other matters reserved
6009367	2026-09-03	Planning	Allowed	Lancaster City Council	DM4 L2 DM6	Y		change of use of existing studio/office to dwelling
6009377	2026-09-29	Planning	Allowed	Bracknell Forest Borough Council	M4(2) DP3 S4 P6 DP4 M4(3) DM6 HO5 F2	Y		redevelopment of the site to provide 46 one and two Bedroom retirement Living Units for Older People with associated parking, landscaping and communal facilities (C3 Use Class), following the demolition of the existing b
6009381	2026-09-21	Householder	Allowed	Council of the London Borough of Barnet	N3			Single storey rear extension with depth of 4.38m
6009382	2026-09-24	Planning	Allowed	Colchester City Council				the erection of 1 x 4-bedroom dwelling
6009388	2026-09-11	Householder	Dismissed	South Hams District Council		Y		extension and alterations, including a new balcony to the east, external steps to the west, solar panels on the outbuilding, and a ground source heat pump
6009400	2026-09-07	Householder	Allowed	North Yorkshire Council		Y		two storey side extension, first floor rear extension and ground floor link to annex
6009404	2026-08-21	Householder	Dismissed	Birmingham City Council	DM2 S4	Y		the erection of two storey side and rear extension and single storey side extension
6009405	2026-09-17	Planning	Allowed	Folkestone and Hythe District Council	DM7	Y		proposed military memorial at former toiler block, Road of Remembrance
6009407	2026-09-30	Planning	Dismissed	Cheshire East Council	S5 DP3 N2 N3 HO7	Y		three new dwellings
6009409	2026-09-17	Planning	Dismissed	Harborough District Council	S5 HO11 TR3 HO7	Y		for the demolition of existing stables approved to be converted under 24/01385/FUL and re-building similar, in a slightly re-vised position
6009410	2026-09-30	Planning	Allowed	High Peak Borough Council	S2 S5 DP3 DM8 DM6	Y		siting of two storage containers for agricultural machinery with associated minimal permeable hardstanding; retention of beehives and small poultry enclosure
6009412	2026-08-28	Planning	Dismissed	Council of the London Borough of Bromley		Y		change of use of an existing commercial storage room into residential rooms for the existing adjoining flat 5A Chatterton Road
6009413	2026-08-24	Planning	Dismissed	Great Yarmouth Borough Council	DM4	Y		detailed on the Decision Notice as ‘Construction of new industrial unit (B2 Use Class).’ Decision 1. The appeal is dismissed. Preliminary Matters 2. I have taken the description of the development from the Council’s Deci
6009442	2026-08-27	Planning	Allowed	Council of the London Borough of Harrow	HO10	Y		a change of use of 6 bedroom (6 persons) HMO (Class C4) to 7 bedroom (7 person) HMO (Sui-Generis)
6009443	2026-09-18	Planning	Dismissed	Cornwall Council	E4 N2 N4 S5 TR3(1) TR3(1)(e) S5(1)(b)	Y		for use of land for the siting of 3nos glamping pods, provision of hard standing, driveway access and installation of solar panel array
6009448	2026-09-02	Planning	Allowed	West Berkshire District Council	DM5 DP3 N3	Y		
6009451	2026-09-09	Householder	Allowed	Council of the London Borough of Hounslow		Y		the demolition of existing porch replace with new enlarged porch
6009452	2026-08-27	Commercial advertisement	Allowed	Harborough District Council		Y		
6009453	2026-09-22	Householder	Allowed	East Riding of Yorkshire Council	S3 DP3	Y		the replacement of existing flat roof with dual pitched roof which will contain habitable loft space
6009460	2026-08-21	Planning	Allowed	Tameside Metropolitan Borough Council		Y		
6009463	2026-09-15	Planning	Dismissed	South Holland District Council	S5	Y		conversion of two brick-built barn buildings to form a single family dwelling (barn A) and associated garage (barn B)
6009469	2026-09-11	Planning	Allowed	Dudley Metropolitan Borough Council				ground floor shop alterations & conversion of first and second floors to 4-bedroom class c4 (house in multiple occupation)
6009473	2026-09-17	Planning	Allowed	Birmingham City Council	P3	Y		change of use to 15 residential apartments (Use Class C3) and associated internal works
6009474	2026-09-18	Planning	Dismissed		S5 TR3 DP2 N2 S5(1)(e) HO7 P5	Y		permission in principle for the erection of up to 9 x self-build park homes
6009486	2026-09-14	Planning	Allowed	West Lancashire Borough Council	S5 S5(1)(c) HO9(1) HO9(1)(b) HO1(2) S3 S5(1) HO9 HO7	Y	Y	change of use of existing 4no bedroom dwellinghouse (C3(a) Use) to a Children's Care Home for up to 2 Children (C2 Use)
6009487	2026-09-25	Planning	Dismissed	Luton Borough Council	S4 DP3 L2 DM3 DM6 S3 HO7 TR3	Y	Y	raising the roof and erection of a first floor side extension to include six dormers (three front, two rear and a rear/side) to facilitate a conversion and change of use of office building to four flats (2 x two bed and 
6009498	2026-08-20	Planning	Dismissed	Oldham Metropolitan Borough Council	P3 DP3	Y		
6009503	2026-09-08	Planning	Dismissed	Council of the London Borough of Camden	S4 L2 DM1 HE5 HE9 HE6 DP3 HO7	Y	Y	demolition of existing building and erection of part single, part two- storey detached dwelling and associated works
6009513	2026-09-24	Planning	Dismissed	Buckinghamshire Council	HE7(2) HE6(4) HE9 HE6(1) HE6(3) L2(1)(d)(i) DP3(1)	Y		works of demolition and the erection of a detached dwelling with access, parking, and amenity space
6009517	2026-09-25	Planning	Dismissed	Wealden District Council	TR3 S5 S4 TR6(4) S5(1)(j) HO7 HO1(2)(i) TR6	Y		the development of 2 self-build/custom build dwellings
6009541	2026-09-11	Planning	Dismissed	Council of the London Borough of Lewisham	HO8 P3 DP3 S4 S3	Y		alterations, conversion from former children's nursery (Class E(f)) to a nine- bedroom House in Multiple Occupation (HMO) (Class Sui Generis), removal of rear canopy structure, provision of additional roof light windows,
6009542	2026-08-17	Planning	Dismissed	Derbyshire Dales District Council	S4	Y	Y	demolition of redundant building and erection of new dwelling
6009544	2026-09-24	Householder	Allowed	Uttlesford District Council		Y		a two-bay cartlodge-style garage and workshop/garden store
6009545	2026-09-21	Planning	Dismissed	Huntingdonshire District Council		Y		the erection of three-bedroom bungalow with garage & associated works (inc new planting and creation of off-street parking & turning to both existing and proposed properties)
6009547	2026-08-24	Householder	Dismissed	Liverpool City Council		Y		the installation of a small untethered electric vehicle charging (EVC) unit to the external wall of the property
6009551	2026-09-23	Commercial advertisement	Dismissed	Elmbridge Borough Council	DM2 S4 HC4 DP3	Y	Y	installation of 1No. BT Street Hub Unit and associated advertisement panels on either side of the unit. Appeal B Ref: 6009551 Footpath outside The Heart Centre, 54 Hepworth Way, Walton-on Thames KT12 1GH  The appeal is 
6009558	2026-09-11	Planning	Allowed	Gosport Borough Council		Y		Outbuilding - storage space to main host house No. 7 Wych Lane
6009564	2026-08-26	Householder	Allowed	Teignbridge District Council	HE6 HE7	Y		described as “retention of timber shed in front garden.” Decision 1. The appeal is allowed and planning permission is granted for development described as “retention of timber shed in front garden” at 6 Linden Terrace, N
6009569	2026-08-28	Planning	Allowed	Isle of Wight Council	DM2 TR7	Y		installation of pedestrian gateway; external alterations to west elevation. Appeal B Ref: 6009573 School House Barn, Land Adjacent Pear Tree Cottage, Circular Road, Seaview, Isle of Wight PO34 5ET 
6009573	2026-08-28	Planning	Allowed	Isle of Wight Council	DM2 TR7	Y		installation of pedestrian gateway; external alterations to west elevation. Appeal B Ref: 6009573 School House Barn, Land Adjacent Pear Tree Cottage, Circular Road, Seaview, Isle of Wight PO34 5ET 
6009577	2026-10-01	Planning	Dismissed	Basildon Borough Council				demolition of side porch and erection of single storey rear extension and new front porch to No
6009578	2026-08-24	Planning	Dismissed			Y		described as: proposed first floor extension over existing ground floor extension
6009581	2026-08-28	Householder	Allowed	Council of the London Borough of Harrow	M2 TR6	Y		described as installation of 1.8m high gate in rear boundary wall, hard standing to rear
6009584	2026-09-07	Householder	Dismissed	North Yorkshire Council		Y		‘two-storey side extension’
6009586	2026-08-26	Planning	Dismissed	Brighton & Hove City Council	DM1 DM7	Y		alterations to existing 10no person house in multiple occupation (Sui Generis) with erection of single storey rear extensions and conversion of garage to habitable space, with creation of managers accommodation studio an
6009587	2026-09-08	Commercial advertisement	Dismissed	Chelmsford City Council	S3 HE6	Y		
6009588	2026-09-15	Planning	Dismissed	Breckland Council	N6 S5(1)(j) DP3 DM6 S4 S5 S5(1) HO7	Y		new dwelling and associated garage
6009590	2026-09-04	Householder	Dismissed	Sunderland City Council		Y		rear extension to form enlarged kitchen area
6009593	2026-09-10	Planning	Allowed	Horsham District Council	S5 S3 TR3 HO7 N2	Y		single detached two storey dwelling & associated landscaping together with the relocation of the existing stable building
6009595	2026-09-25	Householder	Dismissed	Council of the London Borough of Hounslow	S3 S4 S4(1) DP3	Y		
6009598	2026-09-18	Planning	Dismissed	South Holland District Council	S5 F6 F7 F5 S3	Y		described as change of use of storage shed to residential - retrospective
6009605	2026-09-01	Planning	Dismissed	Council of the London Borough of Bromley		Y	Y	
6009618	2026-09-16	Planning	Dismissed	Torridge District Council	S5 S3 S4 HO7 TR3 TR6	Y		described as, construction of 3 in no. dwellings
6009619	2026-09-29	Planning	Allowed	East Devon District Council	S5 TR3 TR4 S3 TC2 S4 L3(4) DP3(3) TR6(4) F6(1) F7(2) N2(2) N6(1)(a) N6(2) HE6(5)	Y		change of use of existing dwellinghouse (restricted to use for holiday accommodation purposes) to permit unrestricted residential occupation
6009620	2026-08-18	Planning	Dismissed	Eastbourne Borough Council		Y		described as retention of single storey rear veranda, erect greenhouse and open storage area in rear garden. Replace 4 front bay windows
6009621	2026-09-24	Planning	Dismissed	Epping Forest District Council	GB7 DM4 S5 DP3 HO11 GB6 L2 L3 N2 DM9 TR3 HE4 GB8 S3	Y		Conversion of dwelling into two and conversion of outbuilding into a separate dwelling and associated works
6009626	2026-09-15	Planning	Dismissed	Kirklees Metropolitan Council	S4 P3	Y		a change of use from dwelling (C3 use) to form 2no residential apartments (C3 use)
6009631	2026-09-30	Planning	Dismissed	Cotswold District Council	F7 F8 S4	Y		erection of plant room, outside dip pool/jacuzzi, shower and sauna. Appeal Ref: 6009635 Stratton House Hotel, Gloucester Road, Stratton, Gloucestershire GL7 2LE 
6009632	2026-09-16	Planning	Allowed	Torridge District Council	S5 S5(1)(e) DP3(3) S4 TR3 DP3	Y		proposed 2 no. detached dwellings
6009635	2026-09-30	Planning listed building and conservation area	Allowed	Cotswold District Council	F7 F8 S4	Y		erection of plant room, outside dip pool/jacuzzi, shower and sauna. Appeal Ref: 6009635 Stratton House Hotel, Gloucester Road, Stratton, Gloucestershire GL7 2LE 
6009640	2026-09-08	Planning	Dismissed	Epping Forest District Council	DM9 DM10 S4 DP3(1) DP3(3)	Y		conversion of structure into a residential dwelling
6009643	2026-09-09	Planning	Dismissed	Luton Borough Council		Y		the conversion and change of use of grass verge to permeable hard standing and vehicle crossover to provide 1 off street parking space
6009645	2026-09-18	Planning	Dismissed		GB7 P2 TR3 P5 N2 N3 DP3 N6 N2(2)	Y		described in the application form as ‘construction of a chalet-style dwelling to replace approved incidental outbuilding (24/P/00189) at rear of Grandview House’
6009647	2026-09-07	Planning	Dismissed	Luton Borough Council	HC5	Y		change of use of ground floor shop Class E to Sui Generis takeaway together with replacement shop front from aluminium to painted timber
6009649	2026-09-30	Planning	Dismissed	Ribble Valley Borough Council	N4 S5 E4 E2 N2 DP3	Y		change of use of land from agriculture to mixed use agriculture and retail (siting of a food truck) with associated parking
6009653	2026-08-17	Planning	Dismissed	Rother District Council		Y		a new single storey dwelling
6009660	2026-08-24	Planning	Allowed	Sandwell Metropolitan Borough Council	TR6	Y	Y	internal alterations to form a change of use from a 6-person HMO (Class C4) to a 7-bed HMO (Sui Generis)
6009669	2026-09-28	Planning	Dismissed	Preston City Council	DP3 S4 HO5 HO6 S3	Y		Change of Use from a 5 Bedroom Dwelling class use C3 to a 6 Bedroom HMO class C4
6009674	2026-09-29	Planning	Allowed	Council of the London Borough of Barnet		Y		the use of the unit as indoor padel centre (Class E(d) indoor sport and recreation) and external alterations to create entrance to unit
6009677	2026-09-21	Planning	Allowed	Rother District Council	DM6 N4 P3	Y		
6009680	2026-08-27	Planning	Dismissed	Leeds City Council	HE6 GB7	Y		provision of sports netting system with associated works
6009681	2026-08-28	Planning	Allowed	Council of the London Borough of Redbridge	P1	Y		installation of a proposed new Global street hub, including the associated display of advertisements on both sides of the unit at Land outside Pioneer Point, 3-5 Winston Way, Ilford IG1 2ZG. Appeal B Ref: 6009686 Land ad
6009686	2026-08-28	Commercial advertisement	Allowed	Council of the London Borough of Redbridge	P1	Y		installation of a proposed new Global street hub, including the associated display of advertisements on both sides of the unit at Land outside Pioneer Point, 3-5 Winston Way, Ilford IG1 2ZG. Appeal B Ref: 6009686 Land ad
6009688	2026-08-28	Planning	Dismissed	The London Borough of Barnet	TR4	Y		new shop front including new vehicular access to tyre garage
6009691	2026-09-24	Planning	Dismissed	Ribble Valley Borough Council	N4 S5 DP3	Y		described as permission in principle for up to 3 no. self-build dwellings to include 1 no. bungalow for over 55's
6009697	2026-09-30	Planning	Dismissed	Cheshire East Council		Y		described as “agricultural determination for proposed general purposed produce and machinery store”
6009698	2026-09-22	Householder	Dismissed	Folkestone and Hythe District Council	DP3 L2 L3 S4 DM3(1)	Y		roof alterations, enlarging dormer to the front, new first floor rear extension and dormer
6009718	2026-09-04	Planning	Dismissed	West Berkshire District Council	DM1 HE6 F5 DM5 S5 HO11 F8 DM7 DM4 DM10 F7 HE4 S3	Y		residential development for 3 dwellings
6009720	2026-10-01	Planning	Allowed	North Hertfordshire District Council	GB7 S5 GB2 GB6 TR3 GB8 HO7 S3	Y		described as permission in principle for the erection of one detached dwelling
6009737	2026-09-21	Planning	Dismissed	Leeds City Council		Y		change of use from 9-bedroom House in Multiple Occupation (sui generis) to six self-contained flats (C3 use), including roof lights to front and rear, existing arch to be in filled, new exit door and new door to form sto
6009738	2026-09-23	Planning	Dismissed	Elmbridge Borough Council	DM2 S4 HC4 DP3	Y	Y	installation of 1No. BT Street Hub Unit and associated advertisement panels on either side of the unit. Appeal B Ref: 6009551 Footpath outside The Heart Centre, 54 Hepworth Way, Walton-on Thames KT12 1GH  The appeal is 
6009739	2026-09-21	Planning	Allowed	Somerset Council		Y		change of use of agricultural buildings to 6 no. dwellinghouses (C3)
6009745	2026-08-17	Planning	Dismissed	Test Valley Borough Council	E2	Y		4 bed dwelling and carport
6009746	2026-09-16	Householder	Allowed	Buckinghamshire Council		Y		for a 4.6 m drop kerb
6009759	2026-09-11	Householder	Allowed	Council of the London Borough of Hounslow		Y		
6009760	2026-09-28	Planning	Dismissed	Milton Keynes Council	S4 DP3(2)(a) DP3	Y		
6009762	2026-09-03	Planning	Allowed	Folkestone and Hythe District Council	HE6	Y		for retrospective consent to replace 4 no. timber windows with uPVC windows, and proposed replacement of 5 no. timber windows with uPVC windows
6009765	2026-09-18	Householder	Allowed	West Northamptonshire Council				a proposed flat roof with lantern single storey extension
6009769	2026-10-02	Planning	Dismissed	Medway Council	L3 HC7 DP3	Y		construction of a self-build, two-bedroom residential bungalow
6009771	2026-08-17	Planning	Allowed	London Borough of Havering Council		Y		a single storey rear extension to facilitate change of use from dwelling (Use Class C3) to a house of multiple occupancy (Sui Generis), including installation of security gate, new fences, bin/cycle stores and internal a
6009772	2026-08-21	Planning	Dismissed		HE5 HE4 HE6	Y		‘the Installation of a multifunctional Hub unit consisting of a free- standing structure featuring an integrated digital advertisement display screen on one side and emergency functionality including the provision of a d
6009775	2026-08-17	Planning	Dismissed	Council of the London Borough of Camden		Y	Y	Installation of New BT Street Hub and associated display of advertisement panels to both sides of the unit. Appeal B Ref: 6009777 Footpath outside of 297 Pentonville Road, London WC1X 8PX 
6009776	2026-08-20	Planning	Dismissed		HE7 HE5 HE6	Y		the installation of a multifunctional Hub unit consisting of a free- standing structure featuring an integrated digital advertisement display screen on one side and emergency functionality including the provision of a de
6009777	2026-08-17	Commercial advertisement	Dismissed	Council of the London Borough of Camden		Y	Y	Installation of New BT Street Hub and associated display of advertisement panels to both sides of the unit. Appeal B Ref: 6009777 Footpath outside of 297 Pentonville Road, London WC1X 8PX 
6009787	2026-09-08	Planning	Dismissed	Basildon Borough Council	S4	Y		described in the application form as follows: “Extend and convert existing double garage to form a detached annexe subservient and in association to the main dwelling”
6009807	2026-09-28	Householder	Dismissed	East Riding of Yorkshire Council				a flat roof (maximum 3m in height), single story extension, 6m x 5.8m, constructed from masonry in the same style and similar colour as the existing dwelling house. Extension to rear of the property to provide family ame
6009808	2026-09-25	Planning	Dismissed	St Albans City & District Council	HC6 P3 P4 HO7 DP3(1) DP3(3) TR3(1)(c)	Y		redevelopment of site to provide four new dwellinghouses (2 x 3 bed, 2 x 2 bed) with associated landscaping and parking (revised)
6009814	2026-09-10	Householder	Dismissed	Sheffield City Council	DP3	Y		the erection of a two-storey side extension and single storey rear extension. Procedural Matter 1. On 17 August 2026, the Government published the National Planning Policy Framework 2026 (NPPF). It does not contain any p
6009815	2026-08-24	Householder	Dismissed	East Suffolk Council		Y		described as the ‘creation of vehicular access.’ Decision 1. The appeal is dismissed. Procedural Matters 2. I have taken the description of the development from the Council’s Decision Notice as this concisely describes t
6009817	2026-09-03	Planning	Dismissed	Horsham District Council	S5 N4 E4	Y		the retention of top surface to majority of existing hardcore area and its use for the parking of vehicles in connection with the use of the equestrian centre and re-siting of lorry containers onto historic hardsurfaced 
6009818	2026-09-02	Planning	Dismissed		S5	Y		agricultural timber store (retrospective)
6009837	2026-09-24	Planning	Allowed	Coventry City Council	TR3 GB7 GB7(1)(g) GB6 GB2 GB1	Y		erection of two dwellings (all matters reserved except for access)
6009838	2026-09-16	Planning	Dismissed	Mid Sussex District Council	S5 S5(1)(j) HE6 HO7	Y		described as ‘a phased development of up to 9 self build dwellings’
6009844	2026-09-24	Planning	Dismissed	King's Lynn and West Norfolk Borough Council	S5(1)(j) S5(1)(e)	Y		outline application for construction of self-build dwelling
6009847	2026-09-29	Planning listed building and conservation area	Dismissed	Tonbridge and Malling Borough Council	HE6 HE4 HE5	Y		
6009849	2026-09-28	Planning	Allowed	Brentwood Borough Council	GB7 S5 DM6 GB6 GB8 HO7	Y		Outline application for construction of a single self-build family dwelling
6009850	2026-08-27	Planning	Dismissed	Dorset Council		Y		change of use from agricultural barn to residential dwelling
6009852	2026-09-15	Planning	Dismissed	Calderdale Metropolitan Borough Council	S4 DP3 P3	Y		1no. new build dormer bungalow
6009854	2026-10-02	Planning	Dismissed	West Suffolk Council				change of use from agricultural building to create four dwellings
6009857	2026-09-23	Planning	Dismissed	Kingston-Upon-Hull City Council	DP3 HE6 HE4 HE9 P5 HO7 S3 S4	Y		described as a planning application for change of use from C3 dwellings to sui generis use, including: ground floor flat to office use; external insulated render; rear windows; and external fencing
6009858	2026-09-29	Householder	Allowed in part	Pendle Borough Council	L2	Y		
6009864	2026-08-21	Planning	Allowed	Somerset Council	CO1	Y		installation of 1 no. new communications kiosk with integrated defibrillator and advertising display. Appeal B Ref: 6009865 Land outside 80 Middle Street, Yeovil BA20 1LT 
6009865	2026-08-21	Commercial advertisement	Allowed	Somerset Council	CO1	Y		installation of 1 no. new communications kiosk with integrated defibrillator and advertising display. Appeal B Ref: 6009865 Land outside 80 Middle Street, Yeovil BA20 1LT 
6009866	2026-09-18	Planning	Dismissed	Barnsley Metropolitan Borough Council	S4 S3 CO1 DP3	Y		installation of a communication kiosk with integrated defibrillator and advertisement display. Appeal B Ref: 6009867 Land outside Exchange Station, Midland Street, Barnsley, S70 1SE 
6009867	2026-09-18	Commercial advertisement	Dismissed	Barnsley Metropolitan Borough Council	S4 S3 CO1 DP3	Y		installation of a communication kiosk with integrated defibrillator and advertisement display. Appeal B Ref: 6009867 Land outside Exchange Station, Midland Street, Barnsley, S70 1SE 
6009869	2026-09-30	Planning	Allowed	Lewes District Council	DM6	Y		the change of use from single family dwelling to two self-contained flats
6009871	2026-09-08	Planning	Dismissed	London Borough of Redbridge	S4 TC3	Y		change of use of premises from Use Class B (storage) to Use Class E (a) retail
6009880	2026-10-01	Planning	Dismissed	North Yorkshire Council		Y		
6009886	2026-09-04	Planning	Dismissed	Council of the London Borough of Croydon	S4 DM10 S3 TR6	Y		the erection of a three-storey block of flats together with two detached two-storey houses; formation of accessway, provision of car and cycle parking, refuse storage and soft landscaping
6009889	2026-08-21	Householder	Dismissed	Oadby and Wigston Borough Council		Y		a single storey rear extension
6009894	2026-08-25	Planning	Allowed	Cheshire East Council		Y		prior approval for change of use to a 3 bedroom single storey dwelling with the addition of a single storey extension to the rear elevation
6009905	2026-09-11	Planning	Allowed	Council of the London Borough of Redbridge	HO7	Y		erection of single storey ground floor rear extension and change of use of the property to a C4 HMO for 6 people
6009909	2026-08-17	Householder	Dismissed	East Staffordshire Borough Council	HE9 HE7 HE6	Y		for the raising of the ridge height of the existing roof, erection of a two storey rear extension (principal elevation), single storey front infill extension and first floor front extension and the installation of solar 
6009910	2026-10-01	Planning	Dismissed	Blaby District Council	DM1 S4	Y		erection of a 2-bedroom dwelling to the rear of 12 Victoria Road
6009917	2026-09-17	Planning	Dismissed	Folkestone and Hythe District Council	E4 S4 HO7	Y		change of use from former hotel to dwelling house
6009919	2026-09-29	Planning	Dismissed	Thurrock Council	GB7 GB2(1) TR3 HE6 GB6(2) HE6(3) S4 S5	Y		construction of pool and eco annexe with green roof construction
6009929	2026-08-20	Planning	Dismissed	Council of the London Borough of Ealing	W3 S4 DP3	Y		for the conversion of existing flat into 2 x self-contained flats, roof extension with roof lights, and associated refuse, cycle storage and amenity space
6009933	2026-09-02	Planning	Dismissed		DP3	Y		increase of 8 occupant house in multiple occupation to 10 occupants, including loft conversion and rear dormer
6009938	2026-08-28	Planning	Allowed	Huntingdonshire District Council	HC6	Y		the demolition of single-storey structure, change of use from former public house (Sui Generis) to convenience store (Use Class E) with ancillary first-floor accommodation and associated access and car parking area
6009942	2026-09-07	Planning	Dismissed	Lichfield District Council		Y		demolition of existing dwelling and erection of a 4 bedroom detached dwelling (self-build) with associated works
6009943	2026-09-01	Commercial advertisement	Allowed	City of Westminster Council				
6009956	2026-08-24	Householder	Allowed	Buckinghamshire Council		Y		a single storey rear extension, additional stepped access to rear, conversion of existing garage and addition of bay window to match existing to front elevation
6009957	2026-09-28	Householder	Dismissed	Telford and Wrekin Council	DP3(1) DP3	Y		
6009960	2026-09-22	Householder	Dismissed	Walsall Metropolitan Borough Council				“single storey rear extension 5.615m”
6009962	2026-09-23	Planning	Dismissed		P2 GB7 GB6	Y		
6009965	2026-10-02	Planning	Dismissed	Council of the London Borough of Barking & Dagenham	TR3 S4 S3	Y		change of use of the dwelling (Use Class C3) to a 3-bedroom HMO (Use Class C4) for up to four occupants
6009966	2026-09-18	Planning	Dismissed	Tandridge District Council	GB7 TR3 S5 GB6 S3	Y		the erection of up to 5 dwellings
6009969	2026-09-28	Householder	Dismissed	Telford and Wrekin Council	DP3(1) DP3	Y		erection of a single storey rear extension, erection of a first-floor extension above existing garage and creation of a front porch
6009970	2026-09-02	Planning	Dismissed	Council of the London Borough of Enfield		Y		Change of use from Use Class C3 (dwelling house) to one 4-bedroom and one 5-bedroom House in Multiple Occupation (Sui Generis) involving changes to fenestration (part retrospective)
6009972	2026-09-02	Planning	Dismissed	Council of the London Borough of Enfield		Y		Change of use from Use Class C3 (dwelling houses) to two 5- bedroom Houses in Multiple Occupation (Sui Generis) involving changes to fenestration (part retrospective)
6009974	2026-09-18	Planning	Allowed	Dover District Council				1 number 30.5m x 15.225m agricultural barn for the purpose of caring for ewes in lamb and care of sheep
6009978	2026-08-28	Planning	Allowed	Council of the London Borough of Ealing	W4	Y	Y	
6009979	2026-10-01	Planning	Dismissed	Pendle Borough Council	HE4 HE6	Y		
6009984	2026-08-25	Householder	Allowed	Portsmouth City Council		Y		a front dormer
6009985	2026-09-21	Planning	Dismissed	Cherwell District Council	S5 HO11 S3	Y	Y	for Permission in Principle - Proposed conversion of existing building to form 2 no. dwellinghouses
6009988	2026-09-29	Planning	Dismissed	Council of the Royal Borough of Kingston Upon Thames	DM10 S4 S4(1) P3	Y		described as the demolition of existing building to allow the erection of a 4 storey building to accommodate a replacement commercial unit and 7 flats
6009990	2026-09-25	Planning	Dismissed	Ribble Valley Borough Council	S5 HO1 HO7 DP3	Y		described as “permission in principle for 1 self-build dwelling.” Decision 1. The appeal is dismissed. Appeal Procedure 2. The site visit was undertaken by a representative of the Inspector whose recommendation is set ou
6009997	2026-09-23	Planning	Dismissed	Buckinghamshire Council	DM5 GB7(1)(g) TR6 TR3(1)(c) TR4(1)(d)	Y		Erection of 4no. detached dwellings
6010008	2026-08-24	Householder	Allowed	East Suffolk Council	TR6	Y		described as the ‘creation of vehicular access.’ Decision 1. The appeal is allowed and planning permission is granted for the creation of a vehicular access, at 72 Southwold Road, Wrentham, Suffolk NR34 7JF in accordance
6010020	2026-09-24	Planning	Dismissed	Cornwall Council	S5(1)(e) S5 S5(1)(j) S5(4) S5(1) HO7	Y		single custom build dwelling and solar array
6010021	2026-09-08	Planning	Allowed	Burnley Borough Council		Y		described on the application form as “Permission in Principle for the erection of one building to accommodate 6no. flats”
6010023	2026-09-11	Planning	Dismissed	Ipswich Borough Council	S4 HO7 TC2 TR3 TR4	Y		the change of use from commercial use (Class E) to a mixed-use development comprising five dwelling flats (Class C3) and commercial use (Class E) including external alterations and removal of a pitched roof at first floo
6010024	2026-09-15	Planning	Dismissed	Kirklees Metropolitan Council	HC5 S4	Y		described as a retrospective application for the change of use of part of an existing residential kitchen to allow small scale home cooking for take away and delivery
6010033	2026-10-01	Planning	Dismissed	Council of the London Borough of Hackney	HC5 TR6	Y		the change of use of the ground floor from Class E (Barber Shop) to a sui generis use comprising a takeaway and delivery-only food premises (no primary cooking or extraction system required) operating between 10:00 and 2
6010035	2026-09-22	Planning	Dismissed		HC6 S4 E2 S4(2)(a)(i)	Y		the conversion of Victoria Vaults public house into 3 townhouses
6010036	2026-09-09	Planning	Allowed	Wiltshire Council	HE7(2)	Y		
6010038	2026-08-20	Householder	Dismissed	Surrey Heath Borough Council		Y		the demolition of existing garage and erection of lower ground, ground floor and first floor side and rear extension, and car port
6010046	2026-09-17	Householder	Allowed	Waverley Borough Council	DM5 S4(1) P3	Y		a “single storey rear extension, double storey side extension, garage conversion and internal changes.” Decision 1. The appeal is allowed and planning permission is granted for a single storey rear extension, double stor
6010050	2026-09-16	Commercial advertisement	Dismissed	South Gloucestershire Council		Y		
6010059	2026-08-17	Planning	Dismissed	Council of the London Borough of Camden		Y	Y	Installation of New BT Street Hub and associated display of advertisement panels to both sides of the unit. Appeal B Ref: 6010061 Footpath on Euston Road Outside the Standard Hotel, 10 Argyle Street, London WC1H 8EG 
6010061	2026-08-17	Commercial advertisement	Dismissed	Council of the London Borough of Camden		Y	Y	Installation of New BT Street Hub and associated display of advertisement panels to both sides of the unit. Appeal B Ref: 6010061 Footpath on Euston Road Outside the Standard Hotel, 10 Argyle Street, London WC1H 8EG 
6010063	2026-08-25	Planning	Dismissed	Council of the London Borough of Ealing	S4	Y		the conversion of a dwellinghouse into two self-contained flats; single storey rear extension; demolition of single storey conservatory; first floor rear extension; alterations to side fenestration; rear roof extension; 
6010069	2026-10-02	Planning	Dismissed	Tameside Metropolitan Borough Council	S4 TR4 P3	Y	Y	a change of use from 4 bed dwellinghouse (Use Class C3) to 6- bedroom HMO (Use Class C4)
6010078	2026-09-01	Planning	Allowed	Calderdale Metropolitan Borough Council	GB1	Y		a single storey extension to catering kitchen
6010085	2026-09-22	Householder	Allowed	Council of the London Borough of Bromley	HC1	Y		
6010086	2026-09-08	Planning	Allowed	Durham County Council		Y		the erection of a livestock building
6010090	2026-09-18	Planning	Dismissed	Somerset Council	TR2 HO11 HO7 TR6(4) S5 S5(4)	Y		the siting of 1 No. caravan for occupation as temporary HPC worker accommodation (retention of works already undertaken)
6010093	2026-09-24	Householder	Dismissed	South Gloucestershire Council	GB7	Y		a Single Storey Extension to Rear. Appeal B Ref: 6010098 Pear Tree Barn, Old Gloucester Road, Alveston BS35 3TD 
6010095	2026-08-26	Planning	Dismissed	Trafford Metropolitan Borough Council		Y		
6010097	2026-09-30	Planning	Dismissed	Buckinghamshire Council	HE6 S4 HO7 S3	Y		the construction of a self-build 3-bedroom detached dwellinghouse, carport, shed/bike store and vehicular access together with associated hardstanding and landscaping works
6010098	2026-09-24	Planning listed building and conservation area	Dismissed	South Gloucestershire Council	GB7	Y		a Single Storey Extension to Rear. Appeal B Ref: 6010098 Pear Tree Barn, Old Gloucester Road, Alveston BS35 3TD 
6010107	2026-08-17	Planning	Dismissed	London Borough of Barking and Dagenham Council		Y		a change of use from a dwelling to a house in multiple occupation within Use Class C4
6010110	2026-09-30	Planning	Dismissed	Council of the London Borough of Hackney				demolition of the partial existing roof & window and a proposed roof terrace with obscure glazing and accessible through a new door. Additionally, proposed stairs and a floor slab connecting to the roof terrace
6010111	2026-09-30	Planning	Dismissed	Council of the London Borough of Hackney		Y		the demolition of rear existing roof and proposal of a rear dormer extension of the property with installation of two Velux Rooflights at front of the existing roof
6010112	2026-09-30	Planning	Dismissed	North Yorkshire Council	HO11 S5 S5(2) S5(5) E4 S3 GB7 S5(3) DP3 E2	Y		change of use of land (including the existing caravan currently used as a welfare unit) to residential use (C3) to provide a management dwelling associated with the operation of Balne Moor Course Fisheries
6010130	2026-08-19	Householder	Allowed	Woking Borough Council • The application Ref is PLAN/2026/00	DM9	Y		described as rear garden outbuilding with flat roof and a maximum eaves height of 2.5m and for use as an office, storage and gym space
6010150	2026-09-11	Planning	Allowed	Council of the London Borough of Hounslow		Y		the installation of 1no. BT Street Hub and removal of associated BT payphones. Appeal B Ref: 6010152 Pavement o/s Aldi, 76-86 High Street, Feltham TW13 4DD 
6010152	2026-09-11	Commercial advertisement	Allowed	Council of the London Borough of Hounslow		Y		the installation of 1no. BT Street Hub and removal of associated BT payphones. Appeal B Ref: 6010152 Pavement o/s Aldi, 76-86 High Street, Feltham TW13 4DD 
6010153	2026-08-17	Householder	Dismissed	Spelthorne Borough Council		Y		
6010155	2026-09-23	Planning	Allowed	Sandwell Metropolitan Borough Council	HC6 P1 DM4 S4	Y		demolition of existing public house and proposed retail unit with parking, landscaping and associated works
6010157	2026-09-24	Planning	Dismissed	Lake District National Park Authority	HE6 HE4 F7 S5 N4 HE5 HE8 F4 S3 DP3	Y	Y	a boat house
6010163	2026-08-21	Planning	Dismissed	Council of the London Borough of Hammersmith and Fulham		Y		described as ‘creation of three one bedroom apartments with central access core.’ Appeal B Ref: 6010167 15 Galena Road, London W6 0LT 
6010164	2026-09-16	Planning	Allowed	Uttlesford District Council		Y		construction and operation of a micro energy storage project
6010165	2026-09-07	Planning	Dismissed	Stafford Borough Council	GB7 GB6 S5	Y		described as “proposing to remove existing stables with more appropriate agricultural building to be sited on existing concrete pad for housing tractors and various other equipment for land maintenance”
6010166	2026-09-01	Planning	Dismissed	Torridge District Council	S5 S3	Y		demolish stables and erect a new dwelling in lieu of 1/0368/2025/FUL
6010167	2026-08-21	Planning	Dismissed	Council of the London Borough of Hammersmith and Fulham		Y		described as ‘creation of three one bedroom apartments with central access core.’ Appeal B Ref: 6010167 15 Galena Road, London W6 0LT 
6010180	2026-08-28	Planning	Dismissed	Kirklees Council		Y		installation of 1 BT Street Hub, incorporating 2 digital 75-inch LCD advert screens and associated BT phone kiosk removal (within a Conservation Area)
6010183	2026-08-28	Commercial advertisement	Dismissed	Kirklees Council		Y		2no. digital 75-inch LCD display screens, one on each side of the Street Hub unit
6010187	2026-09-21	Planning	Dismissed	Horsham District Council	HO11 S5 E2 E4 S3	Y		siting of temporary rural workers’ dwelling and associated works
6010189	2026-09-14	Planning	Allowed	Council of the London Borough of Croydon	DM10 DM4	Y		the change of use of ground floor from vacant Class E unit to Adult Gaming Centre (AGC) (Sui Generis)
6010191	2026-09-14	Planning	Dismissed	Council of the London Borough of Bromley		Y		the demolition of the existing structures and the erection of a scheme of semi-detached and terrace houses, together with associated car parking and access
6010195	2026-09-09	Planning	Allowed	Council of the London Borough of Redbridge	S4 S3	Y		
6010196	2026-09-18	Planning	Dismissed	Malvern Hills District Council	L3 HO7	Y		4no. dwellings and associated works
6010197	2026-09-17	Planning	Dismissed	King's Lynn and West Norfolk Borough Council	DP3 HE4 HE6 S4 F6 S3	Y		described as ‘proposed residential flat development (four duplex flats) following the demolition of the existing building’
6010198	2026-09-24	Planning	Allowed	Three Rivers District Council	GB7 DM2 GB6 HE6 HE9 DM1 DM3 DM6	Y		demolition of existing dwelling and construction of a replacement dwelling. (Self Build)
6010199	2026-10-02	Planning	Dismissed	Coventry City Council	CO1	Y		the proposed installation of a telecommunications base station comprising a 20m monopole supporting 9 no. antennas and 2 no. dishes with wraparound cabinet at the base, together with 6 no. ground based equipment cabinets
6010207	2026-09-29	Planning	Dismissed	Council of the London Borough of Enfield	DP3 S4	Y		the conversion of a single family dwellinghouse (C3) to a 3-bedroom 4 persons HMO (C4) together with refuse and 4 cycle spaces
6010211	2026-09-29	Planning	Dismissed	Leeds City Council	DM6 P3	Y		the change of use from a dwelling to short-term let accommodation
6010213	2026-09-30	Planning	Dismissed	Cheshire East Council	GB7(1)(g) GB7(1)(a) GB6(2) GB7 GB6	Y		the retention of a small number of agricultural structures and associated areas of hardstanding. The holding is used for keeping and managing alpacas, which require daily husbandry, feeding, and welfare monitoring. The w
6010215	2026-09-10	Householder	Dismissed	Walsall Metropolitan Borough Council				“Single storey rear extension 6m depth”
6010223	2026-09-23	Planning	Dismissed	Thurrock Borough Council	S4 E2 P3	Y		
6010226	2026-09-04	Planning	Allowed	Central Bedfordshire Council	TR4 N2 N3	Y		the installation of electrical infrastructure and associated works to support an electric vehicle charging hub
6010228	2026-09-08	Planning	Dismissed	Mid Suffolk District Council	S5 F4 DP3 F7 S5(1)(b) P3 N2	Y		use of land to store building materials for a temporary period of two years
6010231	2026-08-17	Householder	Allowed	Buckinghamshire Council		Y		a single storey rear extension and front and rear dormer windows
6010236	2026-09-22	Householder	Dismissed	Bracknell Forest Council	GB7 GB6	Y		erection of single storey infill extension with roof lantern and skylight. Installation of 3 no. roof lights to existing single storey roof and installation of front facing dormer window to existing dwelling and installa
6010238	2026-09-15	Planning	Dismissed	Ashford Borough Council	HE9 HE5 HE6	Y		for a first floor side extension for surgery and waiting room
6010250	2026-08-20	Householder	Allowed	West Lindsey District Council		Y		the retention of two piers to front boundary wall, provision of reduced railings and minor amendment to previously approved gates. Procedural Matters 1. The description in the banner heading is taken from both the planni
6010253	2026-09-28	Planning	Dismissed	Cheshire East Council	TR3 TR3(1)(a) TR3(1) TR3(2) L3(2)(b) GB6(2) S5(5) GB6	Y		described as: one dwelling and associated development
6010260	2026-09-11	Planning	Dismissed	Shropshire Council	GB7 S5 GB6 GB7(1)(e) GB3(2)(a) GB7(1)(a) DP3	Y		for 1 or 2 number detached dwellings
6010268	2026-09-25	Planning	Allowed	Horsham District Council		Y		
6010271	2026-08-21	Planning	Dismissed	Worcester City Council		Y		new dwelling to the side of 43 Westminster Road, Worcester
6010273	2026-08-28	Householder	Dismissed	Dacorum Borough Council	GB7 GB6	Y		for a raised rear patio area including timber boundary fencing, balustrade and steps providing access to the garden with storage space beneath the patio
6010276	2026-09-30	Planning listed building and conservation area	Allowed		HE5(1) HE4 HE6	Y		
6010281	2026-09-14	Householder	Dismissed	Mid Suffolk District Council	HE4 HE7 HE1 HE3 HE5 DP3 N2	Y		described as ‘proposed alterations and 2 storey side extension’
6010288	2026-09-18	Planning	Dismissed	Dartford Borough Council	S4 DP3(1) DP3 S3 DP3(3) TR4(1)(c)(i) TR6(4)	Y		the provision of a vehicular access onto A226 (including vehicle crossover), provision of paved parking area and partial removal of boundary wall
6010292	2026-09-09	Householder	Dismissed	Welwyn Hatfield District Council	GB6 GB7	Y		the replacement of a previously existing outbuilding
6010295	2026-09-07	Commercial advertisement	Allowed	Manchester City Council	M2 P1 P2 DM1	Y		removal of an existing InLink Unit, and the deployment of a replacement Street Hub 3 unit. Appeal Ref: 6010295 Fountain Street, Outside No. 20, Manchester M2 3AW 
6010301	2026-08-17	Planning	Dismissed	Newark & Sherwood District Council	DM8 DM9	Y		residential development of a minimum of 1 dwelling and a maximum of 5 dwellings
6010305	2026-10-02	Planning	Dismissed	North Somerset Council	S4 DP3 DM4 HE5(2) HE6 DM3 TC2 P3 HE4 HE5 HE9 S3	Y		change of use of ground floor retail unit to be combined with upper floor dwelling to form one single dwellinghouse
6010310	2026-09-11	Planning listed building and conservation area	Allowed	Buckinghamshire Council	S4	Y		
6010311	2026-09-21	Planning	Allowed	High Peak Borough Council		Y		replacement windows and door set to both the front and rear porches to the side elevation
6010313	2026-09-04	Planning	Dismissed	Tandridge District Council	GB7(1)(g) GB7(1)(b) HE6 DP3 GB6 GB7 TR3	Y		conversion of agricultural building to form five dwellings with associated parking and landscaping
6010314	2026-08-27	Householder	Dismissed	Bournemouth Christchurch and Poole Council	HE6 HE5	Y		rear single-storey infill extension and a loft conversion with rear dormer and velux window to the front
6010315	2026-09-04	Planning	Allowed	Central Bedfordshire Council	HE4 HE6 HE3	Y		erection of 1 No. detached dwelling on land to rear of Green Man PH, with associated parking, landscaping and access from High Street
6010332	2026-09-28	Householder	Dismissed	Royal Borough of Greenwich	HE5(2) HE6(4) HE6(1) HE6(3) HC1	Y		construction of a first and second floor side extension and associated demolition works, external repair works, replacement of existing rear lower ground floor door, landscaping works to increase lower ground floor rear 
6010334	2026-09-25	Householder	Allowed	Borough of Broxbourne Council		Y		
6010335	2026-09-22	Householder	Dismissed	Council of the London Borough of Hounslow	W4 HC1 HE6(3) HE6(4) S3 S4	Y		the installation of a replacement front boundary wall, palisade fence and two palisade pedestrian gates and re-paving of the house's front garden
6010339	2026-09-28	Planning	Dismissed	London Borough of Havering Council	DP3 S4	Y		the demolition of the existing garage and the erection of a pair of semi- detached dwellings (Use Class C3), with associated parking, private amenity space and other ancillary works
6010342	2026-09-25	Planning	Allowed	Boston Borough Council		Y		Change of Use of Existing Workshop to Holiday Let Accommodation and Associated External Alterations
6010348	2026-09-18	Planning	Dismissed	North Yorkshire Council	N4 S5 S5(4) TR3 S5(1)(c)	Y		erect 1no dwelling including associated works to form new site access and driveway and demolition of existing agricultural building
6010349	2026-09-24	Planning	Dismissed	Peterborough City Council	S4 P3 TR4	Y		described as ‘Retrospective change of use from granny annexe to 1no. bedroom flat’
6010352	2026-09-10	Planning	Dismissed	Council of the London Borough of Camden	HE6 DM6(1)	Y		Installation of 1 No. BT Street Hub Unit and Associated Advertisement Panels on either Side of the Unit. Appeal B Ref: 6010353 Footpath outside 3 Millbrook Place, London, NW1 2JA 
6010353	2026-09-10	Commercial advertisement	Dismissed	Council of the London Borough of Camden	HE6 DM6(1)	Y		Installation of 1 No. BT Street Hub Unit and Associated Advertisement Panels on either Side of the Unit. Appeal B Ref: 6010353 Footpath outside 3 Millbrook Place, London, NW1 2JA 
6010354	2026-09-16	Planning	Dismissed	King's Lynn and West Norfolk Borough Council	S5(4) S5(1)(e) DP3 S5	Y		self-build single dwelling house using the fall-back position giving up the current Class Q for two dwellings at South Creek, Three Acres, Fakenham, Norfolk
6010362	2026-08-27	Planning	Dismissed	Watford Borough Council	HO3 S4 TR6 HC6 S3 DP3 L2(1)(d)(ii)	Y		Change of use of rear part of ground floor from commercial (Class E) to a residential studio flat (Class C3) with internal reconfiguration
6010375	2026-09-09	Planning	Dismissed	Bournemouth Christchurch and Poole Council		Y		
6010376	2026-10-01	Planning	Dismissed	Kingston-Upon- Hull City Council	DP3 HO9 F1 HC6 P5 L2 HO7 HE4 HE9 HE7 DM3 HO3 S3 S4	Y		the change of use, extensions (first and second floor) to, and external alterations of former grammar school building to provide student accommodation (total of 37 beds); change of use of former stores to provide landlor
6010378	2026-08-24	Planning	Dismissed	Teignbridge District Council		Y		
6010379	2026-09-15	Planning	Dismissed	Council of the London Borough of Redbridge	TR6(4) TR3 S4	Y		described as the change of use from small HMO (use class C4) into larger HMO (sui generis) (maximum 11 persons)
6010382	2026-08-27	Planning	Allowed	Mid Sussex District Council	CO1 CO2	Y		
6010391	2026-09-09	Planning	Dismissed		S4 HE4 HE6 HE9 DP3(1) HE6(4) HC1 DP3(3)	Y		construction of single storey side and rear extensions to the ground floor commercial unit together with a new glazed shopfront, side access doors, boundary treatment and provision of bin storage
6010392	2026-10-02	Planning	Allowed	Rushcliffe Borough Council	S5 P1 S4 DM6 GB7 S3	Y		the erection of a replacement dwelling, carport and garage following demolition of the existing dwelling and garage
6010393	2026-09-21	Planning	Dismissed	Somerset Council	HO7 W4 S4 DP3(1) DP3(3)	Y		one single storey custom build dwelling, new tree and hedgerow planting, and an upgrade to the existing foul water system
6010396	2026-09-07	Planning	Dismissed	Kirklees Metropolitan Council		Y		proposed installation of 1no. new BT Street Hub, incorporating 2no. digital 75" LCD advert screens, and associated BT Phone Kiosk removal. Appeal Ref: 6010399 Pavement outside 42 New Street, Huddersfield HD1 2BU 
6010397	2026-09-01	Planning	Allowed	Sefton Metropolitan Borough Council	DM2 S4 TC2 DM6 DM7	Y		two bedroomed flat above existing retailing property – hairdresser’s
6010399	2026-09-07	Commercial advertisement	Dismissed	Kirklees Metropolitan Council		Y		proposed installation of 1no. new BT Street Hub, incorporating 2no. digital 75" LCD advert screens, and associated BT Phone Kiosk removal. Appeal Ref: 6010399 Pavement outside 42 New Street, Huddersfield HD1 2BU 
6010401	2026-09-17	Planning	Dismissed	North Northamptonshire Council	S5(4) S5 S5(1) DP3	Y		the demolition of agricultural buildings and the erection of two dwellings with associated access and landscaping
6010408	2026-09-25	Planning	Dismissed	Swale Borough Council	DM3 S5 S5(1)(b) S5(1)(j) S5(4)	Y		temporary change of use of land to store plant machinery and equipment (Use Class E(g)(iii) for three years
6010409	2026-08-20	Planning	Dismissed	Torridge District Council		Y		prior notification for the change of use of agricultural building to 1no. dwellinghouse and associated building operations under Class Q
6010411	2026-09-29	Planning	Dismissed	Wirral Council	GB7	Y		described as: “permission in principle for the construction of up to three dwellinghouses, with associated works”
6010416	2026-09-04	Planning	Dismissed	Leeds City Council	S4 HE6 S3	Y		change of use of transitional land to domestic garden with decked area, first floor side extension, single storey side extension with balcony, single storey rear lean-to extension (store) and alterations to side garden t
6010418	2026-09-24	Planning	Dismissed	South Norfolk District Council	S5 DM3 S3 DM1	Y		outline application for 2 new residential dwellings
6010422	2026-09-29	Planning	Dismissed	King's Lynn and West Norfolk Borough Council	S5 DP3 TR3 S3 HO7 N2 TR6	Y		a self-build dwelling
6010426	2026-08-17	Planning	Dismissed	North Yorkshire Council		Y		permission in principle for new 2 storey detached single dwelling with garage
6010428	2026-09-17	Planning	Dismissed	Broxbourne Borough Council		Y		Retrospective planning application for change of use of land from amenity land to residential garden and the erection of a boundary fence
6010429	2026-09-17	Planning	Dismissed	Bracknell Forest Council	S4 HO4	Y		“New dropped kerb and vehicle crossing, paved driveway and low fence. Change of use from amenity land to garden land.” Decision 1. The appeal is dismissed. Procedural Matter 2. On 17th August 2026, the Government revised
6010430	2026-08-21	Planning	Dismissed	Leicester City Council		Y		change of use from factory (Class B2 General Industrial) to car repair workshop and MOT test centre (Sui Generis)
6010433	2026-08-28	Planning	Dismissed	City of York Council	CO2	Y		described as Installation of New BT Street Hub and Associated Display of Advertisement Panels to Both Sides of the Unit
6010434	2026-08-28	Commercial advertisement	Dismissed	City of York Council	CO2	Y		described as Installation of New BT Street Hub and Associated Display of Advertisement Panels to Both Sides of the Unit
6010437	2026-09-29	Planning	Allowed	Charnwood Borough Council	DM6	Y		
6010440	2026-09-24	Planning	Allowed	Northumberland County Council	DM6	Y		described as “reconfiguration of the existing golf course, change of use of the 7 northernmost golf holes to accommodate up to 180 additional new static caravans/lodges and creation of a new leisure hub building with ass
6010442	2026-09-14	Planning	Dismissed	Cornwall Council	S5 HO7 TR3	Y		a single Self Build property
6010443	2026-10-01	Commercial advertisement	Dismissed	Council of the London Borough of Hammersmith and Fulham	HE6	Y		Installation of a multifunctional Hub unit consisting of a free-standing structure featuring an integrated digital advertisement display screen on one side and emergency functionality including the provision of a defibri
6010445	2026-10-01	Planning	Dismissed	Council of the London Borough of Hammersmith and Fulham	HE6	Y		Installation of a multifunctional Hub unit consisting of a free-standing structure featuring an integrated digital advertisement display screen on one side and emergency functionality including the provision of a defibri
6010455	2026-09-14	Householder	Dismissed	Folkestone and Hythe District Council				the erection of a single storey detached outbuilding
6010456	2026-09-15	Householder	Dismissed	Dartford Borough Council	DP3	Y		described as ground floor rear extension to extend kitchen, build out three gables on the ground floor and create a new first floor with 5 bedrooms and then create 2 rooms in the loft for a cinema and games room. Convers
6010457	2026-09-02	Planning	Dismissed	Middlesbrough Council	P5 TR4	Y		the installation of 1 No. BT street hub and associated display of advertisement panels to both sides of the unit. Appeal B Ref: 6010458 Footpath Outside Aldi, 106A Newport Road, Middlesbrough TS1 5JF 
6010458	2026-09-02	Commercial advertisement	Dismissed	Middlesbrough Council	P5 TR4	Y		the installation of 1 No. BT street hub and associated display of advertisement panels to both sides of the unit. Appeal B Ref: 6010458 Footpath Outside Aldi, 106A Newport Road, Middlesbrough TS1 5JF 
6010459	2026-09-29	Planning	Allowed	Tonbridge and Malling Borough Council	GB8 HE6(4) HO7 GB2 S5 HC8 GB7 S5(5) S5(2)	Y		between 5 and 7 residential dwellings
6010460	2026-09-07	Planning	Allowed	Middlesbrough Council	TR6 TR4	Y		the installation of a new BT street hub unit and associated display of advertisement panels to both sides of the unit. Appeal B Ref: 6010461 Footpath Outside 2 Benson Street, Middlesbrough TS5 6JQ 
6010461	2026-09-07	Commercial advertisement	Allowed	Middlesbrough Council	TR6 TR4	Y		the installation of a new BT street hub unit and associated display of advertisement panels to both sides of the unit. Appeal B Ref: 6010461 Footpath Outside 2 Benson Street, Middlesbrough TS5 6JQ 
6010471	2026-09-21	Planning	Allowed	Cheshire East Council	TR3 GB8 GB2 TR3(2) S5(5) GB7 S5(2)	Y		described as: proposed development comprising up to 7 residential dwellings and associated works
6010492	2026-09-04	Planning	Allowed	Council of the London Borough of Barnet		Y		described as a first floor rear extension. This decision is issued in accordance with section 56(2) of the Planning and Compulsory Purchase Act 2004 as amended and supersedes that issued on 19 August 2026
6010496	2026-09-22	Householder	Dismissed	Council of the London Borough of Barking and Dagenham	DP3 HC1 HE7 S4 S3	Y		a part two-storey, part single-storey rear extension with a two-storey side extension, and alterations to the existing front fenestration
6010498	2026-09-28	Planning	Dismissed	Cornwall Council	S5 TR5 HE6(1) HE5(2) HE6(4) N4 S4 DP3(1)	Y		construction of a single dwellinghouse (minimum 1, maximum 1)
6010500	2026-08-19	Householder	Allowed	Council of the Royal Borough of Kensington and Chelsea		Y		described as the installation of a small rear dormer extension to existing loft room
6010501	2026-09-18	Planning	Dismissed	Council of the London Borough of Croydon	DM1 HO7 TR4 DP3 S4	Y		the erection of first floor rear extension, rear dormer extension and front dormer extension, and conversion of existing 2-bedroom maisonette into 2 self-contained flats comprising 1 x studio flat and 1 x 1-bedroom flat
6010507	2026-09-03	Planning	Dismissed	Council of the London Borough of Hackney		Y		joint first floor rear extension at Nos. 14 and 16
6010508	2026-09-29	Planning	Dismissed	Nottingham City Council	HO1 HO2 S4 HO7	Y	Y	
6010518	2026-09-14	Planning	Dismissed		DM5 S4 P3	Y		a single storey rear extension with new gable roof over to create a first floor bedroom
6010520	2026-09-15	Planning	Dismissed	Council of the London Borough of Hillingdon	GB7 S5 GB6 GB2 S3 P3	Y		described as “Retrospective change of use from - This application relates to three existing timber clad barns which were originally used as chicken sheds and for storage and the change of use of the sheds for use as a do
6010523	2026-08-21	Planning	Allowed	Cumberland Council		Y		to install a new ventilation system
6010525	2026-09-22	Householder	Dismissed	Guildford Borough Council	P2 GB7 GB6	Y		erection of detached oak framed garage/carport
6010529	2026-09-10	Planning	Dismissed	Council of the London Borough of Haringey	DM4	Y		change of use from C4 small HMO to 1No 1-bedroom flat and 1No 3- bedroom flat
6010535	2026-09-04	Householder	Dismissed	Elmbridge Borough Council	DM2 DP3(1)	Y		a two storey rear extension
6010537	2026-09-25	Planning	Allowed	South Staffordshire District Council	GB7 GB1 GB2 GB5 GB6 N6 S5	Y		permission in principle for residential development
6010542	2026-08-20	Planning	Dismissed	Peterborough City Council	S5	Y		Change of use of Agricultural Barn to B2/B8 use
6010548	2026-10-02	Planning	Allowed	North Lincolnshire Council				Prior Approval under Schedule 2, Part 17, Class B of the Town and Country Planning (General Permitted Development) (England) Order 2015 for the installation and operation of a mobile concrete batching plant
6010549	2026-09-23	Planning	Allowed			Y		the removal of the existing revolving doors and erection of a single storey glazed extension over the existing entrance steps, erection of handrail and new steps to the side over the existing forecourt facing Hammersmith
6010552	2026-09-18	Planning	Dismissed	Liverpool City Council		Y		an extension and a change of use of the upper floors from 2 apartments to a 7 bed house in multiple occupation (HMO)
6010555	2026-08-18	Householder	Dismissed	Mole Valley District Council • The application Ref is MO/202		Y		erection of part single storey front, side and rear extension with front entrance canopy and raised roof ridge height to create accommodation at first floor level with 3 No. dormer windows at front, 4 No. dormer windows 
6010557	2026-09-10	Planning	Dismissed	Leicester City Council	S4 L2 S3	Y	Y	1 dwelling with associated landscaping, parking and fencing
6010567	2026-08-24	Householder	Dismissed	Brentwood Borough Council	GB7 HE4 HE6 GB6	Y		
6010568	2026-09-16	Planning	Dismissed	Spelthorne Borough Council • The application Ref is 26/00172	P2	Y		the change of use from Class C4 House in Multiple Occupation (up to 6 residents) to Sui Generis House in Multiple Occupation for 8 residents
6010571	2026-08-20	Householder	Allowed	Barnet London Borough Council		Y		the erection of a single-storey side extension
6010578	2026-10-02	Planning	Allowed	Cheshire East Council	TR3 GB7 TR3(2) GB7(1)(h) F5(2)(b)(i) F5(2)(b)(ii) S5(5) S5(2)	Y		the erection of 5 dwellings
6010582	2026-09-24	Householder	Dismissed	Council of the London Borough of Barnet	DP3(1)	Y		double storey side extension to the dwelling house, 3.m2 front porch and single storey rear extension
6010597	2026-09-24	Householder	Allowed	Bath and North East Somerset Council		Y		the erection of a two storey side and rear extension
6010603	2026-09-08	Householder	Allowed	St Albans City & District Council	P3 GB7	Y		double storey side extension to replace existing single storey side extension, small rear infill extension, reconfiguration of ground and first floor to provide better layout
6010614	2026-09-24	Householder	Allowed	Canterbury City Council	HE6	Y		proposed outbuilding
6010616	2026-09-18	Planning	Dismissed		HO7 DM1 N2	Y		the erection of four dwellings, garages and associated works
6010617	2026-08-27	Planning	Dismissed	Southampton City Council	HE1 HE3	Y		described as “the installation of a multifunctional communication hub including defibrillator and advertisement display”. Appeal B Ref: 6010618 Pavement Outside 10 Bargate Street, Southampton SO14 2DA 
6010618	2026-08-27	Commercial advertisement	Dismissed	Southampton City Council	HE1 HE3	Y		described as “the installation of a multifunctional communication hub including defibrillator and advertisement display”. Appeal B Ref: 6010618 Pavement Outside 10 Bargate Street, Southampton SO14 2DA 
6010619	2026-09-11	Planning	Dismissed	Bournemouth Christchurch and Poole Council	L2 HE7 S4 DP3	Y		sever land and erect 1 No. 3 bedroom house with parking 
6010623	2026-08-17	Planning	Allowed	Liverpool City Council		Y		change of use from a single dwelling to two self-contained flats facilitated by a single storey rear extension and rear dormer
6010637	2026-09-24	Planning	Allowed	Arun District Council	DM2 S5	Y		permission in principle for a maximum net gain of 8 No dwellings
6010641	2026-09-04	Householder	Dismissed	Runnymede Borough Council	DP3(1)	Y		side first floor extension to create increased bedroom size
6010642	2026-09-28	Planning	Dismissed	Cheshire West and Chester Council	S5 S3 M6 HO7 TR3	Y		the construction of one self-build dwelling
6010644	2026-09-10	Planning	Allowed	Sunderland City Council		Y		change of use from planning use Class B8 (storage) to Class E(d) indoor sports facility (padel courts) with associated alterations to the door and window arrangements
6010645	2026-09-25	Planning listed building and conservation area	Dismissed	Harlow District Council	HE6(1) HE4(2) HE6(4)	Y		
6010649	2026-09-21	Planning	Dismissed	Somerset Council		Y		Application to determine if prior approval is required for a proposed: Change of Use of Agricultural Buildings to 7No. Dwellinghouses (Use Class C3) and associated building operations
6010652	2026-09-24	Planning	Allowed	Council of the London Borough of Hounslow	W4	Y		described as the change of use from Class E (commercial, business and service) to Class C3 (dwellinghouse)
6010661	2026-09-29	Planning	Dismissed	Council of the London Borough of Tower Hamlets	S4 CO1 E1 DP3 TR1 TR3 S3	Y		removal of two static advertised kiosks followed by the installation of a multifunctional communication hub including defibrillator and advertisement display, as illustrated in the attached documentation. Appeal B Ref: 6
6010662	2026-09-29	Commercial advertisement	Dismissed	Council of the London Borough of Tower Hamlets	S4 CO1 E1 DP3 TR1 TR3 S3	Y		removal of two static advertised kiosks followed by the installation of a multifunctional communication hub including defibrillator and advertisement display, as illustrated in the attached documentation. Appeal B Ref: 6
6010668	2026-09-14	Advertisement	Allowed		DP3 HE5 HE6 HE7 HE9	Y		
6010672	2026-09-15	Planning	Dismissed	City of Bradford Metropolitan District Council	TR2	Y		the construction of a front extension for retail use
6010682	2026-09-07	Planning	Dismissed	Fenland District Council	S5 F5 S5(4) S3 S5(1) S5(2)	Y		Change of use of land for domestic purposes, and the siting of a static caravan and erection of a shed (retrospective)
6010701	2026-09-07	Planning	Dismissed		S4 DP3(1) L2(1)(d) N2(1)(f) S4(2) S4(2)(a)(ii) S4(2)(c) DP3(3)	Y		3no. dwellings (including the reserved matter of ‘access’)
6010702	2026-09-21	Planning	Dismissed	Council of the London Borough of Harrow	HO2 TR6 S4 P3 DP3	Y		described as “single story rear extension; alterations to roof to form hipped roof and rear dormer to the existing house; single and two story side to rear extension to create new dwelling (1 x 3 beds); front porch; repl
6010706	2026-09-30	Planning	Allowed	Torridge District Council	TR3 DM3 DM6	Y		
6010708	2026-09-08	Planning	Allowed	East Hertfordshire District Council				
6010709	2026-09-25	Planning	Dismissed	Epping Forest District Council	GB7 DM4 GB6 GB2 E2	Y		Retrospective consent for storage of vehicles on land at No. 3 Nursery (Formerly known as Presdale Farm)
6010710	2026-09-29	Planning	Allowed	Croydon Council	DM1 TR6 TR3 DM6	Y	Y	
6010714	2026-09-09	Householder	Dismissed	Wyre Forest District Council	GB7 GB6	Y		‘two storey side extension, replacement single storey rear extensions and front garage and entrance canopy extension.’ Decision 1. The appeal is dismissed. Preliminary Matters 2. On 17 August 2026, a revised National Pla
6010727	2026-09-28	Planning	Dismissed		HE5	Y		alterations to existing detached garage building, including height increase and roof alterations to provide home office and storage space within the roof void, with 2no. dormers to the front elevation and 3no. conservati
6010729	2026-09-08	Planning	Dismissed	Cornwall Council	F7 S5 E4 TR3	Y		addition of shower block and 2 disused railway wagons, a shepherds hut and two caravans for holiday accommodation
6010730	2026-09-25	Planning	Allowed	Slough Borough Council	P1	Y		the change of use from 5 bed (6 person) House in Multiple Occupation (Use Class C4) to 9 bed (9 person) House in Multiple Occupation (Sui Generis Use) Decision 1. The appeal is allowed and planning permission is granted 
6010735	2026-08-19	Householder	Dismissed	Elmbridge Borough Council	DM2	Y		described as brickwork front boundary wall. Brickwork piers with coping stone on top of piers. Metalwork decorative railings between brickwork piers. Pair of decorative vehicular entrance gates
6010739	2026-09-03	Planning	Allowed	County of Herefordshire District Council	HC6 S4 L2(1)(b) HO7 HO9(1)(a)(i) P3 DM6	Y		demolition of existing Church. Erection of 52 Bed care facility on three floors with ancillary areas and parking
6010746	2026-10-02	Planning	Dismissed	Epping Forest District Council	DM4 GB7 HE6 HE5 DM7 DM9	Y		Demolition the existing house and garage and erection a new single 
6010751	2026-08-25	Planning	Dismissed	Cheshire East Council	F5 F6	Y	Y	an agricultural barn to support agricultural use of the site
6010755	2026-09-28	Planning	Dismissed	Leeds City Council	P3	Y		an outdoor TV screen
6010756	2026-09-16	Planning	Dismissed	Dorset Council		Y		
6010758	2026-09-07	Planning	Dismissed	Sefton Metropolitan Borough Council		Y		
6010763	2026-09-07	Planning	Dismissed	East Staffordshire Borough Council	DP1 E2 E4 S5	Y		an agricultural building
6010764	2026-09-17	Planning	Allowed	North East Derbyshire District Council	N2	Y		a change of use of agricultural land to domestic garden (Class C3 residential curtilage)
6010765	2026-09-17	Planning	Dismissed	Wealden District Council	S4 HE4 HE6	Y		construction of a new replacement shopfront to include a roller shutter. Appeal B: 6010767 8 High Street, Mayfield TN20 6AA 
6010766	2026-09-25	Planning listed building and conservation area	Allowed	Huntingdonshire District Council	HE6 HE9	Y		the demolition of existing outbuilding, single storey rear extension to existing dwelling and single storey tractor/car 3 bay open barn. Appeal B Ref: 6010766 15 High Street, Alconbury Weston, Cambridgeshire PE28 4JP 
6010767	2026-09-17	Planning listed building and conservation area	Dismissed	Wealden District Council	S4 HE4 HE6	Y		construction of a new replacement shopfront to include a roller shutter. Appeal B: 6010767 8 High Street, Mayfield TN20 6AA 
6010772	2026-09-22	Planning	Dismissed	Runnymede Borough Council • The application Ref is RU		Y		the subdivision of existing bungalow to form 2 x semi detached dwellings following alterations and extension to the roof, front and side extensions and formation of a dropped kerb
6010783	2026-09-09	Planning	Dismissed	Leicester City Council	F1 S4 HE6 DM6	Y		the change of use of property from offices (Class F1) to offices (Class E) and rear dormer to the property
6010787	2026-09-01	Planning	Allowed	Leeds City Council	TR8	Y		change of use of land to domestic garden and erection of fencing to rear
6010791	2026-09-03	Householder	Allowed	Council of the London Borough of Hackney	HC1 HE9	Y		erection of a side and a rear roof extension and insertion of roof lights to the front roof slope
6010795	2026-09-29	Householder	Dismissed	Leeds City Council		Y		raising the roof height forming a new floor, dormer window to rear with juliette balcony and roof light to front
6010807	2026-08-28	Planning	Dismissed	North Yorkshire Council		Y		described as Erection of a Barn Including Stables, Hard Standing and Landscaping Decision 1. The appeal is dismissed. Procedural Matters 2. Since the determination of the application the National Planning Policy Framewor
6010808	2026-09-03	Planning	Allowed	Council of the London Borough of Bromley	DM6	Y		the installation of new BT Street Hub and associated display of advertisement panels to both sides of the unit. Appeal B - Ref: 6010810 Footpath outside 1a Colman House, High Street, Penge SE20 7EX 
6010810	2026-09-03	Commercial advertisement	Allowed	Council of the London Borough of Bromley	DM6	Y		the installation of new BT Street Hub and associated display of advertisement panels to both sides of the unit. Appeal B - Ref: 6010810 Footpath outside 1a Colman House, High Street, Penge SE20 7EX 
6010811	2026-09-25	Planning	Dismissed	Council of the London Borough of Bromley	HE6 P5 HC1 S4 S4(2) CO1 HE6(3)	Y		installation of 1no. BT Street Hub Unit and associated advertisement panels to either side of the unit. Appeal B Ref: 6010812 Footpath outside 100 High Street, Bromley BR1 1EY 
6010812	2026-09-25	Commercial advertisement	Dismissed	Council of the London Borough of Bromley	HE6 P5 HC1 S4 S4(2) CO1 HE6(3)	Y		installation of 1no. BT Street Hub Unit and associated advertisement panels to either side of the unit. Appeal B Ref: 6010812 Footpath outside 100 High Street, Bromley BR1 1EY 
6010814	2026-08-25	Planning	Allowed	Council of the London Borough of Bromley	HC1	Y		the installation of 1No BT Street Hub unit and associated advertisement panels on either side of the unit. Appeal B: Ref 6010816 Footpath outside 171-173 High Street, Beckenham BR3 1AH 
6010816	2026-08-25	Commercial advertisement	Allowed	Council of the London Borough of Bromley	HC1	Y		the installation of 1No BT Street Hub unit and associated advertisement panels on either side of the unit. Appeal B: Ref 6010816 Footpath outside 171-173 High Street, Beckenham BR3 1AH 
6010817	2026-09-17	Householder	Dismissed	Council of the London Borough of Harrow				the conversion of garage to habitable room, replace garage door with window in front elevation
6010818	2026-08-25	Planning	Dismissed	Council of the London Borough of Bromley	S4	Y		installation of 1No BT Street Hub unit and associated advertisement panels on either side of the unit. Appeal B Ref: 6010823 Footpath outside 60 High Street, West Wickham BR4 0NH 
6010819	2026-09-02	Householder	Dismissed	City of Bradford Metropolitan District Council		Y		a garage and garden room
6010822	2026-09-04	Planning	Dismissed	Council of the London Borough of Lewisham	HO7 DP3 L3 HO2 HO9 N2 TR4 P2 S3 S4	Y		the construction of a four-storey building to provide 9 student accommodation bedrooms (Use Class Sui Generis), together with the provision of cycle and refuse storage on land adjacent to 115 Loampit Vale SE13
6010823	2026-08-25	Commercial advertisement	Dismissed	Council of the London Borough of Bromley	S4	Y		installation of 1No BT Street Hub unit and associated advertisement panels on either side of the unit. Appeal B Ref: 6010823 Footpath outside 60 High Street, West Wickham BR4 0NH 
6010825	2026-09-11	Planning listed building and conservation area	Dismissed	Calderdale Metropolitan Borough Council	HE6 HE4 HE1	Y		
6010826	2026-09-22	Planning	Dismissed	West Northamptonshire Council	S4 S5 S3 DP3	Y		new dwelling
6010828	2026-09-07	Planning	Dismissed	Bedford Borough Council	HO9 HO7	Y		change of use from C3 to C2 (parents’ home)
6010832	2026-09-03	Planning	Dismissed	Council of the London Borough of Bexley		Y		Conversion of roof space including hip-to-gable enlargement, rear dormer extension and rooflights to front roof slope and change of use from Dwelling House (Class C3) to Larger House of Multiple Occupation (Sui Generis) 
6010834	2026-09-18	Planning	Dismissed	Dorset Council	S5 S3	Y		erection of self-build single storey dwelling with associated parking and amenity space
6010836	2026-09-15	Planning	Dismissed	Cornwall Council	DP3 L2 TR7 P3 S4 HO7 E2 TC2	Y		proposed demolition of commercial building and construction of mixed use building, consisting of new offices, 9 No residential units, parking, 2 new vehicular accesses
6010837	2026-09-14	Commercial advertisement	Allowed	Council of the London Borough of Lambeth	S3 S4 TR6 TR4 DM6	Y		removal of an existing InLink Unit, and the deployment of a replacement Street Hub 3 unit. Appeal B Ref: 6010837 Denmark Hill, Outside No. 124, London SE5 8RX 
6010838	2026-09-14	Planning	Allowed	Council of the London Borough of Lambeth	S3 S4 TR6 TR4 DM6	Y		removal of an existing InLink Unit, and the deployment of a replacement Street Hub 3 unit. Appeal B Ref: 6010837 Denmark Hill, Outside No. 124, London SE5 8RX 
6010839	2026-08-25	Planning	Allowed	Council of the London Borough of Barnet		Y		the change of use of the property from a single family dwelling (Class C3) to a 5-bed House in Multiple Occupation (Class C4) for up to 6 people
6010842	2026-10-02	Householder	Dismissed	Council of the London Borough of Barnet	HE6(3) HE6(4) HC1	Y		a single storey rear extension with 1no. rooflight. Roof extension involving rear dormer window and 2no. front facing rooflights
6010843	2026-09-18	Householder	Dismissed	Tendring District Council				single storey and two storey rear extensions
6010844	2026-09-04	Planning	Dismissed	Council of the London Borough of Camden		Y	Y	installation of new BT Street Hub and associated display of advertisement panels on either side of the unit. Appeal B Ref: 6010845 Footpath outside of 366 Gray’s Inn Road, London WC1X 8BE 
6010845	2026-09-04	Commercial advertisement	Dismissed	Council of the London Borough of Camden		Y	Y	installation of new BT Street Hub and associated display of advertisement panels on either side of the unit. Appeal B Ref: 6010845 Footpath outside of 366 Gray’s Inn Road, London WC1X 8BE 
6010846	2026-09-10	Planning	Dismissed	Council of the London Borough of Camden	HE6	Y		Installation of 1 No. BT Street Hub Unit and Associated Advertisement Panels on either Side of the Unit. Appeal B Ref: 6010847 Footpath outside 141 Camden High Street, London, NW1 7JR 
6010847	2026-09-10	Commercial advertisement	Dismissed	Council of the London Borough of Camden	HE6	Y		Installation of 1 No. BT Street Hub Unit and Associated Advertisement Panels on either Side of the Unit. Appeal B Ref: 6010847 Footpath outside 141 Camden High Street, London, NW1 7JR 
6010848	2026-09-18	Planning	Dismissed	Buckinghamshire Council	S3 S2 S1 N6 TR3 HO7 S6	Y		the erection of new dwelling and detached double garage
6010851	2026-08-17	Planning	Allowed	London Borough of Redbridge Council		Y		a change of use from a dwellinghouse to a small house in multiple occupation for up to six people, along with provision of refuse/recycling to front garden area and bicycle storage facilities within the rear garden
6010859	2026-08-17	Householder	Allowed	Bromsgrove District Council		Y		the enlargement of an existing approved garage (under 22/01089/FUL)
6010861	2026-09-02	Planning	Allowed	Basildon Borough Council	HO1 HO7 HO9 DM6	Y		change of use from a residential dwelling (Use Class C3) to a children’s home (Use Class C2) for up to two children between the ages of 10-17 years
6010864	2026-08-25	Planning	Dismissed	Council of the London Borough of Wandsworth	S4	Y		the installation of 1No BT Street Hub Unit and associated advertisement panels on either side of the unit. Appeal B: Ref 6011686 Section of footpath adjacent to 85 Upper Richmond Rd, London, SW15 2FU 
6010865	2026-09-03	Planning	Dismissed	Cannock Chase District Council		Y		
6010866	2026-09-03	Commercial advertisement	Dismissed	Cannock Chase District Council		Y		
6010877	2026-09-11	Planning	Allowed	North Northamptonshire Council	DM8 S3 S4 DM6 E2	Y		described as: Retrospective application for the erection of light industrial and storage business unit
6010883	2026-09-18	Planning	Dismissed	Council of the London Borough of Croydon	P3 DM10 HC5	Y		
6010890	2026-08-21	Planning	Allowed	Council of the London Borough of Ealing		Y		the construction of a single storey side/rear extension following the demolition of an existing garden shed
6010896	2026-09-03	Planning	Allowed	Council of the London Borough of Bromley		Y		First floor rear extension and roof mounted condenser units
6010898	2026-09-18	Householder	Dismissed	Hyndburn Borough Council	HE7 DM10	Y		side single storey extension, internal works, addition of a new stone portico, insulation of new doors and new opening created in garden wall with new stairs
6010903	2026-08-19	Planning	Allowed	Barnet London Borough Council	N3 M4(2)	Y		the demolition of existing car repair garage and construction of a two- storey building plus rooms in the roof space and lower ground floor to provide 9 No self-contained residential units with associated amenity space, 
6010904	2026-09-18	Householder	Allowed	Braintree District Council				a detached two-storey garage, home office and storage ancillary to principal dwelling
6010905	2026-09-17	Planning	Dismissed	Shropshire Council	DP3 S4(2)(c) S4	Y		erection of a garden fence
6010908	2026-09-24	Planning	Allowed	Southend-on-Sea City Council	DM8 DM1 DM3 HO9	Y		to change the use of a dwellinghouse C3 to an 8-bed Sui generis HMO, erection of a flat roof dormer, insertion of three front rooflights, removal of the chimney, and refuse and cycle storage on site
6010909	2026-09-21	Planning	Allowed	Gloucester City Council	S4 HO7 S3	Y		change of use from a home for supported living to a residential children’s home
6010911	2026-09-25	Planning	Dismissed	South Kesteven District Council	S5 S4 S3 HO7	Y		erection of dwellinghouse
6010912	2026-08-27	Planning	Allowed	Birmingham City Council	DP3 TR6	Y	Y	
6010917	2026-09-14	Householder	Allowed	Royal Borough of Windsor & Maidenhead	DM6	Y		for a part two storey, part first floor side/rear extension, first floor rear extension, part garage conversion and alterations to fenestration
6010929	2026-09-09	Planning	Allowed	Central Bedfordshire Council	HO9	Y		the change of use from a 3 bed dwelling (C3a) to a one bed children’s care home (C2 residential institution)
6010933	2026-10-02	Planning	Allowed	Tendring District Council	HE4 HE5 DP3(1) DP3(2) TR3 TR4 E2 L2(1)(b) DM6(2)(c)	Y		originally described as “Minor changes to appearance of timber cabin as approved. Proposed change of use to timber cabin to include workshop/studio use”
6010934	2026-09-30	Planning	Dismissed	Rutland County Council	DP3 HO11 S5 TR6 N2 HE5 HO7	Y		a Paragraph 84 dwelling, including a solar array and hard/soft landscaping
6010944	2026-09-23	Planning	Dismissed	Eastbourne Borough Council	TR2 TR6	Y	Y	change of use from C1 Guest House to C4 House in Multiple Occupation
6010946	2026-09-17	Planning	Dismissed	Nottingham City Council	HO6 HO1 HO2 S4 S3 HO7 HO9 TR3	Y		
6010951	2026-10-01	Planning	Dismissed	Uttlesford District Council	F5 S4 F4 F7	Y		described as the erection of one self-build dwelling with cartlodge, altered vehicle access and associated landscaping
6010956	2026-09-03	Householder	Dismissed	Council of the London Borough of Ealing	S4 W4 HE6 HC1	Y		a replacement of two single-glazed timber windows on ground floor and first floor front elevation with timber like-to-like double glazed casement windows
6010965	2026-09-09	Householder	Allowed	Council of the London Borough of Havering	HC1	Y		extension to front of existing garage, conversion of garage and link to garage
6010971	2026-08-24	Householder	Dismissed	Colchester City Council		Y		loft conversion with rear dormer and front velux windows
6010972	2026-08-17	Planning	Allowed	Council of the London Borough of Hackney	S1	Y		change of use of the basement and part of the ground floor from a youth club (Sui Generis) to a drinking establishment with expanded food provision (Use Class Sui Generis) and installation of a kitchen extract system
6010973	2026-09-11	Planning	Allowed	Malvern Hills District Council	S5 P2 HO5 HO7 TR3 S3	Y		for a new detached dwelling with associated landscaping
6010975	2026-08-26	Planning	Dismissed	Cornwall Council		Y		change of use (and associated building operations) of part of an agricultural building to form a single dwelling
6010980	2026-09-10	Planning	Dismissed	Council of the London Borough of Islington	N5	Y		
6010984	2026-08-26	Householder	Dismissed	East Riding of Yorkshire Council	S4	Y		a single storey rear extension
6010986	2026-08-19	Planning	Dismissed	East Staffordshire Borough Council	HE3 HE2	Y		for the subdivision of planning unit and change of use of garage and outbuilding to form separate dwelling
6010987	2026-09-15	Planning	Dismissed	Ashford Borough Council		Y		the construction and operation of a micro energy storage project
6010993	2026-08-27	Planning	Dismissed			Y		the erection of detached garage and garden room
6011000	2026-09-08	Householder	Dismissed	Huntingdonshire District Council		Y		a detached double garage (part retrospective)
6011008	2026-09-25	Planning	Dismissed	Calderdale Metropolitan Borough Council	GB7 HE6 S5 HE4 HE1 S3	Y		demolition of conservatory, construction of two-storey side extension, and associated works. Appeal B Ref: 6011013 8 Shepherd House, Shepherd House Farm, Halifax Lane, Luddenden, Halifax, Calderdale HX2 6DB 
6011009	2026-09-30	Householder	Dismissed	London Borough of Tower Hamlets	HE6 HE7 E3 HC1	Y		a mansard roof to be constructed on the existing flat roof to provide an additional bedroom, bathroom, and playroom
6011013	2026-09-25	Planning listed building and conservation area	Dismissed	Calderdale Metropolitan Borough Council	GB7 HE6 S5 HE4 HE1 S3	Y		demolition of conservatory, construction of two-storey side extension, and associated works. Appeal B Ref: 6011013 8 Shepherd House, Shepherd House Farm, Halifax Lane, Luddenden, Halifax, Calderdale HX2 6DB 
6011023	2026-08-24	Planning	Dismissed			Y		change of use from dwellinghouse (C3) to 5-person house in multiple occupancy (C4) with erection of rear-facing dormer extension and single storey infill extension
6011027	2026-09-04	Planning	Dismissed	High Peak Borough Council		Y		single storey extension to residential care home
6011037	2026-09-24	Planning	Dismissed	Burnley Borough Council	L2 DP3 HE6 HE7 HE2 HE3 HE9 HE4 S4	Y		Erection of new detached dwelling
6011039	2026-09-07	Planning	Dismissed	Rotherham Metropolitan Borough Council	TR6 E3	Y		the change of use of a building from B2 (General Industrial) to E(c)iii (other appropriate services in a commercial business or service locality)
6011040	2026-09-17	Planning	Allowed	Southend-on-Sea City Council	DM1 DM3 M4(2) DM6 DM2	Y		to construct new build 3 bedroom 5 person dwelling house
6011045	2026-09-01	Planning	Dismissed	Cumberland Council	S5 S3 S4 HO11	Y		two storey replacement dwelling and associated new access and planting, extension of garden into adjacent paddock, and installation of solar panels and associated alterations to adjacent Storage Barn building
6011050	2026-09-28	Planning listed building and conservation area	Dismissed	Royal Borough of Greenwich	HE5(2) HE6(4) HE6(1) HE6(3) HC1	Y		construction of a first and second floor side extension and associated demolition works, external repair works, replacement of existing rear lower ground floor door, landscaping works to increase lower ground floor rear 
6011052	2026-09-16	Planning	Dismissed	Middlesbrough Council	DP3 TR6 HO9	Y		
6011053	2026-09-22	Householder	Dismissed					a single storey rear extension
6011055	2026-09-22	Planning	Dismissed	City of York Council	HC6 S4 S4(2)(a)(i)	Y		the change of use of ground floor from public house (sui generis) to cafe (Class E)
6011059	2026-09-07	Planning	Dismissed	Sheffield City Council	TR6	Y		the use of a dwelling house (Use class C3) as a nursery/family centre (Use class E (f) and the erection of a single storey side extension and canopy to the front
6011060	2026-10-02	Planning	Dismissed	Wokingham Borough Council	CO2	Y		Installation of replacement electronic communications apparatus comprising slimline lattice mast, 3 no. aerials, 2 no. transmission dishes, 1 no. GPS aerial, radio equipment housing and development ancillary to radio equ
6011062	2026-10-01	Planning	Dismissed	Wokingham Borough Council	DP3 HE6 S5 P3 HE4 HE5 HE7 HE9 S5(2)	Y		Part demolition of existing building and replacement with a three- storey extension to provide extra-care units (Use Class C2), with associated soft and hard landscaping works; provision of additional vehicle parking, bi
6011065	2026-08-24	Householder	Dismissed	North East Derbyshire District Council	GB7 GB2 GB6	Y		an extension over existing garage with balcony to rear
6011066	2026-09-29	Householder	Allowed in part	Cheshire East Council	DP3	Y		addition of a single storey room to side of the house and extension of usable/liveable space upstairs to make use of wasted space created by the sloped roof
6011071	2026-09-10	Planning	Dismissed	Council of the London Borough of Islington	HE6 HE7 HC1	Y		
6011077	2026-09-04	Householder	Allowed	West Northamptonshire Council		Y		
6011079	2026-09-10	Planning	Dismissed	Mid Sussex District Council	HO12 F7 F4 S5 TR4 HO7 S5(4)	Y		described as ‘full application for a proposed 5 pitch settled Gypsy accommodation site including vehicular access permitted under DM/20/1277; revised application dealing with residual ecology and arboricultural matters f
6011081	2026-10-02	Planning	Dismissed	Council of the London Borough of Newham	DP3 P3 S4 S3	Y		demolition of the existing single-storey rear structure and erection of a two-storey building, comprising ancillary ground floor waiting area to the existing hand car wash (Sui Generis) and the creation of two self-conta
6011087	2026-09-18	Householder	Dismissed	Dartford Borough Council		Y		Erection of two-storey front, rear and flanking side extensions, with a Juliette balcony to the rear, a garage conversion, external façade alterations and roof lights. Raising of roof height and re-structuring to create 
6011088	2026-09-11	Planning	Dismissed	Birmingham City Council	S4 DP3 DM2 S3 HO7 HO1	Y		the change of use of an existing dwellinghouse (Use Class C3) to a small House in Multiple Occupation (Use Class C4)
6011093	2026-09-23	Planning	Allowed	South Derbyshire District Council	S4	Y		erection of 10 no. dwellings
6011095	2026-09-18	Planning	Dismissed	Cherwell District Council		Y		detailed on the Council’s Decision Notice as ‘RETROSPECTIVE - Retention and re-location of an existing storage container, which is to be timber clad, and retention of existing permeable hardstanding.’ Decision 1. The app
6011097	2026-09-18	Planning	Allowed	Bromsgrove District Council	TR3 TR4 TR6	Y		described as on the Application Form as the ‘Proposed demolition of existing buildings on site and development of 3 new dwellinghouses.’ Decision 1. The appeal is allowed and planning permission is granted for the Propos
6011100	2026-09-23	Planning	Dismissed	Buckinghamshire Council		Y		a 4.6m drop kerb
6011101	2026-09-11	Planning	Dismissed	Gosport Borough Council	S4 S3 E2 TR6	Y		change of use from former gas holder land (sui generis) to open storage (Class B8)
6011103	2026-09-07	Planning	Allowed	Staffordshire Moorlands District Council	GB7 GB2 TR3 S5 S6	Y		construction of up to 9 dwellings
6011106	2026-09-11	Planning	Dismissed	Tandridge District Council	GB7(1)	Y		alterations to existing single storey side roof with new pitched roof over along with conversion of garage into at home hair salon with internal alterations and changes to windows and doors as well as new front porch
6011109	2026-09-07	Householder	Allowed	Hart District Council	HE6(4)	Y		the installation of a new external soil and vent pipe
6011111	2026-09-04	Householder	Allowed	Bournemouth Christchurch and Poole Council		Y		
6011115	2026-09-25	Householder	Dismissed	South Cambridgeshire District Council	S5	Y		a change of boundary treatment from post and rail fence on west and south side to 1.8m close board fence to match that of the existing fence on the north and east. Entrance gate changed from post and rail to 1.8m to matc
6011125	2026-09-07	Commercial advertisement	Dismissed	Gateshead Metropolitan Borough Council		Y		
6011131	2026-09-29	Planning	Dismissed	Dorset Council	S4 DP3 S3	Y		sever plot and erect 1no. dwelling
6011133	2026-09-08	Householder	Dismissed	Council of the London Borough of Barnet	DP3	Y		the erection of a loft conversion with rear dormer and 3no. front and 1no. rear facing rooflight
6011137	2026-09-02	Planning	Dismissed	Basildon Borough Council	DP3 S4 L2 L3	Y		a cabin of 5.5m x 4m at the back of the church property, to be used as an additional classroom and children/youth recreational facility
6011143	2026-09-28	Householder	Dismissed	City of Wolverhampton Council	S4 S4(1)	Y		roof alterations, loft conversion and single storey extension with loft rooms
6011147	2026-09-30	Planning	Dismissed	Cornwall Council		Y		conversion of barns to dwelling
6011148	2026-09-17	Planning	Allowed	Solihull Metropolitan Borough Council	S4 L2 S3	Y		permission in principle for the erection of one dwelling
6011150	2026-09-17	Planning	Dismissed	Shropshire Council	S5(1) S5(1)(j) S5(4) DP3(3) DP3(1) S5	Y		described as “application for permission in principle for the development of between seven and eight dwellings on land off Welshpool Road and adjacent to Southerly, Chavel, Ford, Shropshire”
6011154	2026-09-02	Householder	Dismissed	Tendring District Council	DP3 P3	Y		various works including extension to outbuilding, extension to home, hardstanding, drainage and swimming pool
6011155	2026-09-08	Householder	Allowed	Burnley Borough Council	HE7 HE5 HE6 HE9 HE2 HE3	Y		wooden garden shed in South-East corner of the garden
6011181	2026-08-19	Householder	Allowed	Council of the London Borough of Croydon	DM10	Y		demolition of chimney stack, erection of part one, part two storey front/side/rear extension and associated alterations
6011192	2026-09-24	Planning	Allowed		N4 GB7 TR1	Y		the erection of a stables block
6011198	2026-09-29	Householder	Dismissed	North Tyneside Council	DM6 HE6 S6	Y		Replacement of windows
6011206	2026-08-17	Planning	Dismissed	County of Herefordshire District Council		Y		described as “general purpose agricultural building for storage of feeds and machinery. The housing of livestock in the event of an emergency”
6011209	2026-09-07	Planning	Dismissed	Stafford Borough Council	S5 S3 TR6	Y		change of use to dog walking field and associated works
6011212	2026-08-28	Householder	Allowed	Hartlepool Borough Council		Y		part retrospective application for the erection of a raised decked area together with an associated enclosure to the rear of the property
6011217	2026-09-23	Planning	Allowed	South Derbyshire District Council	DP1 P1 P2 S3 S5(1)(d) HO7 S5 HO1	Y		permission in principle for the erection of a self-build dwelling
6011219	2026-10-01	Planning	Dismissed	Council of the London Borough of Richmond Upon Thames		Y		installation of a timber decking system for the proposed external permanent seating area
6011224	2026-09-09	Planning	Allowed	South Oxfordshire District Council	L2(1)(ii) HO1 HO8	Y		construction of new self-build two bedroom, 1.5 storey detached house with two off-street parking spaces, bike and bin stores and private amenity space
6011227	2026-09-25	Planning	Dismissed	South Kesteven District Council	S4 S5 HE6 S3 DP3	Y		residential development (outline)
6011231	2026-09-15	Planning	Allowed	West Lancashire Borough Council	S5(3) S5(2) HO11(1) HO11 DM6(4) DM6(1) S5 TR3 HO7 L2(1)	Y		change of use of 'Barn A' to dwelling and 'Barn B' to ancillary garage
6011235	2026-09-23	Planning	Dismissed	Fenland District Council	S5 S3 F5 F6 TR3 DP3	Y		described as ‘demolition of existing barn and erection of 1 new self-build bungalow to be used as part of the equine facility on site’
6011248	2026-09-03	Householder	Dismissed	Council of the London Borough of Redbridge		Y		erection of first floor side and rear extension
6011250	2026-09-04	Householder	Dismissed	Rutland County Council		Y		
6011253	2026-09-14	Planning	Allowed	Bedford Borough Council	N2 S5 TR3 F5 F7	Y		a residential development, comprising a minimum of 1 and a maximum of 9 self-build/custom dwellings
6011256	2026-09-14	Planning	Dismissed	King's Lynn and West Norfolk Borough Council	TR6 TR3 S3 S5 E2	Y		for the change of use of an agricultural barn to a commercial use for the repair, sale and storage of camper vans and caravans
6011274	2026-08-24	Planning	Allowed	Chesterfield Borough Council	DM6	Y		
6011283	2026-09-23	Householder	Allowed	Broadland District Council	S4 L2 HE6 P3	Y		described as ‘roof replacement to create first floor for additional bedrooms’
6011290	2026-09-23	Planning	Allowed	Darlington Borough Council		Y		
6011295	2026-08-17	Householder	Dismissed	Council of the London Borough of Bromley		Y	Y	erection of first floor rear extension and raising of height of existing first floor rear extension
6011301	2026-09-10	Planning	Allowed	Bromsgrove District Council	TR3 GB7(1)(g) S5 GB7 GB2 TR4 S5(2)	Y		‘erection of between 3no. and 5no. bungalows and houses.’ Decision 1. The appeal is allowed and permission in principle is granted for the erection of between 3no. and 5no. bungalows and houses at Land at Doctors Hill, B
6011302	2026-10-02	Planning	Dismissed	Nottingham City Council	S4 P4 S3 E2 P3	Y		
6011314	2026-09-14	Planning listed building and conservation area	Dismissed	Herefordshire Council	HE6 HE4 S3(1) S5	Y		Internal and external alterations including single storey extension. Appeal B Ref: 6011314 Hill House Farm, Bosbury, Ledbury, HR8 1JU 
6011319	2026-09-14	Householder	Dismissed	Herefordshire Council	HE6 HE4 S3(1) S5	Y		Internal and external alterations including single storey extension. Appeal B Ref: 6011314 Hill House Farm, Bosbury, Ledbury, HR8 1JU 
6011321	2026-10-01	Planning	Dismissed	Leeds City Council	TR6 DP3 S4	Y		a retrospective application: car park layout at Ash Court and storage unit rear of Cross Hills
6011324	2026-09-28	Planning	Dismissed	Council of the London Borough of Waltham Forest				the construction of a two storey dwellinghouse (1 bedroom) (Use class C3) including landscaping and ancillary refuse and cycle storage
6011330	2026-09-15	Planning	Dismissed	North East Derbyshire District Council	GB6 GB7 GB2 HO7	Y		demolition of existing equestrian buildings and replacement with a new dwelling with matters of appearance, scale and layout (custom and self-build scheme) Decision 1. The appeal is dismissed. Preliminary Matters 2. A ne
6011337	2026-10-01	Planning	Dismissed	West Lindsey District Council	S4 S1 M4(2) M4(3) S4(3) S4(2) HO1 HO5 S5 S5(4) TR3 HO7 HO9 L3(4)	Y		three over 55's detached dwellings
6011342	2026-09-29	Commercial advertisement	Allowed	Council of the London Borough of Barking & Dagenham				
6011344	2026-09-22	Householder	Dismissed	North Lincolnshire Council	HO7 DP3(1) DP3(3) S4(1)	Y		a stand alone single story building in rear garden to provide annex
6011347	2026-09-11	Planning	Allowed	East Staffordshire Borough Council		Y		the erection of security fence and gates
6011351	2026-09-25	Planning	Allowed	City of York Council				the change of use of dwellinghouse (Use Class C3) to a mixed-use of dwellinghouse (Use Class C3) and short-term holiday let (Sui Generis)
6011352	2026-09-08	Householder	Dismissed	Peterborough City Council		Y		a two storey side and rear and single storey rear extension
6011358	2026-09-30	Householder	Dismissed	Council of the London Borough of Haringey	DM1 DP3	Y		the erection of a side and rear extension including enlargement of the existing rear extension; loft conversion with rear roof extension and rooflights
6011362	2026-09-25	Householder	Allowed	Huntingdonshire District Council	HE6 HE9	Y		the demolition of existing outbuilding, single storey rear extension to existing dwelling and single storey tractor/car 3 bay open barn. Appeal B Ref: 6010766 15 High Street, Alconbury Weston, Cambridgeshire PE28 4JP 
6011365	2026-10-02	Planning	Dismissed	South Cambridgeshire District Council	S5 DP3 HO7 N2	Y		up to seven self/custom-build dwellings
6011369	2026-08-17	Householder	Dismissed	City of Doncaster Council		Y		the increase in height of boundary wall with a maximum height of 2m (Retrospective)
6011372	2026-08-28	Householder	Dismissed	Redcar and Cleveland Borough Council		Y		described as hip to gable loft conversion including rear dormer extension with Juliet balcony
6011373	2026-09-07	Planning	Dismissed	Ashfield District Council	S4 DP3	Y	Y	construction of new dormer bungalow
6011375	2026-09-18	Planning	Dismissed	Council of the London Borough of Waltham Forest	TR6 S4	Y		Land to r/o 34-40 Hillcrest Road for construction of single storey building to facilitate the provision of a self-contained dwelling (bungalow) including the provision of bicycle / bin storage, rear garden and associated
6011377	2026-08-17	Householder	Dismissed	Sefton Council		Y		
6011381	2026-09-16	Planning	Allowed	Council of the London Borough of Newham	S1 HO1 P3 DP3	Y		the change of use of existing dwellinghouse (C3 use) to children's home for 3. no children (C2 use). Conversion and extension of existing attached garage to create a separate planning unit consisting of an additional chi
6011384	2026-09-16	Householder	Dismissed	Babergh District Council		Y		described in the application as a rear two-storey extension, ground floor to have kitchen, utility, w/c and dining room, while first floor has new bedrooms and an ensuite
6011387	2026-09-01	Commercial advertisement	Dismissed	City of Westminster Council				
6011388	2026-09-03	Planning	Allowed	Council of the London Borough of Bromley		Y		Change of use to form an 8 bedroom HMO (Sui-Generis), with additional hardstanding to rear and provision of cycle and refuse storage
6011395	2026-09-25	Householder	Dismissed	Dacorum Borough Council	HE6 HE7	Y		for the demolition of existing attached outbuilding and replacement with single storey extension. Demolition of two storey wall and replacement with glazing. Installation of patio doors
6011398	2026-09-07	Householder	Allowed	Leeds City Council	DM6	Y		first floor side and rear extension
6011401	2026-09-14	Planning	Dismissed	Sunderland City Council		Y		change of use from dwelling house (C3) to children's home (C2)
6011410	2026-09-25	Planning	Allowed	Coventry City Council	TR3 GB7 GB7(1)(g) GB1 GB6 GB2	Y		Stage 1 Permission in Principle: erection of a single dwelling
6011417	2026-09-04	Householder	Allowed	Council of the London Borough of Barnet		Y		described as part single storey, first floor rear extension with pitched roof following the reduction in depth of the existing rear extension. Roof extension with 1no. rear dormer windows and 1no. front facing rooflight.
6011421	2026-09-21	Planning	Dismissed	High Peak Borough Council	DP3 L2(1)(d)(ii) S1 S4 L3 L2(1)(d) L2(1)(d)(i)	Y		proposed detached dwelling
6011422	2026-09-17	Householder	Dismissed	Nottingham City Council		Y		described as “Remove hedge and existing fence and replace with a new fence around the boundary. We plan to do this for security and to stop people walking onto our property as well as improve the appearance of the local 
6011423	2026-10-02	Householder	Dismissed	Cheshire West and Chester Council	S5 DP3 DM3 S3	Y		new single storey pitch roof garage
6011424	2026-09-04	Householder	Dismissed	Council of the London Borough of Barnet		Y		a single storey side infill extension and single storey rear extension following demolition of existing outbuilding and greenhouse. Single storey front extension
6011428	2026-09-07	Commercial advertisement	Allowed	Newcastle upon Tyne City Council	HE6	Y		
6011431	2026-09-23	Planning	Dismissed	Mid Devon District Council	S3 TR3 S2 S5	Y		erection of up to 3 residential dwellings
6011432	2026-09-18	Planning	Allowed	Council of the London Borough of Newham	HO1	Y		application for the change of use of a dwelling (Class C3b) to a children's home for a single child, with a manager and two carers who would stay overnight, working on a rota basis (Class C2)
6011433	2026-09-10	Householder	Allowed	Sheffield City Council	DP3	Y		alteration to existing house to form a gable and pitched roof and installation of external wall insulation, demolition of existing chimneys and front boundary wall, erection of side extension with associated canopy and l
6011441	2026-08-28	Householder	Dismissed	Chesterfield Borough Council		Y		a garage conversion, including raising of roof height and alteration to bay window
6011447	2026-08-24	Householder	Dismissed	Braintree District Council		Y		loft conversion incorporating 1 No. front and 3 No. rear dormers Decision 1. The appeal is dismissed. Main Issue 2. The main issue in this case is the effect of the dormers on the character of the dwelling and the street
6011451	2026-09-18	Householder	Dismissed	Northumberland County Council	S3 S4 DP3(1) DP3(3) N2(1)(f)	Y		a ground floor rear extension, alterations to front elevation and roof, and new access
6011456	2026-09-22	Householder	Allowed	Stroud District Council	HC8	Y		extension and alterations to property
6011458	2026-09-09	Planning	Dismissed	Manchester City Council	DM1 S4 S4(2) S3	Y		described as: demolition of existing semi-detached dwelling and replacement with 7no apartments
6011467	2026-09-18	Planning	Dismissed	Coventry City Council	P3	Y		detailed on the Decision Notice as ‘Change of use to car wash, erection of canopies and associated external works including container (Part retrospective).’ Decision 1. The appeal is dismissed. Preliminary Matters 2. I h
6011471	2026-09-03	Planning	Dismissed	Council of the London Borough of Croydon	DM10 HC1	Y		First & Second floor rear extension (inc. Rear dormer) to provide 2no. 1 bed flats + 1no. detached outbuilding for pharmacy storage
6011472	2026-09-10	Planning	Allowed	City of Bradford Metropolitan District Council		Y		the construction of a single-storey front extension
6011475	2026-09-15	Householder	Allowed	Buckinghamshire Council	DP3	Y		described as the “erection of oak framed garage”
6011486	2026-09-25	Householder	Allowed	Oxford City Council	HE9 HO2 HO3	Y		described as ‘construction of a small dormer window to existing loft room on rear roof slope’
6011489	2026-10-02	Planning	Dismissed	Dacorum Borough Council	GB7 GB6	Y		the change of use of land from agricultural pasture to an outdoor wellbeing/therapeutic recreation use (daytime, appointment-only), including the siting of one moveable ancillary consultation/office unit (Canopy ‘Aspen O
6011495	2026-09-15	Householder	Dismissed	London Borough of Redbridge Council	DP3	Y		
6011498	2026-09-18	Planning	Dismissed		DM6 S5 DP3	Y		
6011502	2026-08-28	Commercial advertisement	Dismissed	City of Bradford Metropolitan District Council		Y	Y	
6011516	2026-09-18	Planning	Dismissed	Council of the London Borough of Hillingdon	TC2	Y		change of use of ground floor Class E (bank) to Sui Generis (bingo hall), following amendments to fenestrations
6011520	2026-08-28	Householder	Dismissed	St Albans City & District Council	GB7 GB6 HE6 HE9	Y		demolition of the rear covered verandah, a full-width single-storey rear extension, garage conversion, modest front extensions, alterations to the roof including Dutch gables and rear dormers, and improvements to the exi
6011521	2026-09-09	Planning	Dismissed	Council of the City of Westminster	W2 S4 L2 HE9 HE6 DP3 HO7 HO1	Y	Y	mansard roof addition to extend top floor flat
6011522	2026-09-18	Planning	Dismissed	Coventry City Council	TR3 TR4 TR6	Y		described on the Decision Notice as ‘Demolition of existing building and erection of a three and two storey building for a community centre, non- residential educational facility and place of worship (Use Class Sui Gener
6011524	2026-09-07	Planning	Dismissed		DM7	Y		change of use of Class C2 Residential Care Home to a Sui-Generis House in Multiple Occupation
6011544	2026-09-21	Advertisement	Allowed	Somerset Council		Y		
6011557	2026-08-28	Householder	Dismissed	Calderdale Metropolitan Borough Council		Y		a retrospective 1.8 metre high boundary fence and gates
6011558	2026-08-24	Householder	Dismissed	Chelmsford City Council		Y		a single storey rear extension Decision 1. The appeal is dismissed. Main Issue 2. The main issue in this case is the effect of the proposed development on the residential amenities of the neighbouring occupiers at No.251
6011561	2026-08-28	Householder	Dismissed	Calderdale Metropolitan Borough Council		Y		the addition of front and rear dormer windows (the rear dormer under permitted development) and a single storey rear extension
6011565	2026-09-29	Planning	Dismissed		HE2 S4 L2(1)(d)	Y		
6011567	2026-09-25	Commercial advertisement	Dismissed	East Riding of Yorkshire Council				
6011573	2026-08-24	Householder	Dismissed	Central Bedfordshire Council		Y		
6011584	2026-10-02	Householder	Dismissed	South Holland District Council		Y		existing rear extension to be demolished and replaced with proposed rear extension
6011585	2026-09-24	Planning	Dismissed	South Kesteven District Council	S5 HE6 S3 S4 DP3	Y		
6011586	2026-09-03	Householder	Allowed	Dartford Borough Council	M2	Y		erection of a front porch and a single storey rear extension
6011598	2026-08-25	Planning	Allowed	Ashfield District Council		Y		change of use from Class E (Restaurant, snack bar and café) to Sui Generis (Drinking establishment, public house, wine bar, drinking establishment with expanded food provision). No material change to the building. Existi
6011601	2026-09-28	Householder	Dismissed	Warwick District Council	GB7(1)(b) GB7(1)(c) GB7 GB2 HE6(3)	Y		
6011602	2026-10-01	Planning	Allowed	London Borough of Brent		Y		a new rear staircase leading to a new side door to first floor flat
6011603	2026-09-14	Commercial advertisement	Dismissed	Tameside Metropolitan Borough Council		Y		
6011611	2026-08-17	Householder	Allowed	Gravesham Borough Council		Y		described on the application form as “Proposed first floor extension over approved ground floor extension”. Preliminary matter 1. The Council on the decision notice and the Appellant on the appeal form have used the same
6011615	2026-10-02	Householder	Dismissed	Chichester District Council	S4 P2 S3 DP3	Y		described on the application form as “Two storey side and rear elevations. Enlarged replacement porch”
6011621	2026-09-24	Householder	Dismissed	Gravesham Borough Council	S4 S3 DP3	Y		described on the application form as “New front porch, single-storey side extension. Garage to be demolished and replaced with brick external storage building. Raised patio extended, height and materials to match existin
6011644	2026-09-11	Commercial advertisement	Dismissed	Broxtowe Borough Council		Y		
6011645	2026-09-01	Planning	Dismissed	Bedford Borough Council		Y		
6011648	2026-09-11	Householder	Dismissed	North East Derbyshire District Council	S5(1)(c) DP3(3) S5 DP3(1) S5(2)	Y		a rear first floor extension
6011652	2026-10-01	Householder	Dismissed	Borough of Luton	S3 S4	Y		for the erection of a single storey ground floor rear/side extension and first floor rear extension
6011656	2026-09-28	Householder	Dismissed	Fareham Borough Council	HE6 HE9 S4 HE1 HE2 HE3 S3 DP3	Y		a single storey detached garage building. Preliminary matter 1. Since the appeal was submitted a revised version of the National Planning Policy Framework (The Framework) has been published. Consequently, the main partie
6011661	2026-09-18	Planning	Dismissed	Coventry City Council		Y		described on the Application Form as ‘Change of use from C3 Dwellinghouse to C4 House in multiple occupation.’ Decision 1. The appeal is dismissed. Main issues 2. The main issues are: 
6011667	2026-08-25	Householder	Allowed	Watford Borough Council		Y		installation of safety glass balustrade on the flat roof of single story rear extension (retrospective)
6011671	2026-09-14	Householder	Dismissed	Folkestone & Hythe District Council		Y		the erection of a detached double garage
6011686	2026-08-25	Commercial advertisement	Dismissed	Council of the London Borough of Wandsworth	S4	Y		the installation of 1No BT Street Hub Unit and associated advertisement panels on either side of the unit. Appeal B: Ref 6011686 Section of footpath adjacent to 85 Upper Richmond Rd, London, SW15 2FU 
6011690	2026-08-27	Householder	Allowed	Watford Borough Council	L2 S4 DP3	Y	Y	for a single storey rear extension, double storey side extension and front porch amendments
6011691	2026-09-15	Householder	Dismissed	Guildford Borough Council • The application Ref is 26/P/0024	GB7 P2 GB6 GB6(2)	Y		a single storey orangery to the rear elevation
6011692	2026-09-04	Householder	Dismissed	Buckinghamshire Council	GB7 GB2	Y		single storey front extension
6011694	2026-09-21	Planning	Allowed		P6 S3 S3(3) N6 S5 S5(1) S3(2) HO11 S5(4) DM6(2)(c)	Y		described in the application form as ‘demolition of buildings, change of use of barn to a dwellinghouse with associated works and erection of two dwellinghouses, associated parking and landscaping’
6011697	2026-09-18	Commercial advertisement	Allowed	Peterborough City Council		Y		
6011707	2026-09-15	Householder	Allowed	Bedford Borough Council	HE6 HE9 HE5	Y		to extend existing driveway and widen vehicle crossover
6011714	2026-09-30	Planning listed building and conservation area	Dismissed	Ashford Borough Council	HE6(1) HE6(4) HE6	Y		
6011717	2026-09-30	Planning listed building and conservation area	Dismissed	Ashford Borough Council	HE6(1) HE6(4) HE6	Y		
6011719	2026-09-07	Planning	Dismissed	East Hampshire District Council		Y		change of use of agricultural building to dwelling
6011732	2026-08-25	Commercial advertisement	Dismissed	Council of the London Borough of Lambeth		Y		
6011736	2026-09-22	Planning	Dismissed	Tandridge District Council	GB7 TR3 S5 GB6	Y	Y	erection of seven dwellings with access, associated garaging and parking
6011745	2026-09-14	Householder	Allowed	London Borough of Barking and Dagenham	DP3	Y		the construction of front porch, a two-storey side extension and a part single-storey, part two storey rear extension
6011755	2026-09-03	Householder	Dismissed	Borough of Broxbourne Council		Y		described in the application form as follows: “two storey side extension, 2 storey rear extension, front feature gable extension, loft conversion & detached garage”
6011757	2026-09-09	Householder	Allowed	Sunderland City Council	DM6	Y		
6011759	2026-08-19	Householder	Dismissed	Brent London Borough Council		Y		demolition of side garage and utility room and erection of two-storey side-to-rear extension, 2 No side dormer window extensions, extension to existing rear dormer window and installation of 1 No front rooflight to dwell
6011775	2026-08-25	Planning	Dismissed	Bournemouth Christchurch and Poole Council		Y		Alterations and conversion of House in Multiple Occupation (Class C4) and a flat (Class C3) to 6 flats (Class C3) with associated parking, cycle and bin storage area
6011778	2026-09-25	Householder	Dismissed	Middlesborough Council		Y		
6011786	2026-09-17	Planning	Allowed		HE7(4) HE9 P5 S3 S4	Y		described in the application form as ‘erection of new detached self- build dwelling, garage and access, following demolition of existing garage’
6011788	2026-09-07	Householder	Dismissed	Council of the London Borough of Lewisham	DP3	Y	Y	construction of a two storey side extension; a first floor rear extension and a single storey rear infill and front /porch extension
6011801	2026-09-01	Commercial advertisement	Allowed	Hart District Council	HE6 DP3	Y		
6011803	2026-09-09	Planning	Dismissed	Three Rivers District Council	DM1 DP3 S5 S4 GB7	Y		demolition of existing building and construction of replacement and infill dwellings
6011804	2026-09-01	Householder	Allowed	Walsall Metropolitan Borough Council		Y		for first-floor side and rear extensions above the existing ground-floor footprint, formation of a rear dormer and installation of front rooflights (permitted development), removal of chimney, and associated external and
6011807	2026-09-17	Planning	Dismissed	Folkestone and Hythe District Council	HE4 HE6	Y		change of use of ground floor business premises formally known as Grace Hill Hair & Beauty into 1 residential C3 flat
6011821	2026-09-25	Householder	Dismissed	Council of the London Borough of Waltham Forest				a single storey wraparound rear extension
6011827	2026-09-30	Planning	Dismissed	Leeds City Council	P3	Y		a change of use from dwelling house (Use Class C3) to short-term accommodation (Sui Generis)
6011833	2026-08-24	Householder	Dismissed	Buckinghamshire Council		Y		a single storey front extension and a single storey rear extension
6011840	2026-09-08	Planning	Dismissed	Worcester City Council	S4 S3 HO7 HO9 TR3 N2	Y		using vacant rooms within an existing 6-bedroom HMO to form a 8- bedroom HMO and a new dropped kerb access
6011852	2026-10-02	Planning	Dismissed	Council of the London Borough of Barnet	HE5 HE6 HC1	Y		
6011855	2026-10-02	Planning	Dismissed	Council of the London Borough of Barnet	HE5 HE6 HC1	Y		
6011863	2026-09-01	Householder	Allowed	Council of the London Borough of Richmond Upon Thames	DM6	Y		part single / part double storey extension
6011872	2026-09-15	Planning	Dismissed	South Cambridgeshire District Council	S5 DP3 HO7	Y		the erection of 1 No. single self-build dwelling
6011882	2026-09-25	Planning	Dismissed	Huntingdonshire District Council	S4 F4 S3 F7 DP3 DM3	Y		described as demolition of existing dwelling and construction of new detached self build dwelling with garaging including landscaping improvements Decision 1. The appeal is dismissed. Preliminary Matters 2. A new Nationa
6011886	2026-09-09	Planning	Allowed	West Berkshire District Council	N4(1)	Y	Y	
6011888	2026-09-25	Planning	Dismissed	Stafford Borough Council	S4 DP3 N1 N4 S5	Y	Y	the erection of a replacement dwelling
6011889	2026-09-25	Planning	Dismissed	Buckinghamshire Council	GB7(1)(b) GB2 N4 GB6 GB7 GB6(2) S5 S5(1)(j) S5(5) HO7	Y		the conversion and single storey side extension of existing stable building to create a one bedroom dwelling served by the existing vehicular access
6011893	2026-09-25	Planning	Dismissed	Dartford Borough Council	HC6(1) P3(2)(a) M2	Y		to change current day nursery space back to 1 x 4/5 bedroom house
6011901	2026-09-18	Planning	Dismissed	Royal Borough of Kingston Upon Thames	DM10 DM8 DM6	Y		the erection of a two-storey detached house
6011906	2026-09-04	Householder	Allowed	Council of the London Borough of Hounslow		Y		conversion of garage into habitable room and loft conversion and single storey front extension
6011908	2026-09-14	Householder	Allowed	Folkestone and Hythe District Council				
6011911	2026-09-04	Householder	Dismissed	London Borough of Havering Council	DP3	Y		a two storey side/rear extension, following demolition of existing conservatory
6011913	2026-09-30	Householder	Dismissed	Council of the London Borough of Camden		Y		proposed modifications to the front elevation, comprising the erection of a first-floor bay window and alterations to the central window
6011926	2026-09-28	Planning	Dismissed	Council of the London Borough of Waltham Forest				a change of use of the ground floor from Class E use to an Adult Gaming Centre (AGC) (Sui Generis)
6011939	2026-10-02	Planning	Dismissed	Stafford Borough Council				conversion of the redundant agricultural building to one dwelling, Decision 1. The appeal is dismissed. Background and Main Issue 2. The appeal relates to proposals advanced under Article 3(1) and Schedule 2, Part 3, Cla
6011958	2026-10-02	Planning	Dismissed	Council of the London Borough of Lewisham	HE1 HE2 HC1 TR1	Y		the construction of a single storey residential unit on the site of three demolished garages
6011963	2026-10-02	Planning	Dismissed	Council of the London Borough of Bromley		Y		described on the application form as “3 new terraced houses”. Appeal B Ref: 6011964 Land behind 5 Lapworth Close, Orpington BR6 9BW 
6011964	2026-10-02	Planning	Dismissed	Council of the London Borough of Bromley		Y		described on the application form as “3 new terraced houses”. Appeal B Ref: 6011964 Land behind 5 Lapworth Close, Orpington BR6 9BW 
6011972	2026-09-18	Planning	Dismissed	Tandridge District Council	GB7 S5 GB6	Y		conversion of equestrian site to residential use, erection of eight detached dwellings
6011983	2026-09-30	Planning	Dismissed	Leeds City Council	DP3(2) E2 DP3(3)	Y		a raised deck to form external seating area; erection of replacement canopy and new boundary treatments
6011994	2026-09-17	Householder	Dismissed	Elmbridge Borough Council	DP3 DP3(2) DP3(1) DP3(3) HE6(3) DM2	Y		a “part two storey part single storey side and rear extension and a 1.7m high closeboarded fence following the partial demolition of the existing dwellinghouse and existing boundary fencing.” Decision 1. The appeal is di
6012004	2026-09-25	Householder	Dismissed	Buckinghamshire Council		Y		“Construction of a timber framed open front garage and store. Floor Plan is 5m x 5m with a flat roof which will extend approximately 30-60cm beyond this. Front of the construction with be of maximum height to the top of 
6012006	2026-08-28	Householder	Allowed	Wakefield Metropolitan District Council		Y		Building of Fence in the front of the property. Addition of electric remote controlled double gate and a pedestrian gate to the fence
6012008	2026-08-26	Householder	Dismissed	Brentwood Borough Council	GB7 GB6	Y		Rear Extension, Loft Conversion & Internal Alterations. Demolition of existing detached garage and build of new garage structure to the side of the property
6012017	2026-09-16	Planning	Allowed in part	Southend-on-Sea City Council	DM1 DM3	Y		resubmission for external roller shutters and amendment to opening hours, seeking for the change of use from sui generis (motorcycles sales shop) to class E(a) convenience store (part retrospective) without complying wit
6012021	2026-09-11	Planning	Allowed	Bedford Borough Council	TR4	Y		a change of use of a building from Class E (commercial, business and service) to a use falling within Class C3 (dwellinghouses) Decision 1. The appeal is allowed and prior approval is granted under the provisions of Arti
6012024	2026-09-03	Householder	Dismissed	Sheffield City Council		Y		
6012025	2026-09-07	Planning	Dismissed	Sheffield City Councill	DP3	Y		the erection of 2 dormer windows to the side of the dwellinghouse
6012026	2026-09-10	Householder	Dismissed	Wirral Metropolitan Borough Council	GB6 GB7	Y		the construction of a first floor side extension
6012032	2026-08-27	Householder	Allowed	Royal Borough of Windsor and Maidenhead		Y		described as first floor side and rear extensions and a loft conversion with rear dormer
6012034	2026-09-10	Householder	Dismissed	Newark and Sherwood District Council	DM5 DM6 DP3	Y		the erection of a double garage with workshop. Procedural Matter 1. On 17 August 2026, the Government published the National Planning Policy Framework 2026 (NPPF). It does not contain any provisions that raise material i
6012036	2026-10-02	Planning	Dismissed	Isle of Wight Council	DP3 N4 S4(2)(c) S4	Y		lattice mast with HF beam antenna
6012043	2026-09-17	Planning	Allowed	Epping Forest District Council	DM7 DM4 GB7 HE6 DM9 HE4	Y		the erection of a traditionally designed three-bay cart lodge
6012045	2026-09-21	Householder	Allowed	Mid Sussex District Council	P1 P2	Y		a single storey rear extension
6012058	2026-08-19	Householder	Allowed	Enfield London Borough Council		Y		the erection of side extension to both sides of the front entrance porch containing security accommodation and storage
6012060	2026-09-15	Householder	Allowed	Council of the London Borough of Bromley		Y		Single-storey rear extension
6012063	2026-09-10	Householder	Dismissed	Royal Borough of Greenwich		Y		described as “a single-storey extension at the rear no more than 4 metres in height (measured externally from the natural ground level); and extend beyond the rear wall of the original dwellinghouse (measured externally)
6012066	2026-08-28	Householder	Dismissed	City of York Council		Y		described as proposed ground and second floor rear extensions together with hip to gable with loft conversion and rear dormer
6012069	2026-09-04	Householder	Allowed in part	West Northamptonshire Council		Y		for a single storey rear extension and erection of rear box dormer
6012075	2026-10-02	Planning	Dismissed	Royal Borough of Kensington and Chelsea	TR4 TR6 HE6	Y		the installation of one JOLT Unit (Electric Vehicle Charge Point, with integral double-sided LCD screen) and associated electrical connection works. Appeal B Ref: 6012078 403 King's Road, London, SW10 0LR 
6012078	2026-10-02	Commercial advertisement	Dismissed	Royal Borough of Kensington and Chelsea	TR4 TR6 HE6	Y		the installation of one JOLT Unit (Electric Vehicle Charge Point, with integral double-sided LCD screen) and associated electrical connection works. Appeal B Ref: 6012078 403 King's Road, London, SW10 0LR 
6012080	2026-08-21	Householder	Dismissed			Y		retrospective erection of fence to front boundary
6012092	2026-09-23	Planning	Allowed	Wyre Borough Council	S3 S3(3)(c)	Y		the change of use of a two-storey detached dwelling located at 18 Myrtle Avenue, Thornton-Cleveleys (Use Class C3), into a children’s residential care home (Use Class C2). The facility would accommodate up to two childre
6012098	2026-10-01	Planning	Dismissed	Royal Borough of Kensington and Chelsea	TR4 TR6 HE6	Y		the installation of one JOLT Unit (Electric Vehicle Charge Point, with integral double-sided LCD screen) and associated electrical connection works. Appeal B Ref: 6012102 125-133 Old Brompton Road, London, SW7 3RP 
6012100	2026-08-25	Householder	Dismissed	Council of the London Borough of Bromley		Y		Erection of front dormer extension
6012101	2026-09-15	Householder	Allowed	Royal Borough of Kingston Upon Thames	DM10			the erection of 3 bay garage with store
6012102	2026-10-01	Commercial advertisement	Dismissed	Royal Borough of Kensington and Chelsea	TR4 TR6 HE6	Y		the installation of one JOLT Unit (Electric Vehicle Charge Point, with integral double-sided LCD screen) and associated electrical connection works. Appeal B Ref: 6012102 125-133 Old Brompton Road, London, SW7 3RP 
6012105	2026-10-01	Planning	Dismissed	Royal Borough of Kensington and Chelsea	TR4 TR6 HE6	Y		the installation of one JOLT Unit (Electric Vehicle Charge Point, with integral double-sided LCD screen) and associated electrical connection works. Appeal B Ref: 6012107 O/S 131 Fulham Road, London, SW3 6RT 
6012106	2026-09-18	Householder	Dismissed	Surrey Heath Borough Council • The application Ref is 26/012		Y		the erection of a two-storey side extension and single storey rear extension following partial demolition of existing rear projection
6012107	2026-10-01	Commercial advertisement	Dismissed	Royal Borough of Kensington and Chelsea	TR4 TR6 HE6	Y		the installation of one JOLT Unit (Electric Vehicle Charge Point, with integral double-sided LCD screen) and associated electrical connection works. Appeal B Ref: 6012107 O/S 131 Fulham Road, London, SW3 6RT 
6012112	2026-10-02	Planning	Dismissed	Royal Borough of Kensington and Chelsea	TR4 TR6	Y		the installation of one JOLT Unit (Electric Vehicle Charge Point, with integral double-sided LCD screen) and associated electrical connection works. Appeal B Ref: 6012114 369 Fulham Road, London, SW10 9TR 
6012114	2026-10-02	Commercial advertisement	Dismissed	Royal Borough of Kensington and Chelsea	TR4 TR6	Y		the installation of one JOLT Unit (Electric Vehicle Charge Point, with integral double-sided LCD screen) and associated electrical connection works. Appeal B Ref: 6012114 369 Fulham Road, London, SW10 9TR 
6012115	2026-10-02	Planning	Dismissed	Dorset Council	GB7 GB7(1)(f)(iii) GB7(1)(g) TR3 GB6 S5	Y		described as “static caravan to be used as rental accommodation. Proposed new access to the site from Grange Road. New gravel paths, gravel driveway and decking on site”
6012119	2026-08-28	Householder	Dismissed	Salford City Council		Y		demolition of a single storey detached garage, front porch and front bay window, and erection of a two-storey side/front and single storey front/porch extension, together with associated external alterations including a 
6012127	2026-09-01	Householder	Allowed	Three Rivers District Council	HE6 DM1 DM3	Y		for replacement of the front door
6012129	2026-08-24	Householder	Dismissed	Bolton Council		Y		installation of 1.87 metre boundary fence
6012139	2026-08-28	Householder	Dismissed	North Yorkshire Council		Y		described as First floor infill extension over existing entrance hall, rear single storey infill extension with lantern roof, rear roof modifications to form roof terrace with parapet and mansard. Juliet balcony to princ
6012151	2026-09-10	Commercial advertisement	Allowed	Council of the London Borough of Tower Hamlets	E1 TR1 HC1 DP3 HE4 HE6 DM6	Y		the proposed removal of an existing InLink Unit, and the deployment of a replacement Street Hub 3 unit. Appeal B Ref: 6012151 Outside No. 118 Mile End Road, London E1 4UH 
6012153	2026-09-10	Planning	Allowed	Council of the London Borough of Tower Hamlets	E1 TR1 HC1 DP3 HE4 HE6 DM6	Y		the proposed removal of an existing InLink Unit, and the deployment of a replacement Street Hub 3 unit. Appeal B Ref: 6012151 Outside No. 118 Mile End Road, London E1 4UH 
6012154	2026-09-10	Planning	Allowed	Somerset Council				
6012162	2026-09-22	Householder	Allowed	Sevenoaks District Council	GB3 GB7 DM6	Y		erection of detached outbuilding
6012164	2026-09-23	Planning	Allowed	Bristol City Council	DM2 P1 P2			‘change of use of ground floor unit from office to HMO use with associated works.’ Decision 1. The appeal is allowed and planning permission is granted for ‘change of use of ground floor unit from office to HMO use with 
6012165	2026-09-09	Householder	Dismissed	West Northamptonshire Council		Y		
6012173	2026-08-28	Householder	Dismissed	City of Bradford Metropolitan District Council		Y		the erection of a timber fence 1.2m high onto existing wall (overall height 1.73m and 1.95m) with vehicle and pedestrian gate on West Lane boundary and a 1.8m high timber fence to the boundary with Sandal School
6012175	2026-08-25	Householder	Allowed	Tendring District Council	DP3	Y		erection of ground floor and part first floor side extension, extension of first floor terrace and formation of a new front porch, together with associated alterations
6012179	2026-08-25	Householder	Dismissed	Tendring District Council		Y		new rear and side extension with flat roof and new enclosed entrance porch with mono pitched roof (revised application following earlier refused application 25/00937/FULHH)
6012181	2026-10-02	Householder	Dismissed	Milton Keynes Council		Y		described as retrospective application for conversion of existing detached garage
6012182	2026-09-30	Householder	Dismissed	Wigan Metropolitan Borough Council	P1	Y		described as a part single storey, part double storey rear and side extension
6012188	2026-09-15	Planning	Dismissed	West Lancashire Borough Council	GB7(1)(f) GB6 GB7(1) GB7(1)(f)(iii) GB7(1)(g) TR3 GB8 N2(1)(b) HC4 GB5 DP3(1) DP3(3)	Y		yoga facility including hardstanding, creation of wildflower meadows, wildlife pond and planting of orchard. Change of use of land to accommodate beekeeping uses and provision of outdoor yoga and holistic therapies
6012194	2026-09-21	Householder	Dismissed	Mid Sussex District Council		Y		two-storey side and rear extension. Introduction of render to partially replace hung tile cladding at the front elevation
6012202	2026-10-01	Planning	Allowed	Fylde Borough Council	S5 S1 TR3 S3 HO7	Y		permission in principle for the demolition of existing buildings and erection of up to 2 no. dwellings
6012204	2026-09-25	Householder	Dismissed	Council of the London Borough of Hackney				a single storey first floor rear extension (retrospective) and replacement of the existing brick finish of the extension with zinc cladding
6012205	2026-10-02	Householder	Dismissed	Liverpool City Council		Y		to erect two storey side extension, part two/part single storey front extension, fenestration changes to front and rear and convert the existing external garage
6012213	2026-09-02	Householder	Allowed	Brentwood Borough Council		Y		described in the application form as follows: “Creation of first floor extension to provide habitable accommodation in addition to existing; Construction first floor part rear and two storey part front extensions; Fenest
6012214	2026-08-19	Householder	Allowed	Brent London Borough Council		Y		the demolition of existing side garage and erection of single-storey side extension, front porch extension, single-storey outbuilding in rear garden and alterations to forecourt and boundary treatment to dwellinghouse
6012215	2026-10-02	Householder	Dismissed	Council of the London Borough of Barnet			Y	
6012221	2026-09-17	Householder	Allowed	Elmbridge Borough Council	DM2 DP3(2)(g) L2(1)(d) DP3(1) DP3(5) DP3 DP3(3) S4	Y		a single storey side extension with rooms in the roof space incorporating dormer window and garage below, first floor/roof rear extension with balustrading, conversion of existing garage into living space and alterations
6012222	2026-09-29	Planning	Allowed	Cambridge City Council		Y		for the installation of 1no. BT Street Hub and removal of associated BT payphones
6012225	2026-09-29	Commercial advertisement	Allowed	Cambridge City Council		Y		for the installation of 1no. BT Street Hub and removal of associated BT payphones
6012228	2026-09-10	Householder	Dismissed	Bassetlaw District Council	DP3	Y		the erection of a 1.8m high side fence. Procedural Matter 1. On 17 August 2026, the Government published the National Planning Policy Framework 2026 (NPPF). It does not contain any provisions that raise material issues i
6012237	2026-09-16	Householder	Dismissed	Council of the London Borough of Southwark				Prior approval notification for the construction of a: Single storey side extension at lower ground level. Extension to have a maximum height of 3m at the boundary. Extension to have a maximum length of 4.85m from the pa
6012239	2026-09-15	Planning	Allowed	City of Bradford Metropolitan District Council	HO9	Y		described as the conversion of existing ground floor shop unit to 2 no. apartments, including provision of new shopfront
6012248	2026-09-29	Planning	Dismissed	Preston City Council	HE6	Y		described as ‘Installation of 1no. new communications kiosk with integrated defibrillator and advertising display.’ Appeal B Ref: 6012249 Land outside 81 Fishergate, Preston PR1 2UH 
6012249	2026-09-29	Commercial advertisement	Dismissed	Preston City Council	HE6	Y		described as ‘Installation of 1no. new communications kiosk with integrated defibrillator and advertising display.’ Appeal B Ref: 6012249 Land outside 81 Fishergate, Preston PR1 2UH 
6012250	2026-08-27	Householder	Allowed	Buckinghamshire Council		Y		a dropped kerb and parking area
6012252	2026-09-15	Planning	Allowed	Eastbourne Borough Council	DP3 HE4 HE5 HE6 HE9	Y	Y	garage conversion with single-storey rear extension to provide 1 no. studio unit
6012259	2026-08-27	Householder	Allowed	Council of the Borough of Luton	L2 S4 DP3	Y	Y	for a timber garden outbuilding incidental to the main dwelling
6012278	2026-09-15	Householder	Dismissed	Council of the London Borough of Haringey	DM1 DP3	Y		the erection of a glass conservatory extension
6012279	2026-09-30	Planning	Dismissed	Cambridge City Council	HE6 CO1 DP3 S4	Y		‘The installation of 1no. BT Street Hub and removal of associated BT payphones.’ Decisions 1. Appeal A is dismissed
6012281	2026-09-30	Commercial advertisement	Dismissed	Cambridge City Council	HE6 CO1 DP3 S4	Y		‘The installation of 1no. BT Street Hub and removal of associated BT payphones.’ Decisions 1. Appeal A is dismissed
6012284	2026-09-24	Planning	Dismissed	Cambridge City Council	S4 CO1 DP3	Y		the installation of 1no. BT Street Hub and removal of associated BT payphones. Decisions 1. Appeals A and B are dismissed. Preliminary Matters 2. There are two appeals on this site. They differ only in that Appeal A rela
6012288	2026-09-24	Commercial advertisement	Dismissed	Cambridge City Council	S4 CO1 DP3	Y		the installation of 1no. BT Street Hub and removal of associated BT payphones. Decisions 1. Appeals A and B are dismissed. Preliminary Matters 2. There are two appeals on this site. They differ only in that Appeal A rela
6012289	2026-10-02	Planning	Dismissed	Council of the London Borough of Barnet	S4 DP3 S3	Y		described as, erection of three storey above existing structure consisting of 9 flats associated private and communal amenity space; refuse cycle storage and a car park
6012293	2026-09-24	Planning	Dismissed	Somerset Council	DM2 DM1 DM7 P3 HE7 DP3	Y		conversion, with erection of single storey extensions, of agricultural barn in to form a residential dwelling at Elworthy Farm, Greenham, Wellington TA21 0JP
6012298	2026-09-17	Householder	Allowed	City of Westminster Council		Y		installation of uPVC sash windows
6012303	2026-09-25	Planning	Allowed	Council of the London Borough of Bromley	GB2 S5 DM6	Y		described as ‘erection of 4no. outdoor padel courts and WC/office building; with associated access, fencing/gates, landscaping and car parking.’ Decision 1. The appeal is allowed and planning permission is granted for th
6012304	2026-09-28	Planning	Dismissed	Cheshire West and Chester Council	S5 S3 HO7 TR3 N2	Y		
6012320	2026-08-28	Householder	Dismissed	Burnley Borough Council		Y		a bedroom/ wet room extension to rear of property (principal elevation)
6012326	2026-09-22	Householder	Dismissed	Thurrock Council				demolition of existing outbuilding to construct a new annexe
6012327	2026-08-25	Householder	Allowed	Braintree District Council		Y		to demolish garage to side and build two-storey extension, build ground-floor extension to rear and make fenestration changes 
6012328	2026-09-25	Planning	Dismissed	Council of the London Borough of Hounslow	W4 S4 HE5 HE9 HE6 HC1 TR4 CO1	Y	Y	installation of 1no. new BT Street Hub, incorporating 2no. digital 75" LCD advert screens, and associated BT Phone Kiosk removal. Appeal B Ref: 6012330 Pavement outside 137 Chiswick High Road, Chiswick, London W4 2ED 
6012329	2026-09-18	Householder	Dismissed	Council of the London Borough of Ealing	W4 S4 HE5 HE9 HE6 HC1	Y	Y	erection of a small summerhouse/ store
6012330	2026-09-25	Commercial advertisement	Dismissed	Council of the London Borough of Hounslow	W4 S4 HE5 HE9 HE6 HC1 TR4 CO1	Y	Y	installation of 1no. new BT Street Hub, incorporating 2no. digital 75" LCD advert screens, and associated BT Phone Kiosk removal. Appeal B Ref: 6012330 Pavement outside 137 Chiswick High Road, Chiswick, London W4 2ED 
6012344	2026-10-01	Planning	Allowed	Royal Borough of Greenwich	HC6 HC7 HC6(1)(a) HC6(1)(b) HC6(1)(c) HE5 HE6 HE8 DM6	Y		Change of use on the ground and lower ground floor from a Bar (Sui Generis Part Q) to a Convenience Store (Class E(a)). Appeal ‘B’ Ref: 6012348 189 Greenwich High Road, London SE10 8JA  The appeal is made under section 
6012348	2026-10-01	Planning	Allowed	Royal Borough of Greenwich	HC6 HC7 HC6(1)(a) HC6(1)(b) HC6(1)(c) HE5 HE6 HE8 DM6	Y		Change of use on the ground and lower ground floor from a Bar (Sui Generis Part Q) to a Convenience Store (Class E(a)). Appeal ‘B’ Ref: 6012348 189 Greenwich High Road, London SE10 8JA  The appeal is made under section 
6012356	2026-09-16	Householder	Dismissed	Mole Valley District Council		Y		for a loft conversion and extension
6012364	2026-09-22	Householder	Dismissed	East Lindsey District Council		Y		a shed
6012365	2026-08-26	Householder	Allowed	Brentwood Borough Council	DM6	Y		Double storey side, rear and front extension and internal alteration render to match surrounding properties. Incorporating previously approved double storey rear extension 99/00919/FUL which was half completed at constru
6012368	2026-10-02	Planning	Allowed		HO1	Y		change of use from C3 to C2
6012370	2026-09-16	Planning	Allowed	Kirklees Metropolitan Council	HO1 S4 P5 DM7	Y	Y	change of use from dwelling (C3) into children’s care home (C2) for one child
6012380	2026-08-27	Householder	Allowed	Royal Borough of Windsor and Maidenhead		Y		first floor side extensions to roof and floor plan
6012387	2026-08-25	Householder	Dismissed	Council of the London Borough of Lambeth		Y		Erection of an additional storey to create a first floor extension with alterations to existing front and rear fenestration
6012391	2026-09-28	Householder	Dismissed	Walsall Metropolitan Borough Council		Y		described as “Retrospective planning application for first floor side extension and loft conversion with dormer”
6012392	2026-10-01	Planning	Dismissed	Trafford Metropolitan Borough Council		Y		the erection of a double storey extension to the rear of the property
6012398	2026-09-21	Householder	Allowed	Maidstone Borough Council		Y		for the formation of a new vehicular access and driveway to serve Plot 1, including permeable block paving, adjustment of kerbs, post and rail fencing, hedge and tree relocation to accommodate the new access
6012411	2026-09-17	Planning	Dismissed	Melton Borough Council				change of use from existing original farm buildings to dwelling houses
6012422	2026-08-17	Householder	Dismissed	Wandsworth Council		Y		
6012425	2026-09-29	Householder	Allowed	City of Westminster Council		Y		replacement of the existing rear double-height conservatory with a brick-built predominantly glazed rear addition
6012427	2026-09-07	Householder	Allowed	Leeds City Council		Y		the construction of a two-storey side extension, a single-storey rear extension, and alterations to the front porch
6012437	2026-09-18	Planning	Allowed	Ipswich Borough Council				a change of use of No.131 and No.133 St Helens Street from shop (Use Class E) to 1no.16 bedroom 16 person house in multiple occupation, including demolition of rear extensions and erection of new rear extensions, demolit
6012445	2026-09-15	Householder	Dismissed	Epping Forest District Council	DM9	Y		the erection of a loft conversion with rear dormer extension, single storey rear extension and front porch extension
6012452	2026-09-15	Householder	Dismissed	Chichester District Council	HE6 P2 DP3 HE4 HE5 HE9	Y	Y	construction of a single storey timber framed garage and store including PV array to the roof, driveway and boundary treatment improvements
6012457	2026-09-22	Householder	Dismissed	Council of the London Borough of Havering		Y		the addition of 8m single storey rear extension from original wall of dwelling
6012462	2026-09-29	Householder	Dismissed	Dacorum Borough Council		Y		a single storey front infill extension
6012481	2026-09-22	Planning	Dismissed	Sevenoaks District Council	GB7 GB6 TR3 N2 GB2 P3 TR6	Y		Erection of residential development
6012494	2026-09-15	Householder	Allowed	Horsham District Council	DP3 S5 N6	Y	Y	single storey infill extension and conversion of garage into annexe accommodation including 1 no. bedroom, lounge kitchen and bathroom
6012503	2026-08-28	Householder	Dismissed	Rugby Borough Council		Y		
6012506	2026-09-08	Householder	Dismissed	Leeds City Council		Y		the erection of gates and a fence to the front boundary
6012509	2026-09-24	Householder	Dismissed	Council of the London Borough of Hounslow		Y		“proposed single storey rear extension”
6012511	2026-09-22	Householder	Dismissed	Crawley Borough Council				erection of single storey rear extension
6012516	2026-09-04	Householder	Allowed	Welwyn Hatfield Council		Y		described in the application form as a “first floor side extension and alterations to rear window”
6012522	2026-10-01	Planning	Dismissed	Worthing Council	DM5	Y		the change of use of first floor from industrial (Use Class B2) to a small housing in multiple occupation (HMO) (Use Class C4) for on-site staff; new external fire escape; and roller shutter door to workshop
6012527	2026-09-03	Householder	Allowed in part	Kirklees Metropolitan Council		Y		
6012539	2026-09-29	Householder	Allowed	Mid Sussex District Council	HE6 HE9	Y		retrospective planning permission for external cladding
6012540	2026-09-28	Householder	Dismissed	East Staffordshire Borough Council	DP3 DP3(3) DP1 L2(1)(d)(iii) S4 S4(2)(c)	Y		the erection of part two storey part single storey rear and single storey front extensions and installation of a dormer to the rear to facilitate a loft conversion
6012542	2026-09-22	Planning	Dismissed	Council of the London Borough of Hounslow	E2 TC2 S4 W4 HE5 HE9 HE6 HC1 TR4	Y	Y	creation of an outdoor enclosure with alterations to two of the six front door panels
6012561	2026-09-15	Householder	Allowed	Council of the London Borough of Harrow		Y		conversion of existing outbuilding to an ensuite bedroom and a games room and change of internal bedroom and en-suite to office space and store
6012575	2026-09-22	Householder	Dismissed		S3	Y		erection of 1.8m perimeter fence (retrospective)
6012587	2026-08-24	Householder	Allowed	Central Bedfordshire Council		Y		described as ‘two storey rear and single storey side extensions with loft conversion’
6012591	2026-09-11	Householder	Dismissed	Epping Forest District Council	GB7 GB6 DM4 DM9	Y		the erection of a single storey detached garage and ancillary domestic store, front and rear extensions to existing attached garage and conversion to additional living accommodation. Relocation of existing vehicular acce
6012598	2026-09-28	Householder	Dismissed	Enfield Council		Y		
6012621	2026-09-29	Planning	Allowed	West Berkshire District Council				Change of use of land for the formation of 5 Gypsy/Traveller pitches comprising of 1 mobile home, 1 touring caravan, and 1 utility building per pitch
6012627	2026-09-29	Householder	Dismissed	Northumberland County Council	GB6 GB7	Y	Y	rear extension, internal alterations, stairwell extension, raised decking and veranda, two additional rooflights and 8 solar panels (as amended 23/3/26)
6012633	2026-09-17	Householder	Dismissed	Calderdale Metropolitan Borough Council		Y		build a garden room at the bottom of the front garden
6012634	2026-08-28	Householder	Allowed	High Peak Borough Council		Y		a first floor side extension and garage conversion
6012642	2026-09-28	Planning	Dismissed	Peterborough City Council	S4 DM7 S3 TR6 HO7 DP3	Y		Demolition of 3 detached dwellings and the erection of 23 apartments
6012645	2026-08-24	Householder	Dismissed	Bolton Council		Y		demolition of conservatory, conversion of garage to habitable room, alterations to fenestration, render to all elevations and provision of three off-street parking spaces
6012648	2026-09-08	Householder	Allowed	City of Bradford Metropolitan District Council		Y		the construction of raised decking
6012664	2026-08-28	Householder	Allowed	East Staffordshire Borough Council	DP3	Y		a proposed single storey side extension at ground floor level
6012686	2026-09-11	Commercial advertisement	Dismissed	Dudley Metropolitan Borough Council		Y		
6012692	2026-09-24	Householder	Dismissed	Northumberland County Council		Y		described as “modifications to existing single-storey projection at front of the property along with single-storey pitched roofed side and flat roofed rear extensions”
6012695	2026-09-04	Householder	Allowed	Royal Borough of Greenwich Council	TR3 TR4	Y		extension to the current dropped kerb/residential crossover and associated works
6012706	2026-09-10	Householder	Dismissed	Newark and Sherwood District Council	DM5 DM6 DP3	Y		to extend existing fence boundary to hedge line to increase garden space. Procedural Matter 1. On 17 August 2026, the Government published the National Planning Policy Framework 2026 (NPPF). It does not contain any provi
6012730	2026-09-17	Householder	Dismissed	Calderdale Metropolitan Borough Council		Y		addition of front and rear dormer
6012760	2026-09-25	Planning	Allowed	Council of The Royal Borough of Greenwich				described as ‘the change of use from a C3 to a C4 for HMO use’. Procedural matters 1. The Council’s Decision Notice sets out a more precise description of the proposed development than on the application form and so I ha
6012763	2026-09-11	Householder	Allowed	Mole Valley District Council	GB7(1)(e) GB7	Y		the erection of a garage and associated extension to the existing driveway
6012771	2026-09-08	Householder	Allowed	Huntingdonshire District Council		Y		a timber carport
6012774	2026-09-02	Householder	Allowed	London Borough of Barking and Dagenham Council	DP3	Y		a new extension to front at ground floor level. Creation of new cloakroom. Single storey extension to front of property. Materials to match existing. Flat roof with canopy arrangement to blend in with canopy as existing.
6012775	2026-10-01	Planning	Allowed in part	Tunbridge Wells Borough Council	HE6	Y		described as: ‘Replacement of 2 windows at first floor level from single-glazed white timber frames to double-glazed uPVC for greater energy efficiency and security. To the front elevation is a bay window with 2 openable
6012788	2026-09-30	Planning	Dismissed	Ealing Council	TR3	Y		described in the application form as follows: “Installation of a new vehicular crossover and limited ECOGrid surfacing to provide access to the existing driveway of 79 Rushdene Crescent, including tree protection measure
6012808	2026-09-15	Householder	Dismissed	Council of the London Borough of Harrow		Y		the installation of 2m high fence to side boundary
6012816	2026-09-15	Householder	Allowed	Royal Borough of Kingston Upon Thames	DM10			a hip to gable extension with raising of ridge height with rear dormer with removal of 2No chimneys & installation of 2No Roof lights to front and 2No windows on gable end
6012817	2026-10-01	Householder	Allowed	Salford City Council		Y		described as two-storey side extension and front porch extension
6012819	2026-09-25	Householder	Dismissed	London Borough of Bexley Council	DP3	Y		
6012824	2026-09-25	Householder	Dismissed	Council of the London Borough of Barking & Dagenham	HE7(2) HC1	Y		the erection of front infill extension/porch
6012827	2026-09-16	Householder	Dismissed	Council of the London Borough of Wandsworth	HE6(1) HE6(3) HE6(4)	Y		described as alterations to existing front portico
6012828	2026-09-02	Householder	Dismissed	Walsall Metropolitan Borough Council		Y		
6012844	2026-10-01	Householder	Dismissed	Staffordshire Moorlands District Council	DP3 S4(2)(c) S3 S4	Y		double storey side extension
6012848	2026-09-15	Commercial advertisement	Dismissed	City of Bradford Metropolitan District Council				
6012871	2026-10-02	Householder	Allowed	Council of the London Borough of Barking & Dagenham		Y		conversion of the garage into a habitable space including replacement of the existing garage door with a window and construction of a front porch, a single storey rear and side extension and a first-floor rear and side e
6012885	2026-09-28	Planning	Dismissed	Melton Borough Council	HE6 S4 P3 S3 TR6	Y	Y	the retention of a structure, namely a marquee, that is currently in situ
6012886	2026-09-30	Planning	Dismissed	North Yorkshire Council	S4 S3	Y		
6012889	2026-09-17	Householder	Dismissed	North Yorkshire Council	F9	Y		conservatory, external works and all associated works
6012900	2026-09-30	Planning	Dismissed	Guildford Borough Council	P2	Y		described in the application form as ‘change of use of two agricultural buildings totalling 429.95 square metres to flexible commercial use.’ Decision 1. The appeal is dismissed. Preliminary Matters 2. The site is the su
6012906	2026-09-16	Householder	Allowed	Maldon District Council		Y		domestic outbuilding for personal storage
6012908	2026-09-30	Householder	Dismissed	Manchester City Council	DM1	Y		described as extension of existing garage and conversion into summer house/home office
6012915	2026-09-22	Planning	Dismissed	Bournemouth Christchurch and Poole Council		Y		the installation of 1no. BT Street Hub and removal of associated BT payphone. Appeal B Ref: 6012919 Pavement Outside Old Town Market, 7 Dear Hay Lane, Poole BH15 1NZ 
6012919	2026-09-22	Commercial advertisement	Dismissed	Bournemouth Christchurch and Poole Council		Y		the installation of 1no. BT Street Hub and removal of associated BT payphone. Appeal B Ref: 6012919 Pavement Outside Old Town Market, 7 Dear Hay Lane, Poole BH15 1NZ 
6012920	2026-09-01	Householder	Dismissed	Buckinghamshire Council		Y		described as ‘loft conversion (Hip-to-Gable) with front dormer.’ Decision 1. The appeal is dismissed. Application for costs 2. An application for costs was made by Mr Wajid Hussain against Buckinghamshire Council and thi
6012937	2026-09-11	Commercial planning (CAS)	Dismissed	Nottingham City Council	HE1	Y		a change of front façade and replacement of windows
6012945	2026-09-28	Householder	Allowed	Council of the London Borough of Barnet		Y		
6012953	2026-09-29	Commercial advertisement	Dismissed	Council of the London Borough of Waltham Forest				the installation of a proposed new Global street hub. Appeal B Ref: 6012953 Land outside 6 – 10 Central Parade, London E17 4RT 
6012954	2026-09-29	Planning	Dismissed	Council of the London Borough of Waltham Forest				the installation of a proposed new Global street hub. Appeal B Ref: 6012953 Land outside 6 – 10 Central Parade, London E17 4RT 
6012981	2026-09-02	Householder	Allowed	East Hampshire District Council		Y		a front porch
6012983	2026-09-28	Householder	Dismissed	Walsall Metropolitan Borough Council	DP3(1) DP3(3) S4 S4(2)(c) DP3	Y		ground floor front extension, single storey rear extension, garage conversion and loft conversion with front and rear dormers
6012985	2026-09-23	Planning	Dismissed	Mid Devon District Council	DM6 S1 S3 S5 HO11 HO7	Y		permission in principle (PIP) for 1no. new dwelling at land at Morchard Bishop
6013018	2026-09-22	Householder	Allowed	Sevenoaks District Council		Y		erection of a first floor ‘pilotis’ side extension incorporating a catslide roof, with associated alterations including new fenestration and fence
6013026	2026-09-22	Householder	Allowed	Basingstoke and Deane Borough Council	L2 S4 DP3	Y	Y	for a rear dormer loft extension
6013030	2026-09-23	Householder	Allowed	Exeter City Council		Y		‘proposed single storey extension (retrospective)’
6013032	2026-09-25	Householder	Allowed	Council of the London Borough of Redbridge				to replace existing single storey rear conservatory to same footprint as existing with central area raised by 300mm. Relocated French doors
6013035	2026-10-01	Planning	Dismissed	Old Oak and Park Royal Development Corporation				a Change of Use from Class C3 (dwellinghouse) to Class C4 (House in Multiple Occupation). Appeal B Ref: 6013036 60 Newark Crescent, Ealing, NW10 7BA 
6013036	2026-10-01	Planning	Dismissed	Old Oak and Park Royal Development Corporation				a Change of Use from Class C3 (dwellinghouse) to Class C4 (House in Multiple Occupation). Appeal B Ref: 6013036 60 Newark Crescent, Ealing, NW10 7BA 
6013040	2026-09-03	Householder	Dismissed	Council of the London Borough of Richmond Upon Thames		Y		first floor front infill to house
6013042	2026-09-23	Householder	Dismissed	Somerset Council				‘raise roof of garage to create new room for home office use.’ Decision 1. The appeal is dismissed. Main Issue 2. The main issue is the effect of the proposed development on the character and appearance of the area. Reas
6013044	2026-09-03	Householder	Dismissed	Council of the London Borough of Richmond Upon Thames		Y		front first floor infill
6013064	2026-09-10	Householder	Allowed	Wirral Metropolitan Borough Council		Y		a ground floor single storey front infill extension and creation of first floor accommodation including pitched and flat roof extensions
6013075	2026-09-22	Householder	Dismissed	Council of the London Borough of Bromley		Y		demolition of garage and rear conservatory. Relocation of side door entrance to front elevation, canopy and raised steps. Two storey side extension. Part one/two storey rear extension and elevational alterations. Roof al
6013087	2026-09-29	Planning	Allowed	Chorley Borough Council	DP3 S3 S4 DM4	Y		change of use of a 2 bedroom dwelling to a 5 bedroom HMO (retrospective)
6013124	2026-09-29	Householder	Dismissed	Cheshire West and Chester Council	DM2	Y		
6013132	2026-09-14	Householder	Dismissed	Wokingham Borough Council		Y		for a front/side ground floor extension and a two story rear extension
6013133	2026-09-15	Householder	Dismissed	Horsham District Council		Y		the erection of a single storey front extension, a two-storey rear and side extension with a single storey infill rear extension
6013146	2026-09-30	Householder	Allowed	Buckinghamshire Council		Y		roof extensions and new and replacement side dormer windows
6013151	2026-09-28	Planning	Dismissed	Council of the London Borough of Bromley	HE5 HE6 HC1	Y		“single storey upwards extension to provide additional living accommodation and bedroom space for existing second floor apartments”
6013153	2026-09-24	Householder	Allowed	Oadby and Wigston Borough Council	DM6(1)	Y		described on the application form as ‘proposed two storey side and rear extension, including roof conversion’
6013211	2026-09-10	Householder	Dismissed	East Devon District Council		Y		described as proposed loft conversion including raised ridge, dormer window, cladding and alterations to fenestration
6013225	2026-09-10	Householder	Allowed	Teignbridge District Council	S2	Y		described as Balustrade and paving of existing flat roof for use as a balcony
6013227	2026-08-28	Householder	Dismissed	Calderdale Metropolitan Borough Council	DP3	Y		a new dormer extension to the western pitch of the roof
6013278	2026-09-15	Householder	Dismissed	Council of the London Borough of Ealing				formation of vehicle crossover; and installation of a dropped kerb
6013293	2026-09-02	Householder	Dismissed	Buckinghamshire Council		Y		Proposed loft conversion with rear facing dormer
6013302	2026-08-28	Householder	Allowed	Calderdale Metropolitan Borough Council	DP3	Y		an extension to the rear to form an additional bedroom and WC facility for the benefit of persons with disabilities (retrospective application)
6013309	2026-09-21	Householder	Dismissed	Birmingham City Council	DM2	Y		described as a ‘Erection of two storey side extensions, single storey side and rear extensions, raising the main roof ridge by 500mm to allow for new roof and loft conversion with dormer windows to rear and roof canopy t
6013310	2026-09-10	Householder	Dismissed	Wirral Metropolitan Borough Council	L2 S4	Y		a first storey side extension
6013317	2026-09-28	Householder	Allowed		S5 DP3	Y		proposed single storey extension to existing dwelling and provision for a new parking area
6013359	2026-09-28	Householder	Dismissed	Bristol City Council	DP3	Y		for the removal of existing garage, construction of 2-storey side extension and single-storey rear extension
6013375	2026-09-15	Commercial advertisement	Dismissed	Hyndburn Borough Council				
6013422	2026-09-30	Householder	Dismissed	Chorley Borough Council				the erection of 1.8m timber fencing alongside boundary of property (retrospective)
6013427	2026-09-14	Householder	Allowed	Runnymede Borough Council	DM6	Y		a first floor side extension
6013434	2026-09-17	Householder	Dismissed	Council of the London Borough of Wandsworth	HE9	Y		described as Alterations including excavation to extend existing basement floorspace including formation of front and rear lightwells; demolition and replacement of side extension at ground floor level; alterations to re
6013441	2026-09-15	Householder	Dismissed	Bournemouth Christchurch and Poole Council	HE2	Y		Alteration and extension of the house including single and two storey extensions (previous extensions to be demolished)
6013465	2026-09-24	Planning	Allowed	Council of the London Borough of Bromley				Change of use from Class E (Commercial, Business and Service) to Use Class C3 (Dwellinghouses) to form 2 no. 1 bed studio residential units under Class MA, Part 3, Schedule 2 of the Town and Country Planning (General Per
6013480	2026-09-14	Householder	Dismissed	Sevenoaks District Council	TR3 CO2	Y		a dropped kerb removing existing hedgerow and site works for vehicle access to property so that front garden can be paved and an electric charger point installed for parking for one car
6013483	2026-09-01	Householder	Dismissed	Council of the London Borough of Richmond Upon Thames		Y		replacement of an existing single storey attached double garage with a two-storey side extension with loft conversion
6013545	2026-09-22	Householder	Allowed	Basingstoke and Deane Borough Council	S4 HE4 HE6 HE9	Y	Y	for the installation of replacement uPVC windows
6013583	2026-09-16	Householder	Allowed	Babergh District Council	P1 N2	Y		two-storey extension to the rear of the property
6013586	2026-10-01	Planning	Dismissed	Northumberland County Council		Y		erection of single-storey retail unit with associated external works
6013634	2026-10-02	Planning	Allowed	Yorkshire Dales National Park Authority	DP3 E4 S5 E2	Y		infrastructure to support the market garden business at Killington New Bridge: erection of 14m x 8m agricultural barn for use as a packing shed, storage, rainwater harvesting and solar power generation (8 photovoltaic pa
6013635	2026-09-25	Householder	Dismissed	Rochdale Metropolitan Borough Council				
6013638	2026-09-24	Householder	Dismissed	Northumberland County Council		Y		described as “demolition of garage, two storey side extension and pitched roof to rear offshoot”
6013651	2026-09-30	Planning	Allowed	North Northamptonshire Council	S4 TR6 DP3 DM6 S3	Y		
6013673	2026-09-18	Householder	Dismissed	Chelmsford City Council				the construction of 2-storey Cart Lodge
6013695	2026-09-23	Planning	Dismissed	Exeter City Council	CO1	Y		erection of 1no. BT Street Hub and associated removal of existing BT payphones. Appeal Ref: 6013697 Pavement o/s Clarendon House, 3 Heavitree Road, Exeter EX1 2JW 
6013697	2026-09-23	Commercial advertisement	Dismissed	Exeter City Council	CO1	Y		erection of 1no. BT Street Hub and associated removal of existing BT payphones. Appeal Ref: 6013697 Pavement o/s Clarendon House, 3 Heavitree Road, Exeter EX1 2JW 
6013709	2026-09-23	Householder	Allowed	Buckinghamshire Council		Y		for a single storey rear extension (depth extending from the original rear wall of 8.00m, maximum height 2.90m, eaves height 2.50m)
6013769	2026-10-02	Planning	Dismissed	Oxford City Council	TC2 HE5 HE9 HE6 S3 S4	Y		change of use of basement and ground floor from use falling within Class E(a) of the Use Classes Order (as amended) to use for non-residential education (Use Class F1)
6013777	2026-09-25	Householder	Dismissed		DP3	Y		first floor side extension above garage. Partially demolish front boundary wall to create wide dropped kerb and new parking area
6013792	2026-09-25	Householder	Dismissed	Council of the London Borough of Bromley		Y		loft conversion with rear dormer and side roof window
6013802	2026-09-22	Householder	Dismissed	St	S4 DP3	Y	Y	for new electrically operated gates with brickwork piers and intermediate railings to site frontage
6013845	2026-09-29	Householder	Allowed	Trafford Council	DM6	Y		
6013846	2026-09-30	Householder	Allowed	Council of the London Borough of Hillingdon		Y		described in the application form as follows: “Erection of single storey rear extension, following the demolition of conservatory to dwellinghouse”
6013855	2026-09-10	Householder	Dismissed	Torbay Council		Y		described as a loft conversion with rear flat roof dormer and a single velux window to front
6013856	2026-09-17	Householder	Dismissed	North Yorkshire Council	DP3 S5(2)	Y		described as remodelling of property including formation of new hipped roof arrangement incorporating dormer windows to provide first floor accommodation; erection of balcony at rear with undercover canopy
6013877	2026-09-30	Householder	Dismissed		DP3 TR6	Y		proposed first floor front extension; first floor rear extension, changes to the roof, including a roof height increase to accommodate a loft conversion and rear dormer
6013951	2026-10-01	Householder	Allowed	Somerset Council	DM1 S4 DP3	Y		erection of a two-storey & single-storey extension to the rear (west) and associated works
6013978	2026-09-22	Householder	Allowed in part	Council of the London Borough of Croydon	DM10 HC1	Y		described on the application form as “replacement fenestration with historically appropriate fenestration comprising matching joinery design with slimline double glazing”
6014009	2026-09-25	Householder	Allowed	Council of The Royal Borough of Greenwich	DP3			the demolition of an existing side garage and rear extension and erection of a two storey side and rear extensions
6014022	2026-09-24	Householder	Allowed	Council of the London Borough of Lewisham	DM6	Y		construction of a front porch and single-storey front extension
6014028	2026-10-01	Householder	Dismissed	Manchester City Council	DP3	Y		
6014032	2026-09-25	Householder	Dismissed	Council of the London Borough of Waltham Forest				a single storey wraparound rear extension
6014124	2026-09-29	Householder	Allowed		DP3 S4 DM6	Y		proposed two-storey rear extension, demolition of outbuilding, and renovation of existing building
6014199	2026-09-30	Householder	Allowed	Crawley Borough Council	DM6	Y		for a single storey front extension
6014215	2026-09-22	Householder	Dismissed	Royal Borough of Windsor and Maidenhead Council	L2 S4 DP3	Y	Y	for single storey side/front extension, single storey side/rear extension, new front canopy, 1no front bay window, alterations to fenestration and 1no detached outbuilding
6014226	2026-09-23	Householder	Allowed		S5	Y		retention of a glazed balustrade to existing flat roof
6014250	2026-09-08	Householder	Dismissed	Calderdale Metropolitan Borough Council	GB7 GB6 DP3 HE5	Y		a single storey extension to the front
6014276	2026-09-10	Householder	Dismissed	East Devon District Council		Y		described as the erection of garage/store to front of property on north/west elevation
6014361	2026-10-01	Householder	Dismissed	Surrey Heath Borough Council	HE1 HE4 DM9	Y		the erection of a boundary fencing
6014560	2026-09-25	Commercial advertisement	Dismissed	Gedling Borough Council	DP3	Y		
6014625	2026-09-25	Planning	Dismissed	Reading Borough Council	DP3(1)	Y		rear elevation dormer extension and internal alterations
6014666	2026-09-30	Householder	Allowed	Chichester District Council	P2 DM6	Y		the addition of a rear dormer window facing the sea within the main roof
6014749	2026-10-01	Householder	Allowed	Swale Borough Council				the removal of the existing timber front entrance door and frame and replacement with new composite front entrance door and frame, colour to match existing
6014912	2026-09-23	Householder	Dismissed	North Somerset Council				‘erection of a double storey rear extension following the demolition of the existing single storey rear extension.’ Decision 1. The appeal is dismissed. Preliminary matters 2. The development description used above is ta
6014929	2026-09-30	Householder	Dismissed	Somerset Council	S5 N4 DP3 N2	Y		restoration and enhancement of the original cottage, revised two- storey side extension, external material alterations across the site
6014952	2026-09-23	Planning	Allowed	West Devon Borough Council	S5 E2 E4 TR3	Y		
6015003	2026-10-01	Householder	Dismissed	Council of the London Borough of Harrow		Y		a front, side and rear ground floor extension, and a first floor extension and loft conversion
6015017	2026-09-24	Planning	Allowed	Exeter City Council	DP3	Y		described as “demolition of existing single-storey extension, erection of linked, single-storey, dependant relative's annexe”
6015083	2026-09-25	Householder	Dismissed	Trafford Metropolitan Borough Council				demolition of existing garage and erection of detached garage. Erection of two storey side extension
6015634	2026-09-03	Planning	Allowed					
